2026-08-11 16:27:09.283 INFO  [main] StorageManager - loaded 0 table(s)
2026-08-11 16:27:09.824 INFO  [main] MiniDbServer - MiniDB server bound to port 0
2026-08-11 16:27:10.319 INFO  [nioEventLoopGroup-3-1] SessionHandler - query ok: 0 rows affected in 264 ms
2026-08-11 16:27:11.634 INFO  [nioEventLoopGroup-3-1] SessionHandler - query ok: 3 rows affected in 1274 ms
2026-08-11 16:27:11.726 INFO  [nioEventLoopGroup-3-1] SessionHandler - query ok: 1 rows returned in 91 ms
2026-08-11 16:27:11.828 INFO  [main] MiniDbServer - MiniDB server closed
2026-08-11 16:27:11.838 INFO  [main] StorageManager - flushed table t
2026-08-11 16:27:11.852 INFO  [main] StorageManager - loaded 0 table(s)
2026-08-11 16:27:11.894 INFO  [main] MiniDbServer - MiniDB server bound to port 0
2026-08-11 16:27:11.903 INFO  [nioEventLoopGroup-6-1] SessionHandler - query ok: 0 rows affected in 0 ms
2026-08-11 16:27:11.912 INFO  [nioEventLoopGroup-6-1] SessionHandler - query ok: 2 rows affected in 7 ms
2026-08-11 16:27:11.918 INFO  [nioEventLoopGroup-6-1] SessionHandler - query ok: 1 rows returned in 5 ms
2026-08-11 16:27:11.923 INFO  [main] MiniDbServer - MiniDB server closed
2026-08-11 16:27:11.927 INFO  [main] StorageManager - flushed table t
2026-08-11 16:27:11.930 INFO  [main] StorageManager - loaded 0 table(s)
2026-08-11 16:27:11.962 INFO  [main] MiniDbServer - MiniDB server bound to port 0
2026-08-11 16:27:11.972 INFO  [nioEventLoopGroup-9-1] SessionHandler - query ok: 0 rows affected in 0 ms
2026-08-11 16:27:11.978 INFO  [nioEventLoopGroup-9-1] SessionHandler - query ok: 1 rows returned in 5 ms
2026-08-11 16:27:11.987 INFO  [nioEventLoopGroup-9-1] SessionHandler - query ok: 1 rows returned in 2 ms
2026-08-11 16:27:11.989 INFO  [main] MiniDbServer - MiniDB server closed
2026-08-11 16:27:11.993 INFO  [main] StorageManager - flushed table t
2026-08-11 16:27:36.321 INFO  [main] StorageManager - loaded 0 table(s)
2026-08-11 16:27:36.845 INFO  [main] MiniDbServer - MiniDB server bound to port 0
2026-08-11 16:27:37.207 INFO  [nioEventLoopGroup-3-1] SessionHandler - query ok: 0 rows affected in 259 ms
2026-08-11 16:27:38.397 INFO  [nioEventLoopGroup-3-1] SessionHandler - query ok: 4 rows affected in 1186 ms
2026-08-11 16:27:38.520 INFO  [nioEventLoopGroup-3-1] SessionHandler - query ok: 2 rows returned in 121 ms
2026-08-11 16:27:38.584 INFO  [nioEventLoopGroup-3-2] SessionHandler - query ok: 0 rows affected in 0 ms
2026-08-11 16:27:38.595 INFO  [nioEventLoopGroup-3-2] SessionHandler - query ok: 0 rows returned in 9 ms
2026-08-11 16:27:38.666 INFO  [nioEventLoopGroup-3-3] SessionHandler - query ok: 0 rows affected in 0 ms
2026-08-11 16:27:38.675 INFO  [nioEventLoopGroup-3-3] SessionHandler - query ok: 1 rows affected in 7 ms
2026-08-11 16:27:38.681 INFO  [nioEventLoopGroup-3-3] SessionHandler - query ok: 1 rows returned in 5 ms
2026-08-11 16:27:38.735 WARN  [nioEventLoopGroup-3-4] SessionHandler - query failed in 18 ms: SELECT * FROM does_not_exist
org.apache.calcite.runtime.CalciteContextException: From line 1, column 15 to line 1, column 28: Object 'does_not_exist' not found
	at java.base/jdk.internal.reflect.NativeConstructorAccessorImpl.newInstance0(Native Method) ~[?:?]
	at java.base/jdk.internal.reflect.NativeConstructorAccessorImpl.newInstance(NativeConstructorAccessorImpl.java:77) ~[?:?]
	at java.base/jdk.internal.reflect.DelegatingConstructorAccessorImpl.newInstance(DelegatingConstructorAccessorImpl.java:45) ~[?:?]
	at java.base/java.lang.reflect.Constructor.newInstanceWithCaller(Constructor.java:500) ~[?:?]
	at java.base/java.lang.reflect.Constructor.newInstance(Constructor.java:481) ~[?:?]
	at org.apache.calcite.runtime.Resources$ExInstWithCause.ex(Resources.java:511) ~[calcite-core-1.42.0.jar:1.42.0]
	at org.apache.calcite.sql.SqlUtil.newContextException(SqlUtil.java:960) ~[calcite-core-1.42.0.jar:1.42.0]
	at org.apache.calcite.sql.SqlUtil.newContextException(SqlUtil.java:945) ~[calcite-core-1.42.0.jar:1.42.0]
	at org.apache.calcite.sql.validate.SqlValidatorImpl.newValidationError(SqlValidatorImpl.java:6376) ~[calcite-core-1.42.0.jar:1.42.0]
	at org.apache.calcite.sql.validate.IdentifierNamespace.resolveImpl(IdentifierNamespace.java:184) ~[calcite-core-1.42.0.jar:1.42.0]
	at org.apache.calcite.sql.validate.IdentifierNamespace.validateImpl(IdentifierNamespace.java:189) ~[calcite-core-1.42.0.jar:1.42.0]
	at org.apache.calcite.sql.validate.AbstractNamespace.validate(AbstractNamespace.java:96) ~[calcite-core-1.42.0.jar:1.42.0]
	at org.apache.calcite.sql.validate.SqlValidatorImpl.validateNamespace(SqlValidatorImpl.java:1491) ~[calcite-core-1.42.0.jar:1.42.0]
	at org.apache.calcite.sql.validate.SqlValidatorImpl.validateQuery(SqlValidatorImpl.java:1462) ~[calcite-core-1.42.0.jar:1.42.0]
	at org.apache.calcite.sql.validate.SqlValidatorImpl.validateFrom(SqlValidatorImpl.java:3924) ~[calcite-core-1.42.0.jar:1.42.0]
	at org.apache.calcite.sql.validate.SqlValidatorImpl.validateFrom(SqlValidatorImpl.java:3903) ~[calcite-core-1.42.0.jar:1.42.0]
	at org.apache.calcite.sql.validate.SqlValidatorImpl.validateSelect(SqlValidatorImpl.java:4437) ~[calcite-core-1.42.0.jar:1.42.0]
	at org.apache.calcite.sql.validate.SelectNamespace.validateImpl(SelectNamespace.java:62) ~[calcite-core-1.42.0.jar:1.42.0]
	at org.apache.calcite.sql.validate.AbstractNamespace.validate(AbstractNamespace.java:96) ~[calcite-core-1.42.0.jar:1.42.0]
	at org.apache.calcite.sql.validate.SqlValidatorImpl.validateNamespace(SqlValidatorImpl.java:1491) ~[calcite-core-1.42.0.jar:1.42.0]
	at org.apache.calcite.sql.validate.SqlValidatorImpl.validateQuery(SqlValidatorImpl.java:1462) ~[calcite-core-1.42.0.jar:1.42.0]
	at org.apache.calcite.sql.SqlSelect.validate(SqlSelect.java:292) ~[calcite-core-1.42.0.jar:1.42.0]
	at org.apache.calcite.sql.validate.SqlValidatorImpl.validateScopedExpression(SqlValidatorImpl.java:1428) ~[calcite-core-1.42.0.jar:1.42.0]
	at org.apache.calcite.sql.validate.SqlValidatorImpl.validate(SqlValidatorImpl.java:1134) ~[calcite-core-1.42.0.jar:1.42.0]
	at com.minidb.server.calcite.CalciteContext.planInCluster(CalciteContext.java:76) ~[classes/:?]
	at com.minidb.server.plan.Planner.plan(Planner.java:32) ~[classes/:?]
	at com.minidb.server.exec.QueryExecutor.executeInner(QueryExecutor.java:115) ~[classes/:?]
	at com.minidb.server.exec.QueryExecutor.execute(QueryExecutor.java:71) ~[classes/:?]
	at com.minidb.server.netty.SessionHandler.handleExecute(SessionHandler.java:41) [classes/:?]
	at com.minidb.server.netty.SessionHandler.channelRead0(SessionHandler.java:31) [classes/:?]
	at com.minidb.server.netty.SessionHandler.channelRead0(SessionHandler.java:16) [classes/:?]
	at io.netty.channel.SimpleChannelInboundHandler.channelRead(SimpleChannelInboundHandler.java:99) [netty-transport-4.1.137.Final.jar:4.1.137.Final]
	at io.netty.channel.AbstractChannelHandlerContext.invokeChannelRead(AbstractChannelHandlerContext.java:444) [netty-transport-4.1.137.Final.jar:4.1.137.Final]
	at io.netty.channel.AbstractChannelHandlerContext.invokeChannelRead(AbstractChannelHandlerContext.java:420) [netty-transport-4.1.137.Final.jar:4.1.137.Final]
	at io.netty.channel.AbstractChannelHandlerContext.fireChannelRead(AbstractChannelHandlerContext.java:412) [netty-transport-4.1.137.Final.jar:4.1.137.Final]
	at io.netty.handler.codec.ByteToMessageDecoder.fireChannelRead(ByteToMessageDecoder.java:361) [netty-codec-4.1.137.Final.jar:4.1.137.Final]
	at io.netty.handler.codec.ByteToMessageDecoder.channelRead(ByteToMessageDecoder.java:325) [netty-codec-4.1.137.Final.jar:4.1.137.Final]
	at io.netty.channel.AbstractChannelHandlerContext.invokeChannelRead(AbstractChannelHandlerContext.java:444) [netty-transport-4.1.137.Final.jar:4.1.137.Final]
	at io.netty.channel.AbstractChannelHandlerContext.invokeChannelRead(AbstractChannelHandlerContext.java:420) [netty-transport-4.1.137.Final.jar:4.1.137.Final]
	at io.netty.channel.AbstractChannelHandlerContext.fireChannelRead(AbstractChannelHandlerContext.java:412) [netty-transport-4.1.137.Final.jar:4.1.137.Final]
	at io.netty.channel.DefaultChannelPipeline$HeadContext.channelRead(DefaultChannelPipeline.java:1357) [netty-transport-4.1.137.Final.jar:4.1.137.Final]
	at io.netty.channel.AbstractChannelHandlerContext.invokeChannelRead(AbstractChannelHandlerContext.java:440) [netty-transport-4.1.137.Final.jar:4.1.137.Final]
	at io.netty.channel.AbstractChannelHandlerContext.invokeChannelRead(AbstractChannelHandlerContext.java:420) [netty-transport-4.1.137.Final.jar:4.1.137.Final]
	at io.netty.channel.DefaultChannelPipeline.fireChannelRead(DefaultChannelPipeline.java:868) [netty-transport-4.1.137.Final.jar:4.1.137.Final]
	at io.netty.channel.nio.AbstractNioByteChannel$NioByteUnsafe.read(AbstractNioByteChannel.java:171) [netty-transport-4.1.137.Final.jar:4.1.137.Final]
	at io.netty.channel.nio.NioEventLoop.processSelectedKey(NioEventLoop.java:796) [netty-transport-4.1.137.Final.jar:4.1.137.Final]
	at io.netty.channel.nio.NioEventLoop.processSelectedKeysOptimized(NioEventLoop.java:732) [netty-transport-4.1.137.Final.jar:4.1.137.Final]
	at io.netty.channel.nio.NioEventLoop.processSelectedKeys(NioEventLoop.java:658) [netty-transport-4.1.137.Final.jar:4.1.137.Final]
	at io.netty.channel.nio.NioEventLoop.run(NioEventLoop.java:562) [netty-transport-4.1.137.Final.jar:4.1.137.Final]
	at io.netty.util.concurrent.SingleThreadEventExecutor$4.run(SingleThreadEventExecutor.java:1007) [netty-common-4.1.137.Final.jar:4.1.137.Final]
	at io.netty.util.internal.ThreadExecutorMap$2.run(ThreadExecutorMap.java:74) [netty-common-4.1.137.Final.jar:4.1.137.Final]
	at io.netty.util.concurrent.FastThreadLocalRunnable.run(FastThreadLocalRunnable.java:30) [netty-common-4.1.137.Final.jar:4.1.137.Final]
	at java.base/java.lang.Thread.run(Thread.java:840) [?:?]
Caused by: org.apache.calcite.sql.validate.SqlValidatorException: Object 'does_not_exist' not found
	at java.base/jdk.internal.reflect.NativeConstructorAccessorImpl.newInstance0(Native Method) ~[?:?]
	at java.base/jdk.internal.reflect.NativeConstructorAccessorImpl.newInstance(NativeConstructorAccessorImpl.java:77) ~[?:?]
	at java.base/jdk.internal.reflect.DelegatingConstructorAccessorImpl.newInstance(DelegatingConstructorAccessorImpl.java:45) ~[?:?]
	at java.base/java.lang.reflect.Constructor.newInstanceWithCaller(Constructor.java:500) ~[?:?]
	at java.base/java.lang.reflect.Constructor.newInstance(Constructor.java:481) ~[?:?]
	at org.apache.calcite.runtime.Resources$ExInstWithCause.ex(Resources.java:511) ~[calcite-core-1.42.0.jar:1.42.0]
	at org.apache.calcite.runtime.Resources$ExInst.ex(Resources.java:605) ~[calcite-core-1.42.0.jar:1.42.0]
	... 47 more
2026-08-11 16:27:38.766 INFO  [nioEventLoopGroup-3-5] SessionHandler - query ok: 0 rows affected in 0 ms
2026-08-11 16:27:38.785 INFO  [nioEventLoopGroup-3-5] SessionHandler - query ok: 2 rows affected in 16 ms
2026-08-11 16:27:38.795 INFO  [nioEventLoopGroup-3-5] SessionHandler - query ok: 2 rows returned in 8 ms
2026-08-11 16:27:38.802 INFO  [main] MiniDbServer - MiniDB server closed
2026-08-11 16:27:38.817 INFO  [main] StorageManager - flushed table t
2026-08-11 16:27:38.819 INFO  [main] StorageManager - flushed table w
2026-08-11 16:27:38.824 INFO  [main] StorageManager - flushed table n
2026-08-11 16:27:38.831 INFO  [main] StorageManager - loaded 0 table(s)
2026-08-11 16:27:38.865 INFO  [main] MiniDbServer - MiniDB server bound to port 0
2026-08-11 16:27:38.873 INFO  [nioEventLoopGroup-10-1] SessionHandler - query ok: 0 rows affected in 0 ms
2026-08-11 16:27:38.879 INFO  [nioEventLoopGroup-10-1] SessionHandler - query ok: 3 rows affected in 4 ms
2026-08-11 16:27:38.880 INFO  [nioEventLoopGroup-10-1] SessionHandler - query ok: 0 rows affected in 0 ms
2026-08-11 16:27:38.884 INFO  [nioEventLoopGroup-10-1] SessionHandler - query ok: 2 rows affected in 4 ms
2026-08-11 16:27:38.893 INFO  [nioEventLoopGroup-10-1] SessionHandler - query ok: 3 rows returned in 5 ms
2026-08-11 16:27:38.898 INFO  [nioEventLoopGroup-10-1] SessionHandler - query ok: 2 rows returned in 4 ms
2026-08-11 16:27:38.903 INFO  [nioEventLoopGroup-10-1] SessionHandler - query ok: 3 rows returned in 3 ms
2026-08-11 16:27:38.908 INFO  [nioEventLoopGroup-10-1] SessionHandler - query ok: 2 rows returned in 4 ms
2026-08-11 16:27:38.912 INFO  [nioEventLoopGroup-10-1] SessionHandler - query ok: 3 rows returned in 4 ms
2026-08-11 16:27:38.918 INFO  [nioEventLoopGroup-10-1] SessionHandler - query ok: 2 rows returned in 4 ms
2026-08-11 16:27:38.923 INFO  [nioEventLoopGroup-10-1] SessionHandler - query ok: 3 rows returned in 4 ms
2026-08-11 16:27:38.927 INFO  [nioEventLoopGroup-10-1] SessionHandler - query ok: 2 rows returned in 4 ms
2026-08-11 16:27:38.929 INFO  [main] MiniDbServer - MiniDB server closed
2026-08-11 16:27:38.932 INFO  [main] StorageManager - flushed table a
2026-08-11 16:27:38.934 INFO  [main] StorageManager - flushed table b
2026-08-11 16:27:38.937 INFO  [main] StorageManager - loaded 0 table(s)
2026-08-11 16:27:38.971 INFO  [main] MiniDbServer - MiniDB server bound to port 0
2026-08-11 16:27:38.981 INFO  [main] MiniDbServer - MiniDB server closed
2026-08-11 16:27:38.988 INFO  [main] StorageManager - loaded 0 table(s)
2026-08-11 16:27:39.027 INFO  [main] MiniDbServer - MiniDB server bound to port 0
2026-08-11 16:27:39.034 INFO  [main] MiniDbServer - MiniDB server closed
2026-08-11 16:27:39.045 INFO  [main] StorageManager - loaded 0 table(s)
2026-08-11 16:27:39.080 INFO  [main] MiniDbServer - MiniDB server bound to port 0
2026-08-11 16:27:39.086 INFO  [nioEventLoopGroup-19-1] SessionHandler - query ok: 0 rows affected in 0 ms
2026-08-11 16:27:39.095 INFO  [nioEventLoopGroup-19-1] SessionHandler - query ok: 3 rows affected in 7 ms
2026-08-11 16:27:39.101 INFO  [nioEventLoopGroup-19-1] SessionHandler - query ok: 1 rows returned in 5 ms
2026-08-11 16:27:39.105 INFO  [main] MiniDbServer - MiniDB server closed
2026-08-11 16:27:39.115 INFO  [main] StorageManager - flushed table t
2026-08-11 16:27:39.118 INFO  [main] StorageManager - loaded 0 table(s)
2026-08-11 16:27:39.152 INFO  [main] MiniDbServer - MiniDB server bound to port 0
2026-08-11 16:27:39.159 INFO  [nioEventLoopGroup-22-1] SessionHandler - query ok: 0 rows affected in 0 ms
2026-08-11 16:27:39.165 INFO  [nioEventLoopGroup-22-1] SessionHandler - query ok: 2 rows affected in 5 ms
2026-08-11 16:27:39.169 INFO  [nioEventLoopGroup-22-1] SessionHandler - query ok: 1 rows returned in 3 ms
2026-08-11 16:27:39.173 INFO  [main] MiniDbServer - MiniDB server closed
2026-08-11 16:27:39.178 INFO  [main] StorageManager - flushed table t
2026-08-11 16:27:39.180 INFO  [main] StorageManager - loaded 0 table(s)
2026-08-11 16:27:39.215 INFO  [main] MiniDbServer - MiniDB server bound to port 0
2026-08-11 16:27:39.221 INFO  [nioEventLoopGroup-25-1] SessionHandler - query ok: 0 rows affected in 0 ms
2026-08-11 16:27:39.229 INFO  [nioEventLoopGroup-25-1] SessionHandler - query ok: 1 rows returned in 5 ms
2026-08-11 16:27:39.234 INFO  [nioEventLoopGroup-25-1] SessionHandler - query ok: 1 rows returned in 2 ms
2026-08-11 16:27:39.235 INFO  [main] MiniDbServer - MiniDB server closed
2026-08-11 16:27:39.242 INFO  [main] StorageManager - flushed table t
2026-08-11 16:27:39.248 INFO  [main] StorageManager - loaded 0 table(s)
2026-08-11 16:27:39.304 INFO  [main] MiniDbServer - MiniDB server bound to port 0
2026-08-11 16:27:39.315 INFO  [nioEventLoopGroup-28-1] SessionHandler - query ok: 0 rows affected in 0 ms
2026-08-11 16:27:39.322 INFO  [nioEventLoopGroup-28-1] SessionHandler - query ok: 1 rows affected in 5 ms
2026-08-11 16:27:39.323 INFO  [main] MiniDbServer - MiniDB server closed
2026-08-11 16:27:39.327 INFO  [main] StorageManager - flushed table keep
2026-08-11 16:27:39.333 INFO  [main] StorageManager - loaded 1 table(s)
2026-08-11 16:27:39.384 INFO  [main] MiniDbServer - MiniDB server bound to port 0
2026-08-11 16:27:39.398 INFO  [nioEventLoopGroup-31-1] SessionHandler - query ok: 1 rows returned in 4 ms
2026-08-11 16:27:39.400 INFO  [main] MiniDbServer - MiniDB server closed
2026-08-11 16:28:26.484 INFO  [main] StorageManager - loaded 0 table(s)
2026-08-11 16:28:27.011 INFO  [main] MiniDbServer - MiniDB server bound to port 0
2026-08-11 16:28:27.369 INFO  [nioEventLoopGroup-3-1] SessionHandler - query ok: 0 rows affected in 262 ms
2026-08-11 16:28:28.632 INFO  [nioEventLoopGroup-3-1] SessionHandler - query ok: 4 rows affected in 1258 ms
2026-08-11 16:28:28.768 INFO  [nioEventLoopGroup-3-1] SessionHandler - query ok: 2 rows returned in 134 ms
2026-08-11 16:28:28.831 INFO  [nioEventLoopGroup-3-2] SessionHandler - query ok: 0 rows affected in 0 ms
2026-08-11 16:28:28.844 INFO  [nioEventLoopGroup-3-2] SessionHandler - query ok: 0 rows returned in 10 ms
2026-08-11 16:28:28.858 INFO  [nioEventLoopGroup-3-3] SessionHandler - query ok: 0 rows affected in 0 ms
2026-08-11 16:28:28.866 INFO  [nioEventLoopGroup-3-3] SessionHandler - query ok: 1 rows affected in 6 ms
2026-08-11 16:28:28.871 INFO  [nioEventLoopGroup-3-3] SessionHandler - query ok: 1 rows returned in 4 ms
2026-08-11 16:28:28.907 WARN  [nioEventLoopGroup-3-4] SessionHandler - query failed in 20 ms: SELECT * FROM does_not_exist
org.apache.calcite.runtime.CalciteContextException: From line 1, column 15 to line 1, column 28: Object 'does_not_exist' not found
	at java.base/jdk.internal.reflect.NativeConstructorAccessorImpl.newInstance0(Native Method) ~[?:?]
	at java.base/jdk.internal.reflect.NativeConstructorAccessorImpl.newInstance(NativeConstructorAccessorImpl.java:77) ~[?:?]
	at java.base/jdk.internal.reflect.DelegatingConstructorAccessorImpl.newInstance(DelegatingConstructorAccessorImpl.java:45) ~[?:?]
	at java.base/java.lang.reflect.Constructor.newInstanceWithCaller(Constructor.java:500) ~[?:?]
	at java.base/java.lang.reflect.Constructor.newInstance(Constructor.java:481) ~[?:?]
	at org.apache.calcite.runtime.Resources$ExInstWithCause.ex(Resources.java:511) ~[calcite-core-1.42.0.jar:1.42.0]
	at org.apache.calcite.sql.SqlUtil.newContextException(SqlUtil.java:960) ~[calcite-core-1.42.0.jar:1.42.0]
	at org.apache.calcite.sql.SqlUtil.newContextException(SqlUtil.java:945) ~[calcite-core-1.42.0.jar:1.42.0]
	at org.apache.calcite.sql.validate.SqlValidatorImpl.newValidationError(SqlValidatorImpl.java:6376) ~[calcite-core-1.42.0.jar:1.42.0]
	at org.apache.calcite.sql.validate.IdentifierNamespace.resolveImpl(IdentifierNamespace.java:184) ~[calcite-core-1.42.0.jar:1.42.0]
	at org.apache.calcite.sql.validate.IdentifierNamespace.validateImpl(IdentifierNamespace.java:189) ~[calcite-core-1.42.0.jar:1.42.0]
	at org.apache.calcite.sql.validate.AbstractNamespace.validate(AbstractNamespace.java:96) ~[calcite-core-1.42.0.jar:1.42.0]
	at org.apache.calcite.sql.validate.SqlValidatorImpl.validateNamespace(SqlValidatorImpl.java:1491) ~[calcite-core-1.42.0.jar:1.42.0]
	at org.apache.calcite.sql.validate.SqlValidatorImpl.validateQuery(SqlValidatorImpl.java:1462) ~[calcite-core-1.42.0.jar:1.42.0]
	at org.apache.calcite.sql.validate.SqlValidatorImpl.validateFrom(SqlValidatorImpl.java:3924) ~[calcite-core-1.42.0.jar:1.42.0]
	at org.apache.calcite.sql.validate.SqlValidatorImpl.validateFrom(SqlValidatorImpl.java:3903) ~[calcite-core-1.42.0.jar:1.42.0]
	at org.apache.calcite.sql.validate.SqlValidatorImpl.validateSelect(SqlValidatorImpl.java:4437) ~[calcite-core-1.42.0.jar:1.42.0]
	at org.apache.calcite.sql.validate.SelectNamespace.validateImpl(SelectNamespace.java:62) ~[calcite-core-1.42.0.jar:1.42.0]
	at org.apache.calcite.sql.validate.AbstractNamespace.validate(AbstractNamespace.java:96) ~[calcite-core-1.42.0.jar:1.42.0]
	at org.apache.calcite.sql.validate.SqlValidatorImpl.validateNamespace(SqlValidatorImpl.java:1491) ~[calcite-core-1.42.0.jar:1.42.0]
	at org.apache.calcite.sql.validate.SqlValidatorImpl.validateQuery(SqlValidatorImpl.java:1462) ~[calcite-core-1.42.0.jar:1.42.0]
	at org.apache.calcite.sql.SqlSelect.validate(SqlSelect.java:292) ~[calcite-core-1.42.0.jar:1.42.0]
	at org.apache.calcite.sql.validate.SqlValidatorImpl.validateScopedExpression(SqlValidatorImpl.java:1428) ~[calcite-core-1.42.0.jar:1.42.0]
	at org.apache.calcite.sql.validate.SqlValidatorImpl.validate(SqlValidatorImpl.java:1134) ~[calcite-core-1.42.0.jar:1.42.0]
	at com.minidb.server.calcite.CalciteContext.planInCluster(CalciteContext.java:76) ~[classes/:?]
	at com.minidb.server.plan.Planner.plan(Planner.java:32) ~[classes/:?]
	at com.minidb.server.exec.QueryExecutor.executeInner(QueryExecutor.java:115) ~[classes/:?]
	at com.minidb.server.exec.QueryExecutor.execute(QueryExecutor.java:71) ~[classes/:?]
	at com.minidb.server.netty.SessionHandler.handleExecute(SessionHandler.java:41) [classes/:?]
	at com.minidb.server.netty.SessionHandler.channelRead0(SessionHandler.java:31) [classes/:?]
	at com.minidb.server.netty.SessionHandler.channelRead0(SessionHandler.java:16) [classes/:?]
	at io.netty.channel.SimpleChannelInboundHandler.channelRead(SimpleChannelInboundHandler.java:99) [netty-transport-4.1.137.Final.jar:4.1.137.Final]
	at io.netty.channel.AbstractChannelHandlerContext.invokeChannelRead(AbstractChannelHandlerContext.java:444) [netty-transport-4.1.137.Final.jar:4.1.137.Final]
	at io.netty.channel.AbstractChannelHandlerContext.invokeChannelRead(AbstractChannelHandlerContext.java:420) [netty-transport-4.1.137.Final.jar:4.1.137.Final]
	at io.netty.channel.AbstractChannelHandlerContext.fireChannelRead(AbstractChannelHandlerContext.java:412) [netty-transport-4.1.137.Final.jar:4.1.137.Final]
	at io.netty.handler.codec.ByteToMessageDecoder.fireChannelRead(ByteToMessageDecoder.java:361) [netty-codec-4.1.137.Final.jar:4.1.137.Final]
	at io.netty.handler.codec.ByteToMessageDecoder.channelRead(ByteToMessageDecoder.java:325) [netty-codec-4.1.137.Final.jar:4.1.137.Final]
	at io.netty.channel.AbstractChannelHandlerContext.invokeChannelRead(AbstractChannelHandlerContext.java:444) [netty-transport-4.1.137.Final.jar:4.1.137.Final]
	at io.netty.channel.AbstractChannelHandlerContext.invokeChannelRead(AbstractChannelHandlerContext.java:420) [netty-transport-4.1.137.Final.jar:4.1.137.Final]
	at io.netty.channel.AbstractChannelHandlerContext.fireChannelRead(AbstractChannelHandlerContext.java:412) [netty-transport-4.1.137.Final.jar:4.1.137.Final]
	at io.netty.channel.DefaultChannelPipeline$HeadContext.channelRead(DefaultChannelPipeline.java:1357) [netty-transport-4.1.137.Final.jar:4.1.137.Final]
	at io.netty.channel.AbstractChannelHandlerContext.invokeChannelRead(AbstractChannelHandlerContext.java:440) [netty-transport-4.1.137.Final.jar:4.1.137.Final]
	at io.netty.channel.AbstractChannelHandlerContext.invokeChannelRead(AbstractChannelHandlerContext.java:420) [netty-transport-4.1.137.Final.jar:4.1.137.Final]
	at io.netty.channel.DefaultChannelPipeline.fireChannelRead(DefaultChannelPipeline.java:868) [netty-transport-4.1.137.Final.jar:4.1.137.Final]
	at io.netty.channel.nio.AbstractNioByteChannel$NioByteUnsafe.read(AbstractNioByteChannel.java:171) [netty-transport-4.1.137.Final.jar:4.1.137.Final]
	at io.netty.channel.nio.NioEventLoop.processSelectedKey(NioEventLoop.java:796) [netty-transport-4.1.137.Final.jar:4.1.137.Final]
	at io.netty.channel.nio.NioEventLoop.processSelectedKeysOptimized(NioEventLoop.java:732) [netty-transport-4.1.137.Final.jar:4.1.137.Final]
	at io.netty.channel.nio.NioEventLoop.processSelectedKeys(NioEventLoop.java:658) [netty-transport-4.1.137.Final.jar:4.1.137.Final]
	at io.netty.channel.nio.NioEventLoop.run(NioEventLoop.java:562) [netty-transport-4.1.137.Final.jar:4.1.137.Final]
	at io.netty.util.concurrent.SingleThreadEventExecutor$4.run(SingleThreadEventExecutor.java:1007) [netty-common-4.1.137.Final.jar:4.1.137.Final]
	at io.netty.util.internal.ThreadExecutorMap$2.run(ThreadExecutorMap.java:74) [netty-common-4.1.137.Final.jar:4.1.137.Final]
	at io.netty.util.concurrent.FastThreadLocalRunnable.run(FastThreadLocalRunnable.java:30) [netty-common-4.1.137.Final.jar:4.1.137.Final]
	at java.base/java.lang.Thread.run(Thread.java:840) [?:?]
Caused by: org.apache.calcite.sql.validate.SqlValidatorException: Object 'does_not_exist' not found
	at java.base/jdk.internal.reflect.NativeConstructorAccessorImpl.newInstance0(Native Method) ~[?:?]
	at java.base/jdk.internal.reflect.NativeConstructorAccessorImpl.newInstance(NativeConstructorAccessorImpl.java:77) ~[?:?]
	at java.base/jdk.internal.reflect.DelegatingConstructorAccessorImpl.newInstance(DelegatingConstructorAccessorImpl.java:45) ~[?:?]
	at java.base/java.lang.reflect.Constructor.newInstanceWithCaller(Constructor.java:500) ~[?:?]
	at java.base/java.lang.reflect.Constructor.newInstance(Constructor.java:481) ~[?:?]
	at org.apache.calcite.runtime.Resources$ExInstWithCause.ex(Resources.java:511) ~[calcite-core-1.42.0.jar:1.42.0]
	at org.apache.calcite.runtime.Resources$ExInst.ex(Resources.java:605) ~[calcite-core-1.42.0.jar:1.42.0]
	... 47 more
2026-08-11 16:28:28.933 INFO  [nioEventLoopGroup-3-5] SessionHandler - query ok: 0 rows affected in 0 ms
2026-08-11 16:28:28.951 INFO  [nioEventLoopGroup-3-5] SessionHandler - query ok: 2 rows affected in 16 ms
2026-08-11 16:28:28.960 INFO  [nioEventLoopGroup-3-5] SessionHandler - query ok: 2 rows returned in 7 ms
2026-08-11 16:28:28.970 INFO  [main] MiniDbServer - MiniDB server closed
2026-08-11 16:28:28.980 INFO  [main] StorageManager - flushed table t
2026-08-11 16:28:28.986 INFO  [main] StorageManager - flushed table w
2026-08-11 16:28:28.988 INFO  [main] StorageManager - flushed table n
2026-08-11 16:28:28.997 INFO  [main] StorageManager - loaded 0 table(s)
2026-08-11 16:28:29.039 INFO  [main] MiniDbServer - MiniDB server bound to port 0
2026-08-11 16:28:29.046 INFO  [nioEventLoopGroup-10-1] SessionHandler - query ok: 0 rows affected in 0 ms
2026-08-11 16:28:29.052 INFO  [nioEventLoopGroup-10-1] SessionHandler - query ok: 3 rows affected in 4 ms
2026-08-11 16:28:29.053 INFO  [nioEventLoopGroup-10-1] SessionHandler - query ok: 0 rows affected in 0 ms
2026-08-11 16:28:29.057 INFO  [nioEventLoopGroup-10-1] SessionHandler - query ok: 2 rows affected in 3 ms
2026-08-11 16:28:29.066 INFO  [nioEventLoopGroup-10-1] SessionHandler - query ok: 3 rows returned in 4 ms
2026-08-11 16:28:29.071 INFO  [nioEventLoopGroup-10-1] SessionHandler - query ok: 2 rows returned in 4 ms
2026-08-11 16:28:29.076 INFO  [nioEventLoopGroup-10-1] SessionHandler - query ok: 3 rows returned in 4 ms
2026-08-11 16:28:29.081 INFO  [nioEventLoopGroup-10-1] SessionHandler - query ok: 2 rows returned in 4 ms
2026-08-11 16:28:29.088 INFO  [nioEventLoopGroup-10-1] SessionHandler - query ok: 3 rows returned in 6 ms
2026-08-11 16:28:29.094 INFO  [nioEventLoopGroup-10-1] SessionHandler - query ok: 2 rows returned in 4 ms
2026-08-11 16:28:29.099 INFO  [nioEventLoopGroup-10-1] SessionHandler - query ok: 3 rows returned in 5 ms
2026-08-11 16:28:29.104 INFO  [nioEventLoopGroup-10-1] SessionHandler - query ok: 2 rows returned in 3 ms
2026-08-11 16:28:29.105 INFO  [main] MiniDbServer - MiniDB server closed
2026-08-11 16:28:29.109 INFO  [main] StorageManager - flushed table a
2026-08-11 16:28:29.111 INFO  [main] StorageManager - flushed table b
2026-08-11 16:28:29.113 INFO  [main] StorageManager - loaded 0 table(s)
2026-08-11 16:28:29.148 INFO  [main] MiniDbServer - MiniDB server bound to port 0
2026-08-11 16:28:29.155 INFO  [main] MiniDbServer - MiniDB server closed
2026-08-11 16:28:29.162 INFO  [main] StorageManager - loaded 0 table(s)
2026-08-11 16:28:29.195 INFO  [main] MiniDbServer - MiniDB server bound to port 0
2026-08-11 16:28:29.203 INFO  [main] MiniDbServer - MiniDB server closed
2026-08-11 16:28:29.210 INFO  [main] StorageManager - loaded 0 table(s)
2026-08-11 16:28:29.243 INFO  [main] MiniDbServer - MiniDB server bound to port 0
2026-08-11 16:28:29.251 INFO  [nioEventLoopGroup-19-1] SessionHandler - query ok: 0 rows affected in 0 ms
2026-08-11 16:28:29.258 INFO  [nioEventLoopGroup-19-1] SessionHandler - query ok: 3 rows affected in 6 ms
2026-08-11 16:28:29.265 INFO  [nioEventLoopGroup-19-1] SessionHandler - query ok: 1 rows returned in 6 ms
2026-08-11 16:28:29.269 INFO  [main] MiniDbServer - MiniDB server closed
2026-08-11 16:28:29.278 INFO  [main] StorageManager - flushed table t
2026-08-11 16:28:29.281 INFO  [main] StorageManager - loaded 0 table(s)
2026-08-11 16:28:29.311 INFO  [main] MiniDbServer - MiniDB server bound to port 0
2026-08-11 16:28:29.316 INFO  [nioEventLoopGroup-22-1] SessionHandler - query ok: 0 rows affected in 0 ms
2026-08-11 16:28:29.323 INFO  [nioEventLoopGroup-22-1] SessionHandler - query ok: 2 rows affected in 5 ms
2026-08-11 16:28:29.328 INFO  [nioEventLoopGroup-22-1] SessionHandler - query ok: 1 rows returned in 4 ms
2026-08-11 16:28:29.330 INFO  [main] MiniDbServer - MiniDB server closed
2026-08-11 16:28:29.338 INFO  [main] StorageManager - flushed table t
2026-08-11 16:28:29.341 INFO  [main] StorageManager - loaded 0 table(s)
2026-08-11 16:28:29.371 INFO  [main] MiniDbServer - MiniDB server bound to port 0
2026-08-11 16:28:29.376 INFO  [nioEventLoopGroup-25-1] SessionHandler - query ok: 0 rows affected in 0 ms
2026-08-11 16:28:29.381 INFO  [nioEventLoopGroup-25-1] SessionHandler - query ok: 1 rows returned in 4 ms
2026-08-11 16:28:29.386 INFO  [nioEventLoopGroup-25-1] SessionHandler - query ok: 1 rows returned in 2 ms
2026-08-11 16:28:29.387 INFO  [main] MiniDbServer - MiniDB server closed
2026-08-11 16:28:29.391 INFO  [main] StorageManager - flushed table t
2026-08-11 16:28:29.395 INFO  [main] StorageManager - loaded 0 table(s)
2026-08-11 16:28:29.427 INFO  [main] MiniDbServer - MiniDB server bound to port 0
2026-08-11 16:28:29.434 INFO  [nioEventLoopGroup-28-1] SessionHandler - query ok: 0 rows affected in 0 ms
2026-08-11 16:28:29.439 INFO  [nioEventLoopGroup-28-1] SessionHandler - query ok: 1 rows affected in 3 ms
2026-08-11 16:28:29.439 INFO  [main] MiniDbServer - MiniDB server closed
2026-08-11 16:28:29.443 INFO  [main] StorageManager - flushed table keep
2026-08-11 16:28:29.446 INFO  [main] StorageManager - loaded 1 table(s)
2026-08-11 16:28:29.476 INFO  [main] MiniDbServer - MiniDB server bound to port 0
2026-08-11 16:28:29.485 INFO  [nioEventLoopGroup-31-1] SessionHandler - query ok: 1 rows returned in 3 ms
2026-08-11 16:28:29.487 INFO  [main] MiniDbServer - MiniDB server closed
2026-08-11 16:28:51.857 INFO  [main] StorageManager - loaded 0 table(s)
2026-08-11 16:28:52.390 INFO  [main] MiniDbServer - MiniDB server bound to port 0
2026-08-11 16:28:52.746 INFO  [nioEventLoopGroup-3-1] SessionHandler - query ok: 0 rows affected in 253 ms
2026-08-11 16:28:54.026 INFO  [nioEventLoopGroup-3-1] SessionHandler - query ok: 4 rows affected in 1276 ms
2026-08-11 16:28:54.169 INFO  [nioEventLoopGroup-3-1] SessionHandler - query ok: 2 rows returned in 141 ms
2026-08-11 16:28:54.239 INFO  [nioEventLoopGroup-3-2] SessionHandler - query ok: 0 rows affected in 0 ms
2026-08-11 16:28:54.262 INFO  [nioEventLoopGroup-3-2] SessionHandler - query ok: 0 rows returned in 19 ms
2026-08-11 16:28:54.278 INFO  [nioEventLoopGroup-3-3] SessionHandler - query ok: 0 rows affected in 0 ms
2026-08-11 16:28:54.289 INFO  [nioEventLoopGroup-3-3] SessionHandler - query ok: 1 rows affected in 8 ms
2026-08-11 16:28:54.296 INFO  [nioEventLoopGroup-3-3] SessionHandler - query ok: 1 rows returned in 5 ms
2026-08-11 16:28:54.336 WARN  [nioEventLoopGroup-3-4] SessionHandler - query failed in 20 ms: SELECT * FROM does_not_exist
org.apache.calcite.runtime.CalciteContextException: From line 1, column 15 to line 1, column 28: Object 'does_not_exist' not found
	at java.base/jdk.internal.reflect.NativeConstructorAccessorImpl.newInstance0(Native Method) ~[?:?]
	at java.base/jdk.internal.reflect.NativeConstructorAccessorImpl.newInstance(NativeConstructorAccessorImpl.java:77) ~[?:?]
	at java.base/jdk.internal.reflect.DelegatingConstructorAccessorImpl.newInstance(DelegatingConstructorAccessorImpl.java:45) ~[?:?]
	at java.base/java.lang.reflect.Constructor.newInstanceWithCaller(Constructor.java:500) ~[?:?]
	at java.base/java.lang.reflect.Constructor.newInstance(Constructor.java:481) ~[?:?]
	at org.apache.calcite.runtime.Resources$ExInstWithCause.ex(Resources.java:511) ~[calcite-core-1.42.0.jar:1.42.0]
	at org.apache.calcite.sql.SqlUtil.newContextException(SqlUtil.java:960) ~[calcite-core-1.42.0.jar:1.42.0]
	at org.apache.calcite.sql.SqlUtil.newContextException(SqlUtil.java:945) ~[calcite-core-1.42.0.jar:1.42.0]
	at org.apache.calcite.sql.validate.SqlValidatorImpl.newValidationError(SqlValidatorImpl.java:6376) ~[calcite-core-1.42.0.jar:1.42.0]
	at org.apache.calcite.sql.validate.IdentifierNamespace.resolveImpl(IdentifierNamespace.java:184) ~[calcite-core-1.42.0.jar:1.42.0]
	at org.apache.calcite.sql.validate.IdentifierNamespace.validateImpl(IdentifierNamespace.java:189) ~[calcite-core-1.42.0.jar:1.42.0]
	at org.apache.calcite.sql.validate.AbstractNamespace.validate(AbstractNamespace.java:96) ~[calcite-core-1.42.0.jar:1.42.0]
	at org.apache.calcite.sql.validate.SqlValidatorImpl.validateNamespace(SqlValidatorImpl.java:1491) ~[calcite-core-1.42.0.jar:1.42.0]
	at org.apache.calcite.sql.validate.SqlValidatorImpl.validateQuery(SqlValidatorImpl.java:1462) ~[calcite-core-1.42.0.jar:1.42.0]
	at org.apache.calcite.sql.validate.SqlValidatorImpl.validateFrom(SqlValidatorImpl.java:3924) ~[calcite-core-1.42.0.jar:1.42.0]
	at org.apache.calcite.sql.validate.SqlValidatorImpl.validateFrom(SqlValidatorImpl.java:3903) ~[calcite-core-1.42.0.jar:1.42.0]
	at org.apache.calcite.sql.validate.SqlValidatorImpl.validateSelect(SqlValidatorImpl.java:4437) ~[calcite-core-1.42.0.jar:1.42.0]
	at org.apache.calcite.sql.validate.SelectNamespace.validateImpl(SelectNamespace.java:62) ~[calcite-core-1.42.0.jar:1.42.0]
	at org.apache.calcite.sql.validate.AbstractNamespace.validate(AbstractNamespace.java:96) ~[calcite-core-1.42.0.jar:1.42.0]
	at org.apache.calcite.sql.validate.SqlValidatorImpl.validateNamespace(SqlValidatorImpl.java:1491) ~[calcite-core-1.42.0.jar:1.42.0]
	at org.apache.calcite.sql.validate.SqlValidatorImpl.validateQuery(SqlValidatorImpl.java:1462) ~[calcite-core-1.42.0.jar:1.42.0]
	at org.apache.calcite.sql.SqlSelect.validate(SqlSelect.java:292) ~[calcite-core-1.42.0.jar:1.42.0]
	at org.apache.calcite.sql.validate.SqlValidatorImpl.validateScopedExpression(SqlValidatorImpl.java:1428) ~[calcite-core-1.42.0.jar:1.42.0]
	at org.apache.calcite.sql.validate.SqlValidatorImpl.validate(SqlValidatorImpl.java:1134) ~[calcite-core-1.42.0.jar:1.42.0]
	at com.minidb.server.calcite.CalciteContext.planInCluster(CalciteContext.java:76) ~[classes/:?]
	at com.minidb.server.plan.Planner.plan(Planner.java:32) ~[classes/:?]
	at com.minidb.server.exec.QueryExecutor.executeInner(QueryExecutor.java:115) ~[classes/:?]
	at com.minidb.server.exec.QueryExecutor.execute(QueryExecutor.java:71) ~[classes/:?]
	at com.minidb.server.netty.SessionHandler.handleExecute(SessionHandler.java:41) [classes/:?]
	at com.minidb.server.netty.SessionHandler.channelRead0(SessionHandler.java:31) [classes/:?]
	at com.minidb.server.netty.SessionHandler.channelRead0(SessionHandler.java:16) [classes/:?]
	at io.netty.channel.SimpleChannelInboundHandler.channelRead(SimpleChannelInboundHandler.java:99) [netty-transport-4.1.137.Final.jar:4.1.137.Final]
	at io.netty.channel.AbstractChannelHandlerContext.invokeChannelRead(AbstractChannelHandlerContext.java:444) [netty-transport-4.1.137.Final.jar:4.1.137.Final]
	at io.netty.channel.AbstractChannelHandlerContext.invokeChannelRead(AbstractChannelHandlerContext.java:420) [netty-transport-4.1.137.Final.jar:4.1.137.Final]
	at io.netty.channel.AbstractChannelHandlerContext.fireChannelRead(AbstractChannelHandlerContext.java:412) [netty-transport-4.1.137.Final.jar:4.1.137.Final]
	at io.netty.handler.codec.ByteToMessageDecoder.fireChannelRead(ByteToMessageDecoder.java:361) [netty-codec-4.1.137.Final.jar:4.1.137.Final]
	at io.netty.handler.codec.ByteToMessageDecoder.channelRead(ByteToMessageDecoder.java:325) [netty-codec-4.1.137.Final.jar:4.1.137.Final]
	at io.netty.channel.AbstractChannelHandlerContext.invokeChannelRead(AbstractChannelHandlerContext.java:444) [netty-transport-4.1.137.Final.jar:4.1.137.Final]
	at io.netty.channel.AbstractChannelHandlerContext.invokeChannelRead(AbstractChannelHandlerContext.java:420) [netty-transport-4.1.137.Final.jar:4.1.137.Final]
	at io.netty.channel.AbstractChannelHandlerContext.fireChannelRead(AbstractChannelHandlerContext.java:412) [netty-transport-4.1.137.Final.jar:4.1.137.Final]
	at io.netty.channel.DefaultChannelPipeline$HeadContext.channelRead(DefaultChannelPipeline.java:1357) [netty-transport-4.1.137.Final.jar:4.1.137.Final]
	at io.netty.channel.AbstractChannelHandlerContext.invokeChannelRead(AbstractChannelHandlerContext.java:440) [netty-transport-4.1.137.Final.jar:4.1.137.Final]
	at io.netty.channel.AbstractChannelHandlerContext.invokeChannelRead(AbstractChannelHandlerContext.java:420) [netty-transport-4.1.137.Final.jar:4.1.137.Final]
	at io.netty.channel.DefaultChannelPipeline.fireChannelRead(DefaultChannelPipeline.java:868) [netty-transport-4.1.137.Final.jar:4.1.137.Final]
	at io.netty.channel.nio.AbstractNioByteChannel$NioByteUnsafe.read(AbstractNioByteChannel.java:171) [netty-transport-4.1.137.Final.jar:4.1.137.Final]
	at io.netty.channel.nio.NioEventLoop.processSelectedKey(NioEventLoop.java:796) [netty-transport-4.1.137.Final.jar:4.1.137.Final]
	at io.netty.channel.nio.NioEventLoop.processSelectedKeysOptimized(NioEventLoop.java:732) [netty-transport-4.1.137.Final.jar:4.1.137.Final]
	at io.netty.channel.nio.NioEventLoop.processSelectedKeys(NioEventLoop.java:658) [netty-transport-4.1.137.Final.jar:4.1.137.Final]
	at io.netty.channel.nio.NioEventLoop.run(NioEventLoop.java:562) [netty-transport-4.1.137.Final.jar:4.1.137.Final]
	at io.netty.util.concurrent.SingleThreadEventExecutor$4.run(SingleThreadEventExecutor.java:1007) [netty-common-4.1.137.Final.jar:4.1.137.Final]
	at io.netty.util.internal.ThreadExecutorMap$2.run(ThreadExecutorMap.java:74) [netty-common-4.1.137.Final.jar:4.1.137.Final]
	at io.netty.util.concurrent.FastThreadLocalRunnable.run(FastThreadLocalRunnable.java:30) [netty-common-4.1.137.Final.jar:4.1.137.Final]
	at java.base/java.lang.Thread.run(Thread.java:840) [?:?]
Caused by: org.apache.calcite.sql.validate.SqlValidatorException: Object 'does_not_exist' not found
	at java.base/jdk.internal.reflect.NativeConstructorAccessorImpl.newInstance0(Native Method) ~[?:?]
	at java.base/jdk.internal.reflect.NativeConstructorAccessorImpl.newInstance(NativeConstructorAccessorImpl.java:77) ~[?:?]
	at java.base/jdk.internal.reflect.DelegatingConstructorAccessorImpl.newInstance(DelegatingConstructorAccessorImpl.java:45) ~[?:?]
	at java.base/java.lang.reflect.Constructor.newInstanceWithCaller(Constructor.java:500) ~[?:?]
	at java.base/java.lang.reflect.Constructor.newInstance(Constructor.java:481) ~[?:?]
	at org.apache.calcite.runtime.Resources$ExInstWithCause.ex(Resources.java:511) ~[calcite-core-1.42.0.jar:1.42.0]
	at org.apache.calcite.runtime.Resources$ExInst.ex(Resources.java:605) ~[calcite-core-1.42.0.jar:1.42.0]
	... 47 more
2026-08-11 16:28:54.377 INFO  [nioEventLoopGroup-3-5] SessionHandler - query ok: 0 rows affected in 0 ms
2026-08-11 16:28:54.394 INFO  [nioEventLoopGroup-3-5] SessionHandler - query ok: 2 rows affected in 15 ms
2026-08-11 16:28:54.401 INFO  [nioEventLoopGroup-3-5] SessionHandler - query ok: 2 rows returned in 6 ms
2026-08-11 16:28:54.410 INFO  [main] MiniDbServer - MiniDB server closed
2026-08-11 16:28:54.422 INFO  [main] StorageManager - flushed table t
2026-08-11 16:28:54.424 INFO  [main] StorageManager - flushed table w
2026-08-11 16:28:54.427 INFO  [main] StorageManager - flushed table n
2026-08-11 16:28:54.433 INFO  [main] StorageManager - loaded 0 table(s)
2026-08-11 16:28:54.467 INFO  [main] MiniDbServer - MiniDB server bound to port 0
2026-08-11 16:28:54.476 INFO  [nioEventLoopGroup-10-1] SessionHandler - query ok: 0 rows affected in 0 ms
2026-08-11 16:28:54.481 INFO  [nioEventLoopGroup-10-1] SessionHandler - query ok: 3 rows affected in 3 ms
2026-08-11 16:28:54.482 INFO  [nioEventLoopGroup-10-1] SessionHandler - query ok: 0 rows affected in 0 ms
2026-08-11 16:28:54.487 INFO  [nioEventLoopGroup-10-1] SessionHandler - query ok: 2 rows affected in 3 ms
2026-08-11 16:28:54.494 INFO  [nioEventLoopGroup-10-1] SessionHandler - query ok: 3 rows returned in 4 ms
2026-08-11 16:28:54.500 INFO  [nioEventLoopGroup-10-1] SessionHandler - query ok: 2 rows returned in 4 ms
2026-08-11 16:28:54.505 INFO  [nioEventLoopGroup-10-1] SessionHandler - query ok: 3 rows returned in 4 ms
2026-08-11 16:28:54.510 INFO  [nioEventLoopGroup-10-1] SessionHandler - query ok: 2 rows returned in 3 ms
2026-08-11 16:28:54.515 INFO  [nioEventLoopGroup-10-1] SessionHandler - query ok: 3 rows returned in 5 ms
2026-08-11 16:28:54.521 INFO  [nioEventLoopGroup-10-1] SessionHandler - query ok: 2 rows returned in 4 ms
2026-08-11 16:28:54.525 INFO  [nioEventLoopGroup-10-1] SessionHandler - query ok: 3 rows returned in 3 ms
2026-08-11 16:28:54.529 INFO  [nioEventLoopGroup-10-1] SessionHandler - query ok: 2 rows returned in 3 ms
2026-08-11 16:28:54.531 INFO  [main] MiniDbServer - MiniDB server closed
2026-08-11 16:28:54.534 INFO  [main] StorageManager - flushed table a
2026-08-11 16:28:54.537 INFO  [main] StorageManager - flushed table b
2026-08-11 16:28:54.539 INFO  [main] StorageManager - loaded 0 table(s)
2026-08-11 16:28:54.568 INFO  [main] MiniDbServer - MiniDB server bound to port 0
2026-08-11 16:28:54.575 INFO  [main] MiniDbServer - MiniDB server closed
2026-08-11 16:28:54.581 INFO  [main] StorageManager - loaded 0 table(s)
2026-08-11 16:28:54.611 INFO  [main] MiniDbServer - MiniDB server bound to port 0
2026-08-11 16:28:54.616 INFO  [main] MiniDbServer - MiniDB server closed
2026-08-11 16:28:54.628 INFO  [main] StorageManager - loaded 0 table(s)
2026-08-11 16:28:54.661 INFO  [main] MiniDbServer - MiniDB server bound to port 0
2026-08-11 16:28:54.667 INFO  [nioEventLoopGroup-19-1] SessionHandler - query ok: 0 rows affected in 0 ms
2026-08-11 16:28:54.676 INFO  [nioEventLoopGroup-19-1] SessionHandler - query ok: 3 rows affected in 8 ms
2026-08-11 16:28:54.681 INFO  [nioEventLoopGroup-19-1] SessionHandler - query ok: 1 rows returned in 4 ms
2026-08-11 16:28:54.684 INFO  [main] MiniDbServer - MiniDB server closed
2026-08-11 16:28:54.689 INFO  [main] StorageManager - flushed table t
2026-08-11 16:28:54.691 INFO  [main] StorageManager - loaded 0 table(s)
2026-08-11 16:28:54.723 INFO  [main] MiniDbServer - MiniDB server bound to port 0
2026-08-11 16:28:54.728 INFO  [nioEventLoopGroup-22-1] SessionHandler - query ok: 0 rows affected in 0 ms
2026-08-11 16:28:54.735 INFO  [nioEventLoopGroup-22-1] SessionHandler - query ok: 2 rows affected in 5 ms
2026-08-11 16:28:54.742 INFO  [nioEventLoopGroup-22-1] SessionHandler - query ok: 1 rows returned in 5 ms
2026-08-11 16:28:54.744 INFO  [main] MiniDbServer - MiniDB server closed
2026-08-11 16:28:54.747 INFO  [main] StorageManager - flushed table t
2026-08-11 16:28:54.750 INFO  [main] StorageManager - loaded 0 table(s)
2026-08-11 16:28:54.780 INFO  [main] MiniDbServer - MiniDB server bound to port 0
2026-08-11 16:28:54.787 INFO  [nioEventLoopGroup-25-1] SessionHandler - query ok: 0 rows affected in 0 ms
2026-08-11 16:28:54.793 INFO  [nioEventLoopGroup-25-1] SessionHandler - query ok: 1 rows returned in 5 ms
2026-08-11 16:28:54.799 INFO  [nioEventLoopGroup-25-1] SessionHandler - query ok: 1 rows returned in 3 ms
2026-08-11 16:28:54.800 INFO  [main] MiniDbServer - MiniDB server closed
2026-08-11 16:28:54.809 INFO  [main] StorageManager - flushed table t
2026-08-11 16:28:54.814 INFO  [main] StorageManager - loaded 0 table(s)
2026-08-11 16:28:54.845 INFO  [main] MiniDbServer - MiniDB server bound to port 0
2026-08-11 16:28:54.851 INFO  [nioEventLoopGroup-28-1] SessionHandler - query ok: 0 rows affected in 0 ms
2026-08-11 16:28:54.856 INFO  [nioEventLoopGroup-28-1] SessionHandler - query ok: 1 rows affected in 3 ms
2026-08-11 16:28:54.856 INFO  [main] MiniDbServer - MiniDB server closed
2026-08-11 16:28:54.861 INFO  [main] StorageManager - flushed table keep
2026-08-11 16:28:54.864 INFO  [main] StorageManager - loaded 1 table(s)
2026-08-11 16:28:54.896 INFO  [main] MiniDbServer - MiniDB server bound to port 0
2026-08-11 16:28:54.910 INFO  [nioEventLoopGroup-31-1] SessionHandler - query ok: 1 rows returned in 5 ms
2026-08-11 16:28:54.911 INFO  [main] MiniDbServer - MiniDB server closed
2026-08-11 16:48:01.932 INFO  [main] StorageManager - loaded 0 table(s)
2026-08-11 16:48:02.561 INFO  [main] MiniDbServer - MiniDB server bound to port 0
2026-08-11 16:48:03.001 INFO  [nioEventLoopGroup-3-1] SessionHandler - query ok: 0 rows affected in 314 ms
2026-08-11 16:48:04.401 INFO  [nioEventLoopGroup-3-1] SessionHandler - query ok: 3 rows affected in 1395 ms
2026-08-11 16:48:04.411 WARN  [nioEventLoopGroup-3-1] SessionHandler - query failed in 8 ms: EXPLAIN ANALYZE SELECT id FROM t WHERE id > 1
java.lang.IllegalArgumentException: Encountered "ANALYZE" at line 1, column 9.
Was expecting:
    "PLAN" ...
    
	at com.minidb.server.calcite.CalciteContext.parse(CalciteContext.java:56) ~[classes/:?]
	at com.minidb.server.exec.QueryExecutor.execute(QueryExecutor.java:44) ~[classes/:?]
	at com.minidb.server.netty.SessionHandler.handleExecute(SessionHandler.java:41) [classes/:?]
	at com.minidb.server.netty.SessionHandler.channelRead0(SessionHandler.java:31) [classes/:?]
	at com.minidb.server.netty.SessionHandler.channelRead0(SessionHandler.java:16) [classes/:?]
	at io.netty.channel.SimpleChannelInboundHandler.channelRead(SimpleChannelInboundHandler.java:99) [netty-transport-4.1.137.Final.jar:4.1.137.Final]
	at io.netty.channel.AbstractChannelHandlerContext.invokeChannelRead(AbstractChannelHandlerContext.java:444) [netty-transport-4.1.137.Final.jar:4.1.137.Final]
	at io.netty.channel.AbstractChannelHandlerContext.invokeChannelRead(AbstractChannelHandlerContext.java:420) [netty-transport-4.1.137.Final.jar:4.1.137.Final]
	at io.netty.channel.AbstractChannelHandlerContext.fireChannelRead(AbstractChannelHandlerContext.java:412) [netty-transport-4.1.137.Final.jar:4.1.137.Final]
	at io.netty.handler.codec.ByteToMessageDecoder.fireChannelRead(ByteToMessageDecoder.java:361) [netty-codec-4.1.137.Final.jar:4.1.137.Final]
	at io.netty.handler.codec.ByteToMessageDecoder.channelRead(ByteToMessageDecoder.java:325) [netty-codec-4.1.137.Final.jar:4.1.137.Final]
	at io.netty.channel.AbstractChannelHandlerContext.invokeChannelRead(AbstractChannelHandlerContext.java:444) [netty-transport-4.1.137.Final.jar:4.1.137.Final]
	at io.netty.channel.AbstractChannelHandlerContext.invokeChannelRead(AbstractChannelHandlerContext.java:420) [netty-transport-4.1.137.Final.jar:4.1.137.Final]
	at io.netty.channel.AbstractChannelHandlerContext.fireChannelRead(AbstractChannelHandlerContext.java:412) [netty-transport-4.1.137.Final.jar:4.1.137.Final]
	at io.netty.channel.DefaultChannelPipeline$HeadContext.channelRead(DefaultChannelPipeline.java:1357) [netty-transport-4.1.137.Final.jar:4.1.137.Final]
	at io.netty.channel.AbstractChannelHandlerContext.invokeChannelRead(AbstractChannelHandlerContext.java:440) [netty-transport-4.1.137.Final.jar:4.1.137.Final]
	at io.netty.channel.AbstractChannelHandlerContext.invokeChannelRead(AbstractChannelHandlerContext.java:420) [netty-transport-4.1.137.Final.jar:4.1.137.Final]
	at io.netty.channel.DefaultChannelPipeline.fireChannelRead(DefaultChannelPipeline.java:868) [netty-transport-4.1.137.Final.jar:4.1.137.Final]
	at io.netty.channel.nio.AbstractNioByteChannel$NioByteUnsafe.read(AbstractNioByteChannel.java:171) [netty-transport-4.1.137.Final.jar:4.1.137.Final]
	at io.netty.channel.nio.NioEventLoop.processSelectedKey(NioEventLoop.java:796) [netty-transport-4.1.137.Final.jar:4.1.137.Final]
	at io.netty.channel.nio.NioEventLoop.processSelectedKeysOptimized(NioEventLoop.java:732) [netty-transport-4.1.137.Final.jar:4.1.137.Final]
	at io.netty.channel.nio.NioEventLoop.processSelectedKeys(NioEventLoop.java:658) [netty-transport-4.1.137.Final.jar:4.1.137.Final]
	at io.netty.channel.nio.NioEventLoop.run(NioEventLoop.java:562) [netty-transport-4.1.137.Final.jar:4.1.137.Final]
	at io.netty.util.concurrent.SingleThreadEventExecutor$4.run(SingleThreadEventExecutor.java:1007) [netty-common-4.1.137.Final.jar:4.1.137.Final]
	at io.netty.util.internal.ThreadExecutorMap$2.run(ThreadExecutorMap.java:74) [netty-common-4.1.137.Final.jar:4.1.137.Final]
	at io.netty.util.concurrent.FastThreadLocalRunnable.run(FastThreadLocalRunnable.java:30) [netty-common-4.1.137.Final.jar:4.1.137.Final]
	at java.base/java.lang.Thread.run(Thread.java:840) [?:?]
Caused by: org.apache.calcite.sql.parser.SqlParseException: Encountered "ANALYZE" at line 1, column 9.
Was expecting:
    "PLAN" ...
    
	at org.apache.calcite.sql.parser.ddl.SqlDdlParserImpl.convertException(SqlDdlParserImpl.java:438) ~[calcite-server-1.42.0.jar:1.42.0]
	at org.apache.calcite.sql.parser.ddl.SqlDdlParserImpl.normalizeException(SqlDdlParserImpl.java:184) ~[calcite-server-1.42.0.jar:1.42.0]
	at org.apache.calcite.sql.parser.SqlParser.handleException(SqlParser.java:159) ~[calcite-core-1.42.0.jar:1.42.0]
	at org.apache.calcite.sql.parser.SqlParser.parseQuery(SqlParser.java:174) ~[calcite-core-1.42.0.jar:1.42.0]
	at org.apache.calcite.sql.parser.SqlParser.parseStmt(SqlParser.java:199) ~[calcite-core-1.42.0.jar:1.42.0]
	at com.minidb.server.calcite.CalciteContext.parse(CalciteContext.java:54) ~[classes/:?]
	... 26 more
Caused by: org.apache.calcite.sql.parser.ddl.ParseException: Encountered "ANALYZE" at line 1, column 9.
Was expecting:
    "PLAN" ...
    
	at org.apache.calcite.sql.parser.ddl.SqlDdlParserImpl.generateParseException(SqlDdlParserImpl.java:36879) ~[calcite-server-1.42.0.jar:1.42.0]
	at org.apache.calcite.sql.parser.ddl.SqlDdlParserImpl.jj_consume_token(SqlDdlParserImpl.java:36687) ~[calcite-server-1.42.0.jar:1.42.0]
	at org.apache.calcite.sql.parser.ddl.SqlDdlParserImpl.SqlExplain(SqlDdlParserImpl.java:4423) ~[calcite-server-1.42.0.jar:1.42.0]
	at org.apache.calcite.sql.parser.ddl.SqlDdlParserImpl.SqlStmt(SqlDdlParserImpl.java:1242) ~[calcite-server-1.42.0.jar:1.42.0]
	at org.apache.calcite.sql.parser.ddl.SqlDdlParserImpl.SqlStmtEof(SqlDdlParserImpl.java:1279) ~[calcite-server-1.42.0.jar:1.42.0]
	at org.apache.calcite.sql.parser.ddl.SqlDdlParserImpl.parseSqlStmtEof(SqlDdlParserImpl.java:232) ~[calcite-server-1.42.0.jar:1.42.0]
	at org.apache.calcite.sql.parser.SqlParser.parseQuery(SqlParser.java:172) ~[calcite-core-1.42.0.jar:1.42.0]
	at org.apache.calcite.sql.parser.SqlParser.parseStmt(SqlParser.java:199) ~[calcite-core-1.42.0.jar:1.42.0]
	at com.minidb.server.calcite.CalciteContext.parse(CalciteContext.java:54) ~[classes/:?]
	... 26 more
2026-08-11 16:48:04.429 INFO  [main] MiniDbServer - MiniDB server closed
2026-08-11 16:48:04.462 INFO  [main] StorageManager - flushed table t
2026-08-11 16:48:04.479 INFO  [main] StorageManager - loaded 0 table(s)
2026-08-11 16:48:04.517 INFO  [main] MiniDbServer - MiniDB server bound to port 0
2026-08-11 16:48:04.527 INFO  [nioEventLoopGroup-6-1] SessionHandler - query ok: 0 rows affected in 0 ms
2026-08-11 16:48:04.536 INFO  [nioEventLoopGroup-6-1] SessionHandler - query ok: 2 rows affected in 7 ms
2026-08-11 16:48:04.537 WARN  [nioEventLoopGroup-6-1] SessionHandler - query failed in 0 ms: EXPLAIN SELECT name FROM t WHERE id > 1
java.lang.IllegalArgumentException: Encountered "SELECT" at line 1, column 9.
Was expecting:
    "PLAN" ...
    
	at com.minidb.server.calcite.CalciteContext.parse(CalciteContext.java:56) ~[classes/:?]
	at com.minidb.server.exec.QueryExecutor.execute(QueryExecutor.java:44) ~[classes/:?]
	at com.minidb.server.netty.SessionHandler.handleExecute(SessionHandler.java:41) [classes/:?]
	at com.minidb.server.netty.SessionHandler.channelRead0(SessionHandler.java:31) [classes/:?]
	at com.minidb.server.netty.SessionHandler.channelRead0(SessionHandler.java:16) [classes/:?]
	at io.netty.channel.SimpleChannelInboundHandler.channelRead(SimpleChannelInboundHandler.java:99) [netty-transport-4.1.137.Final.jar:4.1.137.Final]
	at io.netty.channel.AbstractChannelHandlerContext.invokeChannelRead(AbstractChannelHandlerContext.java:444) [netty-transport-4.1.137.Final.jar:4.1.137.Final]
	at io.netty.channel.AbstractChannelHandlerContext.invokeChannelRead(AbstractChannelHandlerContext.java:420) [netty-transport-4.1.137.Final.jar:4.1.137.Final]
	at io.netty.channel.AbstractChannelHandlerContext.fireChannelRead(AbstractChannelHandlerContext.java:412) [netty-transport-4.1.137.Final.jar:4.1.137.Final]
	at io.netty.handler.codec.ByteToMessageDecoder.fireChannelRead(ByteToMessageDecoder.java:361) [netty-codec-4.1.137.Final.jar:4.1.137.Final]
	at io.netty.handler.codec.ByteToMessageDecoder.channelRead(ByteToMessageDecoder.java:325) [netty-codec-4.1.137.Final.jar:4.1.137.Final]
	at io.netty.channel.AbstractChannelHandlerContext.invokeChannelRead(AbstractChannelHandlerContext.java:444) [netty-transport-4.1.137.Final.jar:4.1.137.Final]
	at io.netty.channel.AbstractChannelHandlerContext.invokeChannelRead(AbstractChannelHandlerContext.java:420) [netty-transport-4.1.137.Final.jar:4.1.137.Final]
	at io.netty.channel.AbstractChannelHandlerContext.fireChannelRead(AbstractChannelHandlerContext.java:412) [netty-transport-4.1.137.Final.jar:4.1.137.Final]
	at io.netty.channel.DefaultChannelPipeline$HeadContext.channelRead(DefaultChannelPipeline.java:1357) [netty-transport-4.1.137.Final.jar:4.1.137.Final]
	at io.netty.channel.AbstractChannelHandlerContext.invokeChannelRead(AbstractChannelHandlerContext.java:440) [netty-transport-4.1.137.Final.jar:4.1.137.Final]
	at io.netty.channel.AbstractChannelHandlerContext.invokeChannelRead(AbstractChannelHandlerContext.java:420) [netty-transport-4.1.137.Final.jar:4.1.137.Final]
	at io.netty.channel.DefaultChannelPipeline.fireChannelRead(DefaultChannelPipeline.java:868) [netty-transport-4.1.137.Final.jar:4.1.137.Final]
	at io.netty.channel.nio.AbstractNioByteChannel$NioByteUnsafe.read(AbstractNioByteChannel.java:171) [netty-transport-4.1.137.Final.jar:4.1.137.Final]
	at io.netty.channel.nio.NioEventLoop.processSelectedKey(NioEventLoop.java:796) [netty-transport-4.1.137.Final.jar:4.1.137.Final]
	at io.netty.channel.nio.NioEventLoop.processSelectedKeysOptimized(NioEventLoop.java:732) [netty-transport-4.1.137.Final.jar:4.1.137.Final]
	at io.netty.channel.nio.NioEventLoop.processSelectedKeys(NioEventLoop.java:658) [netty-transport-4.1.137.Final.jar:4.1.137.Final]
	at io.netty.channel.nio.NioEventLoop.run(NioEventLoop.java:562) [netty-transport-4.1.137.Final.jar:4.1.137.Final]
	at io.netty.util.concurrent.SingleThreadEventExecutor$4.run(SingleThreadEventExecutor.java:1007) [netty-common-4.1.137.Final.jar:4.1.137.Final]
	at io.netty.util.internal.ThreadExecutorMap$2.run(ThreadExecutorMap.java:74) [netty-common-4.1.137.Final.jar:4.1.137.Final]
	at io.netty.util.concurrent.FastThreadLocalRunnable.run(FastThreadLocalRunnable.java:30) [netty-common-4.1.137.Final.jar:4.1.137.Final]
	at java.base/java.lang.Thread.run(Thread.java:840) [?:?]
Caused by: org.apache.calcite.sql.parser.SqlParseException: Encountered "SELECT" at line 1, column 9.
Was expecting:
    "PLAN" ...
    
	at org.apache.calcite.sql.parser.ddl.SqlDdlParserImpl.convertException(SqlDdlParserImpl.java:438) ~[calcite-server-1.42.0.jar:1.42.0]
	at org.apache.calcite.sql.parser.ddl.SqlDdlParserImpl.normalizeException(SqlDdlParserImpl.java:184) ~[calcite-server-1.42.0.jar:1.42.0]
	at org.apache.calcite.sql.parser.SqlParser.handleException(SqlParser.java:159) ~[calcite-core-1.42.0.jar:1.42.0]
	at org.apache.calcite.sql.parser.SqlParser.parseQuery(SqlParser.java:174) ~[calcite-core-1.42.0.jar:1.42.0]
	at org.apache.calcite.sql.parser.SqlParser.parseStmt(SqlParser.java:199) ~[calcite-core-1.42.0.jar:1.42.0]
	at com.minidb.server.calcite.CalciteContext.parse(CalciteContext.java:54) ~[classes/:?]
	... 26 more
Caused by: org.apache.calcite.sql.parser.ddl.ParseException: Encountered "SELECT" at line 1, column 9.
Was expecting:
    "PLAN" ...
    
	at org.apache.calcite.sql.parser.ddl.SqlDdlParserImpl.generateParseException(SqlDdlParserImpl.java:36879) ~[calcite-server-1.42.0.jar:1.42.0]
	at org.apache.calcite.sql.parser.ddl.SqlDdlParserImpl.jj_consume_token(SqlDdlParserImpl.java:36687) ~[calcite-server-1.42.0.jar:1.42.0]
	at org.apache.calcite.sql.parser.ddl.SqlDdlParserImpl.SqlExplain(SqlDdlParserImpl.java:4423) ~[calcite-server-1.42.0.jar:1.42.0]
	at org.apache.calcite.sql.parser.ddl.SqlDdlParserImpl.SqlStmt(SqlDdlParserImpl.java:1242) ~[calcite-server-1.42.0.jar:1.42.0]
	at org.apache.calcite.sql.parser.ddl.SqlDdlParserImpl.SqlStmtEof(SqlDdlParserImpl.java:1279) ~[calcite-server-1.42.0.jar:1.42.0]
	at org.apache.calcite.sql.parser.ddl.SqlDdlParserImpl.parseSqlStmtEof(SqlDdlParserImpl.java:232) ~[calcite-server-1.42.0.jar:1.42.0]
	at org.apache.calcite.sql.parser.SqlParser.parseQuery(SqlParser.java:172) ~[calcite-core-1.42.0.jar:1.42.0]
	at org.apache.calcite.sql.parser.SqlParser.parseStmt(SqlParser.java:199) ~[calcite-core-1.42.0.jar:1.42.0]
	at com.minidb.server.calcite.CalciteContext.parse(CalciteContext.java:54) ~[classes/:?]
	... 26 more
2026-08-11 16:48:04.539 INFO  [main] MiniDbServer - MiniDB server closed
2026-08-11 16:48:04.544 INFO  [main] StorageManager - flushed table t
2026-08-11 16:48:04.547 INFO  [main] StorageManager - loaded 0 table(s)
2026-08-11 16:48:04.588 INFO  [main] MiniDbServer - MiniDB server bound to port 0
2026-08-11 16:48:04.595 INFO  [nioEventLoopGroup-9-1] SessionHandler - query ok: 0 rows affected in 0 ms
2026-08-11 16:48:04.596 WARN  [nioEventLoopGroup-9-1] SessionHandler - query failed in 0 ms: EXPLAIN ANALYZE INSERT INTO t VALUES (9, 'z')
java.lang.IllegalArgumentException: Encountered "ANALYZE" at line 1, column 9.
Was expecting:
    "PLAN" ...
    
	at com.minidb.server.calcite.CalciteContext.parse(CalciteContext.java:56) ~[classes/:?]
	at com.minidb.server.exec.QueryExecutor.execute(QueryExecutor.java:44) ~[classes/:?]
	at com.minidb.server.netty.SessionHandler.handleExecute(SessionHandler.java:41) [classes/:?]
	at com.minidb.server.netty.SessionHandler.channelRead0(SessionHandler.java:31) [classes/:?]
	at com.minidb.server.netty.SessionHandler.channelRead0(SessionHandler.java:16) [classes/:?]
	at io.netty.channel.SimpleChannelInboundHandler.channelRead(SimpleChannelInboundHandler.java:99) [netty-transport-4.1.137.Final.jar:4.1.137.Final]
	at io.netty.channel.AbstractChannelHandlerContext.invokeChannelRead(AbstractChannelHandlerContext.java:444) [netty-transport-4.1.137.Final.jar:4.1.137.Final]
	at io.netty.channel.AbstractChannelHandlerContext.invokeChannelRead(AbstractChannelHandlerContext.java:420) [netty-transport-4.1.137.Final.jar:4.1.137.Final]
	at io.netty.channel.AbstractChannelHandlerContext.fireChannelRead(AbstractChannelHandlerContext.java:412) [netty-transport-4.1.137.Final.jar:4.1.137.Final]
	at io.netty.handler.codec.ByteToMessageDecoder.fireChannelRead(ByteToMessageDecoder.java:361) [netty-codec-4.1.137.Final.jar:4.1.137.Final]
	at io.netty.handler.codec.ByteToMessageDecoder.channelRead(ByteToMessageDecoder.java:325) [netty-codec-4.1.137.Final.jar:4.1.137.Final]
	at io.netty.channel.AbstractChannelHandlerContext.invokeChannelRead(AbstractChannelHandlerContext.java:444) [netty-transport-4.1.137.Final.jar:4.1.137.Final]
	at io.netty.channel.AbstractChannelHandlerContext.invokeChannelRead(AbstractChannelHandlerContext.java:420) [netty-transport-4.1.137.Final.jar:4.1.137.Final]
	at io.netty.channel.AbstractChannelHandlerContext.fireChannelRead(AbstractChannelHandlerContext.java:412) [netty-transport-4.1.137.Final.jar:4.1.137.Final]
	at io.netty.channel.DefaultChannelPipeline$HeadContext.channelRead(DefaultChannelPipeline.java:1357) [netty-transport-4.1.137.Final.jar:4.1.137.Final]
	at io.netty.channel.AbstractChannelHandlerContext.invokeChannelRead(AbstractChannelHandlerContext.java:440) [netty-transport-4.1.137.Final.jar:4.1.137.Final]
	at io.netty.channel.AbstractChannelHandlerContext.invokeChannelRead(AbstractChannelHandlerContext.java:420) [netty-transport-4.1.137.Final.jar:4.1.137.Final]
	at io.netty.channel.DefaultChannelPipeline.fireChannelRead(DefaultChannelPipeline.java:868) [netty-transport-4.1.137.Final.jar:4.1.137.Final]
	at io.netty.channel.nio.AbstractNioByteChannel$NioByteUnsafe.read(AbstractNioByteChannel.java:171) [netty-transport-4.1.137.Final.jar:4.1.137.Final]
	at io.netty.channel.nio.NioEventLoop.processSelectedKey(NioEventLoop.java:796) [netty-transport-4.1.137.Final.jar:4.1.137.Final]
	at io.netty.channel.nio.NioEventLoop.processSelectedKeysOptimized(NioEventLoop.java:732) [netty-transport-4.1.137.Final.jar:4.1.137.Final]
	at io.netty.channel.nio.NioEventLoop.processSelectedKeys(NioEventLoop.java:658) [netty-transport-4.1.137.Final.jar:4.1.137.Final]
	at io.netty.channel.nio.NioEventLoop.run(NioEventLoop.java:562) [netty-transport-4.1.137.Final.jar:4.1.137.Final]
	at io.netty.util.concurrent.SingleThreadEventExecutor$4.run(SingleThreadEventExecutor.java:1007) [netty-common-4.1.137.Final.jar:4.1.137.Final]
	at io.netty.util.internal.ThreadExecutorMap$2.run(ThreadExecutorMap.java:74) [netty-common-4.1.137.Final.jar:4.1.137.Final]
	at io.netty.util.concurrent.FastThreadLocalRunnable.run(FastThreadLocalRunnable.java:30) [netty-common-4.1.137.Final.jar:4.1.137.Final]
	at java.base/java.lang.Thread.run(Thread.java:840) [?:?]
Caused by: org.apache.calcite.sql.parser.SqlParseException: Encountered "ANALYZE" at line 1, column 9.
Was expecting:
    "PLAN" ...
    
	at org.apache.calcite.sql.parser.ddl.SqlDdlParserImpl.convertException(SqlDdlParserImpl.java:438) ~[calcite-server-1.42.0.jar:1.42.0]
	at org.apache.calcite.sql.parser.ddl.SqlDdlParserImpl.normalizeException(SqlDdlParserImpl.java:184) ~[calcite-server-1.42.0.jar:1.42.0]
	at org.apache.calcite.sql.parser.SqlParser.handleException(SqlParser.java:159) ~[calcite-core-1.42.0.jar:1.42.0]
	at org.apache.calcite.sql.parser.SqlParser.parseQuery(SqlParser.java:174) ~[calcite-core-1.42.0.jar:1.42.0]
	at org.apache.calcite.sql.parser.SqlParser.parseStmt(SqlParser.java:199) ~[calcite-core-1.42.0.jar:1.42.0]
	at com.minidb.server.calcite.CalciteContext.parse(CalciteContext.java:54) ~[classes/:?]
	... 26 more
Caused by: org.apache.calcite.sql.parser.ddl.ParseException: Encountered "ANALYZE" at line 1, column 9.
Was expecting:
    "PLAN" ...
    
	at org.apache.calcite.sql.parser.ddl.SqlDdlParserImpl.generateParseException(SqlDdlParserImpl.java:36879) ~[calcite-server-1.42.0.jar:1.42.0]
	at org.apache.calcite.sql.parser.ddl.SqlDdlParserImpl.jj_consume_token(SqlDdlParserImpl.java:36687) ~[calcite-server-1.42.0.jar:1.42.0]
	at org.apache.calcite.sql.parser.ddl.SqlDdlParserImpl.SqlExplain(SqlDdlParserImpl.java:4423) ~[calcite-server-1.42.0.jar:1.42.0]
	at org.apache.calcite.sql.parser.ddl.SqlDdlParserImpl.SqlStmt(SqlDdlParserImpl.java:1242) ~[calcite-server-1.42.0.jar:1.42.0]
	at org.apache.calcite.sql.parser.ddl.SqlDdlParserImpl.SqlStmtEof(SqlDdlParserImpl.java:1279) ~[calcite-server-1.42.0.jar:1.42.0]
	at org.apache.calcite.sql.parser.ddl.SqlDdlParserImpl.parseSqlStmtEof(SqlDdlParserImpl.java:232) ~[calcite-server-1.42.0.jar:1.42.0]
	at org.apache.calcite.sql.parser.SqlParser.parseQuery(SqlParser.java:172) ~[calcite-core-1.42.0.jar:1.42.0]
	at org.apache.calcite.sql.parser.SqlParser.parseStmt(SqlParser.java:199) ~[calcite-core-1.42.0.jar:1.42.0]
	at com.minidb.server.calcite.CalciteContext.parse(CalciteContext.java:54) ~[classes/:?]
	... 26 more
2026-08-11 16:48:04.599 INFO  [main] MiniDbServer - MiniDB server closed
2026-08-11 16:48:42.882 INFO  [main] StorageManager - loaded 0 table(s)
2026-08-11 16:48:43.434 INFO  [main] MiniDbServer - MiniDB server bound to port 0
2026-08-11 16:48:43.830 INFO  [nioEventLoopGroup-3-1] SessionHandler - query ok: 0 rows affected in 289 ms
2026-08-11 16:48:45.221 INFO  [nioEventLoopGroup-3-1] SessionHandler - query ok: 3 rows affected in 1384 ms
2026-08-11 16:48:45.303 WARN  [nioEventLoopGroup-3-1] SessionHandler - query failed in 80 ms: EXPLAIN ANALYZE SELECT id FROM t WHERE id > 1
java.lang.NullPointerException: allocator cannot be null
	at org.apache.arrow.util.Preconditions.checkNotNull(Preconditions.java:737) ~[arrow-memory-core-19.0.0.jar:19.0.0]
	at org.apache.arrow.vector.BaseValueVector.<init>(BaseValueVector.java:56) ~[arrow-vector-19.0.0.jar:19.0.0]
	at org.apache.arrow.vector.BaseVariableWidthVector.<init>(BaseVariableWidthVector.java:65) ~[arrow-vector-19.0.0.jar:19.0.0]
	at org.apache.arrow.vector.VarCharVector.<init>(VarCharVector.java:69) ~[arrow-vector-19.0.0.jar:19.0.0]
	at org.apache.arrow.vector.VarCharVector.<init>(VarCharVector.java:59) ~[arrow-vector-19.0.0.jar:19.0.0]
	at com.minidb.server.exec.ExplainPlan.buildResult(ExplainPlan.java:51) ~[classes/:?]
	at com.minidb.server.exec.ExplainPlan.explainAnalyze(ExplainPlan.java:42) ~[classes/:?]
	at com.minidb.server.exec.QueryExecutor.handleExplain(QueryExecutor.java:94) ~[classes/:?]
	at com.minidb.server.exec.QueryExecutor.execute(QueryExecutor.java:53) ~[classes/:?]
	at com.minidb.server.netty.SessionHandler.handleExecute(SessionHandler.java:41) [classes/:?]
	at com.minidb.server.netty.SessionHandler.channelRead0(SessionHandler.java:31) [classes/:?]
	at com.minidb.server.netty.SessionHandler.channelRead0(SessionHandler.java:16) [classes/:?]
	at io.netty.channel.SimpleChannelInboundHandler.channelRead(SimpleChannelInboundHandler.java:99) [netty-transport-4.1.137.Final.jar:4.1.137.Final]
	at io.netty.channel.AbstractChannelHandlerContext.invokeChannelRead(AbstractChannelHandlerContext.java:444) [netty-transport-4.1.137.Final.jar:4.1.137.Final]
	at io.netty.channel.AbstractChannelHandlerContext.invokeChannelRead(AbstractChannelHandlerContext.java:420) [netty-transport-4.1.137.Final.jar:4.1.137.Final]
	at io.netty.channel.AbstractChannelHandlerContext.fireChannelRead(AbstractChannelHandlerContext.java:412) [netty-transport-4.1.137.Final.jar:4.1.137.Final]
	at io.netty.handler.codec.ByteToMessageDecoder.fireChannelRead(ByteToMessageDecoder.java:361) [netty-codec-4.1.137.Final.jar:4.1.137.Final]
	at io.netty.handler.codec.ByteToMessageDecoder.channelRead(ByteToMessageDecoder.java:325) [netty-codec-4.1.137.Final.jar:4.1.137.Final]
	at io.netty.channel.AbstractChannelHandlerContext.invokeChannelRead(AbstractChannelHandlerContext.java:444) [netty-transport-4.1.137.Final.jar:4.1.137.Final]
	at io.netty.channel.AbstractChannelHandlerContext.invokeChannelRead(AbstractChannelHandlerContext.java:420) [netty-transport-4.1.137.Final.jar:4.1.137.Final]
	at io.netty.channel.AbstractChannelHandlerContext.fireChannelRead(AbstractChannelHandlerContext.java:412) [netty-transport-4.1.137.Final.jar:4.1.137.Final]
	at io.netty.channel.DefaultChannelPipeline$HeadContext.channelRead(DefaultChannelPipeline.java:1357) [netty-transport-4.1.137.Final.jar:4.1.137.Final]
	at io.netty.channel.AbstractChannelHandlerContext.invokeChannelRead(AbstractChannelHandlerContext.java:440) [netty-transport-4.1.137.Final.jar:4.1.137.Final]
	at io.netty.channel.AbstractChannelHandlerContext.invokeChannelRead(AbstractChannelHandlerContext.java:420) [netty-transport-4.1.137.Final.jar:4.1.137.Final]
	at io.netty.channel.DefaultChannelPipeline.fireChannelRead(DefaultChannelPipeline.java:868) [netty-transport-4.1.137.Final.jar:4.1.137.Final]
	at io.netty.channel.nio.AbstractNioByteChannel$NioByteUnsafe.read(AbstractNioByteChannel.java:171) [netty-transport-4.1.137.Final.jar:4.1.137.Final]
	at io.netty.channel.nio.NioEventLoop.processSelectedKey(NioEventLoop.java:796) [netty-transport-4.1.137.Final.jar:4.1.137.Final]
	at io.netty.channel.nio.NioEventLoop.processSelectedKeysOptimized(NioEventLoop.java:732) [netty-transport-4.1.137.Final.jar:4.1.137.Final]
	at io.netty.channel.nio.NioEventLoop.processSelectedKeys(NioEventLoop.java:658) [netty-transport-4.1.137.Final.jar:4.1.137.Final]
	at io.netty.channel.nio.NioEventLoop.run(NioEventLoop.java:562) [netty-transport-4.1.137.Final.jar:4.1.137.Final]
	at io.netty.util.concurrent.SingleThreadEventExecutor$4.run(SingleThreadEventExecutor.java:1007) [netty-common-4.1.137.Final.jar:4.1.137.Final]
	at io.netty.util.internal.ThreadExecutorMap$2.run(ThreadExecutorMap.java:74) [netty-common-4.1.137.Final.jar:4.1.137.Final]
	at io.netty.util.concurrent.FastThreadLocalRunnable.run(FastThreadLocalRunnable.java:30) [netty-common-4.1.137.Final.jar:4.1.137.Final]
	at java.base/java.lang.Thread.run(Thread.java:840) [?:?]
2026-08-11 16:48:45.327 INFO  [main] MiniDbServer - MiniDB server closed
2026-08-11 16:48:45.366 INFO  [main] StorageManager - flushed table t
2026-08-11 16:48:45.384 INFO  [main] StorageManager - loaded 0 table(s)
2026-08-11 16:48:45.431 INFO  [main] MiniDbServer - MiniDB server bound to port 0
2026-08-11 16:48:45.442 INFO  [nioEventLoopGroup-6-1] SessionHandler - query ok: 0 rows affected in 0 ms
2026-08-11 16:48:45.451 INFO  [nioEventLoopGroup-6-1] SessionHandler - query ok: 2 rows affected in 7 ms
2026-08-11 16:48:45.477 WARN  [nioEventLoopGroup-6-1] SessionHandler - query failed in 26 ms: EXPLAIN SELECT name FROM t WHERE id > 1
java.lang.NullPointerException: allocator cannot be null
	at org.apache.arrow.util.Preconditions.checkNotNull(Preconditions.java:737) ~[arrow-memory-core-19.0.0.jar:19.0.0]
	at org.apache.arrow.vector.BaseValueVector.<init>(BaseValueVector.java:56) ~[arrow-vector-19.0.0.jar:19.0.0]
	at org.apache.arrow.vector.BaseVariableWidthVector.<init>(BaseVariableWidthVector.java:65) ~[arrow-vector-19.0.0.jar:19.0.0]
	at org.apache.arrow.vector.VarCharVector.<init>(VarCharVector.java:69) ~[arrow-vector-19.0.0.jar:19.0.0]
	at org.apache.arrow.vector.VarCharVector.<init>(VarCharVector.java:59) ~[arrow-vector-19.0.0.jar:19.0.0]
	at com.minidb.server.exec.ExplainPlan.buildResult(ExplainPlan.java:51) ~[classes/:?]
	at com.minidb.server.exec.ExplainPlan.explain(ExplainPlan.java:25) ~[classes/:?]
	at com.minidb.server.exec.QueryExecutor.handleExplain(QueryExecutor.java:96) ~[classes/:?]
	at com.minidb.server.exec.QueryExecutor.execute(QueryExecutor.java:53) ~[classes/:?]
	at com.minidb.server.netty.SessionHandler.handleExecute(SessionHandler.java:41) [classes/:?]
	at com.minidb.server.netty.SessionHandler.channelRead0(SessionHandler.java:31) [classes/:?]
	at com.minidb.server.netty.SessionHandler.channelRead0(SessionHandler.java:16) [classes/:?]
	at io.netty.channel.SimpleChannelInboundHandler.channelRead(SimpleChannelInboundHandler.java:99) [netty-transport-4.1.137.Final.jar:4.1.137.Final]
	at io.netty.channel.AbstractChannelHandlerContext.invokeChannelRead(AbstractChannelHandlerContext.java:444) [netty-transport-4.1.137.Final.jar:4.1.137.Final]
	at io.netty.channel.AbstractChannelHandlerContext.invokeChannelRead(AbstractChannelHandlerContext.java:420) [netty-transport-4.1.137.Final.jar:4.1.137.Final]
	at io.netty.channel.AbstractChannelHandlerContext.fireChannelRead(AbstractChannelHandlerContext.java:412) [netty-transport-4.1.137.Final.jar:4.1.137.Final]
	at io.netty.handler.codec.ByteToMessageDecoder.fireChannelRead(ByteToMessageDecoder.java:361) [netty-codec-4.1.137.Final.jar:4.1.137.Final]
	at io.netty.handler.codec.ByteToMessageDecoder.channelRead(ByteToMessageDecoder.java:325) [netty-codec-4.1.137.Final.jar:4.1.137.Final]
	at io.netty.channel.AbstractChannelHandlerContext.invokeChannelRead(AbstractChannelHandlerContext.java:444) [netty-transport-4.1.137.Final.jar:4.1.137.Final]
	at io.netty.channel.AbstractChannelHandlerContext.invokeChannelRead(AbstractChannelHandlerContext.java:420) [netty-transport-4.1.137.Final.jar:4.1.137.Final]
	at io.netty.channel.AbstractChannelHandlerContext.fireChannelRead(AbstractChannelHandlerContext.java:412) [netty-transport-4.1.137.Final.jar:4.1.137.Final]
	at io.netty.channel.DefaultChannelPipeline$HeadContext.channelRead(DefaultChannelPipeline.java:1357) [netty-transport-4.1.137.Final.jar:4.1.137.Final]
	at io.netty.channel.AbstractChannelHandlerContext.invokeChannelRead(AbstractChannelHandlerContext.java:440) [netty-transport-4.1.137.Final.jar:4.1.137.Final]
	at io.netty.channel.AbstractChannelHandlerContext.invokeChannelRead(AbstractChannelHandlerContext.java:420) [netty-transport-4.1.137.Final.jar:4.1.137.Final]
	at io.netty.channel.DefaultChannelPipeline.fireChannelRead(DefaultChannelPipeline.java:868) [netty-transport-4.1.137.Final.jar:4.1.137.Final]
	at io.netty.channel.nio.AbstractNioByteChannel$NioByteUnsafe.read(AbstractNioByteChannel.java:171) [netty-transport-4.1.137.Final.jar:4.1.137.Final]
	at io.netty.channel.nio.NioEventLoop.processSelectedKey(NioEventLoop.java:796) [netty-transport-4.1.137.Final.jar:4.1.137.Final]
	at io.netty.channel.nio.NioEventLoop.processSelectedKeysOptimized(NioEventLoop.java:732) [netty-transport-4.1.137.Final.jar:4.1.137.Final]
	at io.netty.channel.nio.NioEventLoop.processSelectedKeys(NioEventLoop.java:658) [netty-transport-4.1.137.Final.jar:4.1.137.Final]
	at io.netty.channel.nio.NioEventLoop.run(NioEventLoop.java:562) [netty-transport-4.1.137.Final.jar:4.1.137.Final]
	at io.netty.util.concurrent.SingleThreadEventExecutor$4.run(SingleThreadEventExecutor.java:1007) [netty-common-4.1.137.Final.jar:4.1.137.Final]
	at io.netty.util.internal.ThreadExecutorMap$2.run(ThreadExecutorMap.java:74) [netty-common-4.1.137.Final.jar:4.1.137.Final]
	at io.netty.util.concurrent.FastThreadLocalRunnable.run(FastThreadLocalRunnable.java:30) [netty-common-4.1.137.Final.jar:4.1.137.Final]
	at java.base/java.lang.Thread.run(Thread.java:840) [?:?]
2026-08-11 16:48:45.480 INFO  [main] MiniDbServer - MiniDB server closed
2026-08-11 16:48:45.489 INFO  [main] StorageManager - flushed table t
2026-08-11 16:48:45.492 INFO  [main] StorageManager - loaded 0 table(s)
2026-08-11 16:48:45.532 INFO  [main] MiniDbServer - MiniDB server bound to port 0
2026-08-11 16:48:45.540 INFO  [nioEventLoopGroup-9-1] SessionHandler - query ok: 0 rows affected in 0 ms
2026-08-11 16:48:45.551 WARN  [nioEventLoopGroup-9-1] SessionHandler - query failed in 9 ms: EXPLAIN ANALYZE INSERT INTO t VALUES (9, 'z')
java.lang.NullPointerException: allocator cannot be null
	at org.apache.arrow.util.Preconditions.checkNotNull(Preconditions.java:737) ~[arrow-memory-core-19.0.0.jar:19.0.0]
	at org.apache.arrow.vector.BaseValueVector.<init>(BaseValueVector.java:56) ~[arrow-vector-19.0.0.jar:19.0.0]
	at org.apache.arrow.vector.BaseVariableWidthVector.<init>(BaseVariableWidthVector.java:65) ~[arrow-vector-19.0.0.jar:19.0.0]
	at org.apache.arrow.vector.VarCharVector.<init>(VarCharVector.java:69) ~[arrow-vector-19.0.0.jar:19.0.0]
	at org.apache.arrow.vector.VarCharVector.<init>(VarCharVector.java:59) ~[arrow-vector-19.0.0.jar:19.0.0]
	at com.minidb.server.exec.ExplainPlan.buildResult(ExplainPlan.java:51) ~[classes/:?]
	at com.minidb.server.exec.ExplainPlan.explainAnalyze(ExplainPlan.java:42) ~[classes/:?]
	at com.minidb.server.exec.QueryExecutor.handleExplain(QueryExecutor.java:94) ~[classes/:?]
	at com.minidb.server.exec.QueryExecutor.execute(QueryExecutor.java:53) ~[classes/:?]
	at com.minidb.server.netty.SessionHandler.handleExecute(SessionHandler.java:41) [classes/:?]
	at com.minidb.server.netty.SessionHandler.channelRead0(SessionHandler.java:31) [classes/:?]
	at com.minidb.server.netty.SessionHandler.channelRead0(SessionHandler.java:16) [classes/:?]
	at io.netty.channel.SimpleChannelInboundHandler.channelRead(SimpleChannelInboundHandler.java:99) [netty-transport-4.1.137.Final.jar:4.1.137.Final]
	at io.netty.channel.AbstractChannelHandlerContext.invokeChannelRead(AbstractChannelHandlerContext.java:444) [netty-transport-4.1.137.Final.jar:4.1.137.Final]
	at io.netty.channel.AbstractChannelHandlerContext.invokeChannelRead(AbstractChannelHandlerContext.java:420) [netty-transport-4.1.137.Final.jar:4.1.137.Final]
	at io.netty.channel.AbstractChannelHandlerContext.fireChannelRead(AbstractChannelHandlerContext.java:412) [netty-transport-4.1.137.Final.jar:4.1.137.Final]
	at io.netty.handler.codec.ByteToMessageDecoder.fireChannelRead(ByteToMessageDecoder.java:361) [netty-codec-4.1.137.Final.jar:4.1.137.Final]
	at io.netty.handler.codec.ByteToMessageDecoder.channelRead(ByteToMessageDecoder.java:325) [netty-codec-4.1.137.Final.jar:4.1.137.Final]
	at io.netty.channel.AbstractChannelHandlerContext.invokeChannelRead(AbstractChannelHandlerContext.java:444) [netty-transport-4.1.137.Final.jar:4.1.137.Final]
	at io.netty.channel.AbstractChannelHandlerContext.invokeChannelRead(AbstractChannelHandlerContext.java:420) [netty-transport-4.1.137.Final.jar:4.1.137.Final]
	at io.netty.channel.AbstractChannelHandlerContext.fireChannelRead(AbstractChannelHandlerContext.java:412) [netty-transport-4.1.137.Final.jar:4.1.137.Final]
	at io.netty.channel.DefaultChannelPipeline$HeadContext.channelRead(DefaultChannelPipeline.java:1357) [netty-transport-4.1.137.Final.jar:4.1.137.Final]
	at io.netty.channel.AbstractChannelHandlerContext.invokeChannelRead(AbstractChannelHandlerContext.java:440) [netty-transport-4.1.137.Final.jar:4.1.137.Final]
	at io.netty.channel.AbstractChannelHandlerContext.invokeChannelRead(AbstractChannelHandlerContext.java:420) [netty-transport-4.1.137.Final.jar:4.1.137.Final]
	at io.netty.channel.DefaultChannelPipeline.fireChannelRead(DefaultChannelPipeline.java:868) [netty-transport-4.1.137.Final.jar:4.1.137.Final]
	at io.netty.channel.nio.AbstractNioByteChannel$NioByteUnsafe.read(AbstractNioByteChannel.java:171) [netty-transport-4.1.137.Final.jar:4.1.137.Final]
	at io.netty.channel.nio.NioEventLoop.processSelectedKey(NioEventLoop.java:796) [netty-transport-4.1.137.Final.jar:4.1.137.Final]
	at io.netty.channel.nio.NioEventLoop.processSelectedKeysOptimized(NioEventLoop.java:732) [netty-transport-4.1.137.Final.jar:4.1.137.Final]
	at io.netty.channel.nio.NioEventLoop.processSelectedKeys(NioEventLoop.java:658) [netty-transport-4.1.137.Final.jar:4.1.137.Final]
	at io.netty.channel.nio.NioEventLoop.run(NioEventLoop.java:562) [netty-transport-4.1.137.Final.jar:4.1.137.Final]
	at io.netty.util.concurrent.SingleThreadEventExecutor$4.run(SingleThreadEventExecutor.java:1007) [netty-common-4.1.137.Final.jar:4.1.137.Final]
	at io.netty.util.internal.ThreadExecutorMap$2.run(ThreadExecutorMap.java:74) [netty-common-4.1.137.Final.jar:4.1.137.Final]
	at io.netty.util.concurrent.FastThreadLocalRunnable.run(FastThreadLocalRunnable.java:30) [netty-common-4.1.137.Final.jar:4.1.137.Final]
	at java.base/java.lang.Thread.run(Thread.java:840) [?:?]
2026-08-11 16:48:45.554 INFO  [main] MiniDbServer - MiniDB server closed
2026-08-11 16:48:45.560 INFO  [main] StorageManager - flushed table t
2026-08-11 16:50:34.006 INFO  [main] StorageManager - loaded 0 table(s)
2026-08-11 16:50:34.524 INFO  [main] MiniDbServer - MiniDB server bound to port 0
2026-08-11 16:50:34.892 INFO  [nioEventLoopGroup-3-1] SessionHandler - query ok: 0 rows affected in 260 ms
2026-08-11 16:50:36.181 INFO  [nioEventLoopGroup-3-1] SessionHandler - query ok: 3 rows affected in 1285 ms
2026-08-11 16:50:36.281 INFO  [nioEventLoopGroup-3-1] SessionHandler - explain ok in 98 ms
2026-08-11 16:50:36.348 INFO  [main] MiniDbServer - MiniDB server closed
2026-08-11 16:50:36.360 INFO  [main] StorageManager - flushed table t
2026-08-11 16:50:36.372 INFO  [main] StorageManager - loaded 0 table(s)
2026-08-11 16:50:36.404 INFO  [main] MiniDbServer - MiniDB server bound to port 0
2026-08-11 16:50:36.412 INFO  [nioEventLoopGroup-6-1] SessionHandler - query ok: 0 rows affected in 0 ms
2026-08-11 16:50:36.419 INFO  [nioEventLoopGroup-6-1] SessionHandler - query ok: 2 rows affected in 6 ms
2026-08-11 16:50:36.441 INFO  [nioEventLoopGroup-6-1] SessionHandler - explain ok in 21 ms
2026-08-11 16:50:36.445 INFO  [main] MiniDbServer - MiniDB server closed
2026-08-11 16:50:36.449 INFO  [main] StorageManager - flushed table t
2026-08-11 16:50:36.454 INFO  [main] StorageManager - loaded 0 table(s)
2026-08-11 16:50:36.485 INFO  [main] MiniDbServer - MiniDB server bound to port 0
2026-08-11 16:50:36.491 INFO  [nioEventLoopGroup-9-1] SessionHandler - query ok: 0 rows affected in 0 ms
2026-08-11 16:50:36.499 INFO  [nioEventLoopGroup-9-1] SessionHandler - explain ok in 6 ms
2026-08-11 16:50:36.504 INFO  [nioEventLoopGroup-9-1] SessionHandler - query ok: 1 rows returned in 2 ms
2026-08-11 16:50:36.506 INFO  [main] MiniDbServer - MiniDB server closed
2026-08-11 16:50:36.513 INFO  [main] StorageManager - flushed table t
2026-08-11 16:50:54.592 INFO  [main] StorageManager - loaded 0 table(s)
2026-08-11 16:50:55.151 INFO  [main] MiniDbServer - MiniDB server bound to port 0
2026-08-11 16:50:55.524 INFO  [nioEventLoopGroup-3-1] SessionHandler - query ok: 0 rows affected in 260 ms
2026-08-11 16:50:56.734 INFO  [nioEventLoopGroup-3-1] SessionHandler - query ok: 4 rows affected in 1204 ms
2026-08-11 16:50:56.883 INFO  [nioEventLoopGroup-3-1] SessionHandler - query ok: 2 rows returned in 148 ms
2026-08-11 16:50:56.952 INFO  [nioEventLoopGroup-3-2] SessionHandler - query ok: 0 rows affected in 0 ms
2026-08-11 16:50:56.967 INFO  [nioEventLoopGroup-3-2] SessionHandler - query ok: 0 rows returned in 12 ms
2026-08-11 16:50:56.991 INFO  [nioEventLoopGroup-3-3] SessionHandler - query ok: 0 rows affected in 0 ms
2026-08-11 16:50:57.001 INFO  [nioEventLoopGroup-3-3] SessionHandler - query ok: 1 rows affected in 8 ms
2026-08-11 16:50:57.008 INFO  [nioEventLoopGroup-3-3] SessionHandler - query ok: 1 rows returned in 5 ms
2026-08-11 16:50:57.050 WARN  [nioEventLoopGroup-3-4] SessionHandler - query failed in 23 ms: SELECT * FROM does_not_exist
org.apache.calcite.runtime.CalciteContextException: From line 1, column 15 to line 1, column 28: Object 'does_not_exist' not found
	at java.base/jdk.internal.reflect.NativeConstructorAccessorImpl.newInstance0(Native Method) ~[?:?]
	at java.base/jdk.internal.reflect.NativeConstructorAccessorImpl.newInstance(NativeConstructorAccessorImpl.java:77) ~[?:?]
	at java.base/jdk.internal.reflect.DelegatingConstructorAccessorImpl.newInstance(DelegatingConstructorAccessorImpl.java:45) ~[?:?]
	at java.base/java.lang.reflect.Constructor.newInstanceWithCaller(Constructor.java:500) ~[?:?]
	at java.base/java.lang.reflect.Constructor.newInstance(Constructor.java:481) ~[?:?]
	at org.apache.calcite.runtime.Resources$ExInstWithCause.ex(Resources.java:511) ~[calcite-core-1.42.0.jar:1.42.0]
	at org.apache.calcite.sql.SqlUtil.newContextException(SqlUtil.java:960) ~[calcite-core-1.42.0.jar:1.42.0]
	at org.apache.calcite.sql.SqlUtil.newContextException(SqlUtil.java:945) ~[calcite-core-1.42.0.jar:1.42.0]
	at org.apache.calcite.sql.validate.SqlValidatorImpl.newValidationError(SqlValidatorImpl.java:6376) ~[calcite-core-1.42.0.jar:1.42.0]
	at org.apache.calcite.sql.validate.IdentifierNamespace.resolveImpl(IdentifierNamespace.java:184) ~[calcite-core-1.42.0.jar:1.42.0]
	at org.apache.calcite.sql.validate.IdentifierNamespace.validateImpl(IdentifierNamespace.java:189) ~[calcite-core-1.42.0.jar:1.42.0]
	at org.apache.calcite.sql.validate.AbstractNamespace.validate(AbstractNamespace.java:96) ~[calcite-core-1.42.0.jar:1.42.0]
	at org.apache.calcite.sql.validate.SqlValidatorImpl.validateNamespace(SqlValidatorImpl.java:1491) ~[calcite-core-1.42.0.jar:1.42.0]
	at org.apache.calcite.sql.validate.SqlValidatorImpl.validateQuery(SqlValidatorImpl.java:1462) ~[calcite-core-1.42.0.jar:1.42.0]
	at org.apache.calcite.sql.validate.SqlValidatorImpl.validateFrom(SqlValidatorImpl.java:3924) ~[calcite-core-1.42.0.jar:1.42.0]
	at org.apache.calcite.sql.validate.SqlValidatorImpl.validateFrom(SqlValidatorImpl.java:3903) ~[calcite-core-1.42.0.jar:1.42.0]
	at org.apache.calcite.sql.validate.SqlValidatorImpl.validateSelect(SqlValidatorImpl.java:4437) ~[calcite-core-1.42.0.jar:1.42.0]
	at org.apache.calcite.sql.validate.SelectNamespace.validateImpl(SelectNamespace.java:62) ~[calcite-core-1.42.0.jar:1.42.0]
	at org.apache.calcite.sql.validate.AbstractNamespace.validate(AbstractNamespace.java:96) ~[calcite-core-1.42.0.jar:1.42.0]
	at org.apache.calcite.sql.validate.SqlValidatorImpl.validateNamespace(SqlValidatorImpl.java:1491) ~[calcite-core-1.42.0.jar:1.42.0]
	at org.apache.calcite.sql.validate.SqlValidatorImpl.validateQuery(SqlValidatorImpl.java:1462) ~[calcite-core-1.42.0.jar:1.42.0]
	at org.apache.calcite.sql.SqlSelect.validate(SqlSelect.java:292) ~[calcite-core-1.42.0.jar:1.42.0]
	at org.apache.calcite.sql.validate.SqlValidatorImpl.validateScopedExpression(SqlValidatorImpl.java:1428) ~[calcite-core-1.42.0.jar:1.42.0]
	at org.apache.calcite.sql.validate.SqlValidatorImpl.validate(SqlValidatorImpl.java:1134) ~[calcite-core-1.42.0.jar:1.42.0]
	at com.minidb.server.calcite.CalciteContext.planInCluster(CalciteContext.java:76) ~[classes/:?]
	at com.minidb.server.plan.Planner.plan(Planner.java:32) ~[classes/:?]
	at com.minidb.server.exec.QueryExecutor.execute(QueryExecutor.java:65) ~[classes/:?]
	at com.minidb.server.netty.SessionHandler.handleExecute(SessionHandler.java:41) [classes/:?]
	at com.minidb.server.netty.SessionHandler.channelRead0(SessionHandler.java:31) [classes/:?]
	at com.minidb.server.netty.SessionHandler.channelRead0(SessionHandler.java:16) [classes/:?]
	at io.netty.channel.SimpleChannelInboundHandler.channelRead(SimpleChannelInboundHandler.java:99) [netty-transport-4.1.137.Final.jar:4.1.137.Final]
	at io.netty.channel.AbstractChannelHandlerContext.invokeChannelRead(AbstractChannelHandlerContext.java:444) [netty-transport-4.1.137.Final.jar:4.1.137.Final]
	at io.netty.channel.AbstractChannelHandlerContext.invokeChannelRead(AbstractChannelHandlerContext.java:420) [netty-transport-4.1.137.Final.jar:4.1.137.Final]
	at io.netty.channel.AbstractChannelHandlerContext.fireChannelRead(AbstractChannelHandlerContext.java:412) [netty-transport-4.1.137.Final.jar:4.1.137.Final]
	at io.netty.handler.codec.ByteToMessageDecoder.fireChannelRead(ByteToMessageDecoder.java:361) [netty-codec-4.1.137.Final.jar:4.1.137.Final]
	at io.netty.handler.codec.ByteToMessageDecoder.channelRead(ByteToMessageDecoder.java:325) [netty-codec-4.1.137.Final.jar:4.1.137.Final]
	at io.netty.channel.AbstractChannelHandlerContext.invokeChannelRead(AbstractChannelHandlerContext.java:444) [netty-transport-4.1.137.Final.jar:4.1.137.Final]
	at io.netty.channel.AbstractChannelHandlerContext.invokeChannelRead(AbstractChannelHandlerContext.java:420) [netty-transport-4.1.137.Final.jar:4.1.137.Final]
	at io.netty.channel.AbstractChannelHandlerContext.fireChannelRead(AbstractChannelHandlerContext.java:412) [netty-transport-4.1.137.Final.jar:4.1.137.Final]
	at io.netty.channel.DefaultChannelPipeline$HeadContext.channelRead(DefaultChannelPipeline.java:1357) [netty-transport-4.1.137.Final.jar:4.1.137.Final]
	at io.netty.channel.AbstractChannelHandlerContext.invokeChannelRead(AbstractChannelHandlerContext.java:440) [netty-transport-4.1.137.Final.jar:4.1.137.Final]
	at io.netty.channel.AbstractChannelHandlerContext.invokeChannelRead(AbstractChannelHandlerContext.java:420) [netty-transport-4.1.137.Final.jar:4.1.137.Final]
	at io.netty.channel.DefaultChannelPipeline.fireChannelRead(DefaultChannelPipeline.java:868) [netty-transport-4.1.137.Final.jar:4.1.137.Final]
	at io.netty.channel.nio.AbstractNioByteChannel$NioByteUnsafe.read(AbstractNioByteChannel.java:171) [netty-transport-4.1.137.Final.jar:4.1.137.Final]
	at io.netty.channel.nio.NioEventLoop.processSelectedKey(NioEventLoop.java:796) [netty-transport-4.1.137.Final.jar:4.1.137.Final]
	at io.netty.channel.nio.NioEventLoop.processSelectedKeysOptimized(NioEventLoop.java:732) [netty-transport-4.1.137.Final.jar:4.1.137.Final]
	at io.netty.channel.nio.NioEventLoop.processSelectedKeys(NioEventLoop.java:658) [netty-transport-4.1.137.Final.jar:4.1.137.Final]
	at io.netty.channel.nio.NioEventLoop.run(NioEventLoop.java:562) [netty-transport-4.1.137.Final.jar:4.1.137.Final]
	at io.netty.util.concurrent.SingleThreadEventExecutor$4.run(SingleThreadEventExecutor.java:1007) [netty-common-4.1.137.Final.jar:4.1.137.Final]
	at io.netty.util.internal.ThreadExecutorMap$2.run(ThreadExecutorMap.java:74) [netty-common-4.1.137.Final.jar:4.1.137.Final]
	at io.netty.util.concurrent.FastThreadLocalRunnable.run(FastThreadLocalRunnable.java:30) [netty-common-4.1.137.Final.jar:4.1.137.Final]
	at java.base/java.lang.Thread.run(Thread.java:840) [?:?]
Caused by: org.apache.calcite.sql.validate.SqlValidatorException: Object 'does_not_exist' not found
	at java.base/jdk.internal.reflect.NativeConstructorAccessorImpl.newInstance0(Native Method) ~[?:?]
	at java.base/jdk.internal.reflect.NativeConstructorAccessorImpl.newInstance(NativeConstructorAccessorImpl.java:77) ~[?:?]
	at java.base/jdk.internal.reflect.DelegatingConstructorAccessorImpl.newInstance(DelegatingConstructorAccessorImpl.java:45) ~[?:?]
	at java.base/java.lang.reflect.Constructor.newInstanceWithCaller(Constructor.java:500) ~[?:?]
	at java.base/java.lang.reflect.Constructor.newInstance(Constructor.java:481) ~[?:?]
	at org.apache.calcite.runtime.Resources$ExInstWithCause.ex(Resources.java:511) ~[calcite-core-1.42.0.jar:1.42.0]
	at org.apache.calcite.runtime.Resources$ExInst.ex(Resources.java:605) ~[calcite-core-1.42.0.jar:1.42.0]
	... 46 more
2026-08-11 16:50:57.082 INFO  [nioEventLoopGroup-3-5] SessionHandler - query ok: 0 rows affected in 0 ms
2026-08-11 16:50:57.099 INFO  [nioEventLoopGroup-3-5] SessionHandler - query ok: 2 rows affected in 15 ms
2026-08-11 16:50:57.108 INFO  [nioEventLoopGroup-3-5] SessionHandler - query ok: 2 rows returned in 7 ms
2026-08-11 16:50:57.117 INFO  [main] MiniDbServer - MiniDB server closed
2026-08-11 16:50:57.132 INFO  [main] StorageManager - flushed table t
2026-08-11 16:50:57.134 INFO  [main] StorageManager - flushed table w
2026-08-11 16:50:57.137 INFO  [main] StorageManager - flushed table n
2026-08-11 16:50:57.146 INFO  [main] StorageManager - loaded 0 table(s)
2026-08-11 16:50:57.186 INFO  [main] MiniDbServer - MiniDB server bound to port 0
2026-08-11 16:50:57.194 INFO  [nioEventLoopGroup-10-1] SessionHandler - query ok: 0 rows affected in 0 ms
2026-08-11 16:50:57.200 INFO  [nioEventLoopGroup-10-1] SessionHandler - query ok: 3 rows affected in 4 ms
2026-08-11 16:50:57.201 INFO  [nioEventLoopGroup-10-1] SessionHandler - query ok: 0 rows affected in 0 ms
2026-08-11 16:50:57.205 INFO  [nioEventLoopGroup-10-1] SessionHandler - query ok: 2 rows affected in 3 ms
2026-08-11 16:50:57.215 INFO  [nioEventLoopGroup-10-1] SessionHandler - query ok: 3 rows returned in 6 ms
2026-08-11 16:50:57.220 INFO  [nioEventLoopGroup-10-1] SessionHandler - query ok: 2 rows returned in 4 ms
2026-08-11 16:50:57.225 INFO  [nioEventLoopGroup-10-1] SessionHandler - query ok: 3 rows returned in 4 ms
2026-08-11 16:50:57.231 INFO  [nioEventLoopGroup-10-1] SessionHandler - query ok: 2 rows returned in 4 ms
2026-08-11 16:50:57.236 INFO  [nioEventLoopGroup-10-1] SessionHandler - query ok: 2 rows returned in 4 ms
2026-08-11 16:50:57.241 INFO  [nioEventLoopGroup-10-1] SessionHandler - query ok: 3 rows returned in 4 ms
2026-08-11 16:50:57.247 INFO  [nioEventLoopGroup-10-1] SessionHandler - query ok: 2 rows returned in 4 ms
2026-08-11 16:50:57.251 INFO  [nioEventLoopGroup-10-1] SessionHandler - query ok: 3 rows returned in 3 ms
2026-08-11 16:50:57.252 INFO  [main] MiniDbServer - MiniDB server closed
2026-08-11 16:50:57.256 INFO  [main] StorageManager - flushed table a
2026-08-11 16:50:57.257 INFO  [main] StorageManager - flushed table b
2026-08-11 16:50:57.260 INFO  [main] StorageManager - loaded 0 table(s)
2026-08-11 16:50:57.292 INFO  [main] MiniDbServer - MiniDB server bound to port 0
2026-08-11 16:50:57.299 INFO  [main] MiniDbServer - MiniDB server closed
2026-08-11 16:50:57.304 INFO  [main] StorageManager - loaded 0 table(s)
2026-08-11 16:50:57.338 INFO  [main] MiniDbServer - MiniDB server bound to port 0
2026-08-11 16:50:57.344 INFO  [main] MiniDbServer - MiniDB server closed
2026-08-11 16:50:57.353 INFO  [main] StorageManager - loaded 0 table(s)
2026-08-11 16:50:57.388 INFO  [main] MiniDbServer - MiniDB server bound to port 0
2026-08-11 16:50:57.394 INFO  [nioEventLoopGroup-19-1] SessionHandler - query ok: 0 rows affected in 0 ms
2026-08-11 16:50:57.401 INFO  [nioEventLoopGroup-19-1] SessionHandler - query ok: 3 rows affected in 5 ms
2026-08-11 16:50:57.410 INFO  [nioEventLoopGroup-19-1] SessionHandler - explain ok in 8 ms
2026-08-11 16:50:57.413 INFO  [main] MiniDbServer - MiniDB server closed
2026-08-11 16:50:57.417 INFO  [main] StorageManager - flushed table t
2026-08-11 16:50:57.419 INFO  [main] StorageManager - loaded 0 table(s)
2026-08-11 16:50:57.449 INFO  [main] MiniDbServer - MiniDB server bound to port 0
2026-08-11 16:50:57.455 INFO  [nioEventLoopGroup-22-1] SessionHandler - query ok: 0 rows affected in 0 ms
2026-08-11 16:50:57.460 INFO  [nioEventLoopGroup-22-1] SessionHandler - query ok: 2 rows affected in 4 ms
2026-08-11 16:50:57.486 INFO  [nioEventLoopGroup-22-1] SessionHandler - explain ok in 24 ms
2026-08-11 16:50:57.488 INFO  [main] MiniDbServer - MiniDB server closed
2026-08-11 16:50:57.491 INFO  [main] StorageManager - flushed table t
2026-08-11 16:50:57.494 INFO  [main] StorageManager - loaded 0 table(s)
2026-08-11 16:50:57.524 INFO  [main] MiniDbServer - MiniDB server bound to port 0
2026-08-11 16:50:57.532 INFO  [nioEventLoopGroup-25-1] SessionHandler - query ok: 0 rows affected in 0 ms
2026-08-11 16:50:57.538 INFO  [nioEventLoopGroup-25-1] SessionHandler - explain ok in 5 ms
2026-08-11 16:50:57.543 INFO  [nioEventLoopGroup-25-1] SessionHandler - query ok: 1 rows returned in 2 ms
2026-08-11 16:50:57.545 INFO  [main] MiniDbServer - MiniDB server closed
2026-08-11 16:50:57.549 INFO  [main] StorageManager - flushed table t
2026-08-11 16:50:57.553 INFO  [main] StorageManager - loaded 0 table(s)
2026-08-11 16:50:57.585 INFO  [main] MiniDbServer - MiniDB server bound to port 0
2026-08-11 16:50:57.592 INFO  [nioEventLoopGroup-28-1] SessionHandler - query ok: 0 rows affected in 0 ms
2026-08-11 16:50:57.596 INFO  [nioEventLoopGroup-28-1] SessionHandler - query ok: 1 rows affected in 3 ms
2026-08-11 16:50:57.597 INFO  [main] MiniDbServer - MiniDB server closed
2026-08-11 16:50:57.601 INFO  [main] StorageManager - flushed table keep
2026-08-11 16:50:57.604 INFO  [main] StorageManager - loaded 1 table(s)
2026-08-11 16:50:57.637 INFO  [main] MiniDbServer - MiniDB server bound to port 0
2026-08-11 16:50:57.648 INFO  [nioEventLoopGroup-31-1] SessionHandler - query ok: 1 rows returned in 4 ms
2026-08-11 16:50:57.649 INFO  [main] MiniDbServer - MiniDB server closed
2026-08-12 10:03:34.455 INFO  [main] StorageManager - loaded 0 table(s)
2026-08-12 10:03:35.020 INFO  [main] MiniDbServer - MiniDB server bound to port 0
2026-08-12 10:03:35.413 INFO  [nioEventLoopGroup-3-1] SessionHandler - query ok: 0 rows affected in 286 ms
2026-08-12 10:03:36.706 INFO  [nioEventLoopGroup-3-1] SessionHandler - query ok: 4 rows affected in 1288 ms
2026-08-12 10:03:36.860 INFO  [nioEventLoopGroup-3-1] SessionHandler - query ok: 2 rows returned in 152 ms
2026-08-12 10:03:36.938 INFO  [nioEventLoopGroup-3-2] SessionHandler - query ok: 0 rows affected in 0 ms
2026-08-12 10:03:36.950 INFO  [nioEventLoopGroup-3-2] SessionHandler - query ok: 0 rows returned in 9 ms
2026-08-12 10:03:36.965 INFO  [nioEventLoopGroup-3-3] SessionHandler - query ok: 0 rows affected in 0 ms
2026-08-12 10:03:36.972 INFO  [nioEventLoopGroup-3-3] SessionHandler - query ok: 1 rows affected in 5 ms
2026-08-12 10:03:36.979 INFO  [nioEventLoopGroup-3-3] SessionHandler - query ok: 1 rows returned in 5 ms
2026-08-12 10:03:37.019 WARN  [nioEventLoopGroup-3-4] SessionHandler - query failed in 20 ms: SELECT * FROM does_not_exist
org.apache.calcite.runtime.CalciteContextException: From line 1, column 15 to line 1, column 28: Object 'does_not_exist' not found
	at java.base/jdk.internal.reflect.NativeConstructorAccessorImpl.newInstance0(Native Method) ~[?:?]
	at java.base/jdk.internal.reflect.NativeConstructorAccessorImpl.newInstance(NativeConstructorAccessorImpl.java:77) ~[?:?]
	at java.base/jdk.internal.reflect.DelegatingConstructorAccessorImpl.newInstance(DelegatingConstructorAccessorImpl.java:45) ~[?:?]
	at java.base/java.lang.reflect.Constructor.newInstanceWithCaller(Constructor.java:500) ~[?:?]
	at java.base/java.lang.reflect.Constructor.newInstance(Constructor.java:481) ~[?:?]
	at org.apache.calcite.runtime.Resources$ExInstWithCause.ex(Resources.java:511) ~[calcite-core-1.42.0.jar:1.42.0]
	at org.apache.calcite.sql.SqlUtil.newContextException(SqlUtil.java:960) ~[calcite-core-1.42.0.jar:1.42.0]
	at org.apache.calcite.sql.SqlUtil.newContextException(SqlUtil.java:945) ~[calcite-core-1.42.0.jar:1.42.0]
	at org.apache.calcite.sql.validate.SqlValidatorImpl.newValidationError(SqlValidatorImpl.java:6376) ~[calcite-core-1.42.0.jar:1.42.0]
	at org.apache.calcite.sql.validate.IdentifierNamespace.resolveImpl(IdentifierNamespace.java:184) ~[calcite-core-1.42.0.jar:1.42.0]
	at org.apache.calcite.sql.validate.IdentifierNamespace.validateImpl(IdentifierNamespace.java:189) ~[calcite-core-1.42.0.jar:1.42.0]
	at org.apache.calcite.sql.validate.AbstractNamespace.validate(AbstractNamespace.java:96) ~[calcite-core-1.42.0.jar:1.42.0]
	at org.apache.calcite.sql.validate.SqlValidatorImpl.validateNamespace(SqlValidatorImpl.java:1491) ~[calcite-core-1.42.0.jar:1.42.0]
	at org.apache.calcite.sql.validate.SqlValidatorImpl.validateQuery(SqlValidatorImpl.java:1462) ~[calcite-core-1.42.0.jar:1.42.0]
	at org.apache.calcite.sql.validate.SqlValidatorImpl.validateFrom(SqlValidatorImpl.java:3924) ~[calcite-core-1.42.0.jar:1.42.0]
	at org.apache.calcite.sql.validate.SqlValidatorImpl.validateFrom(SqlValidatorImpl.java:3903) ~[calcite-core-1.42.0.jar:1.42.0]
	at org.apache.calcite.sql.validate.SqlValidatorImpl.validateSelect(SqlValidatorImpl.java:4437) ~[calcite-core-1.42.0.jar:1.42.0]
	at org.apache.calcite.sql.validate.SelectNamespace.validateImpl(SelectNamespace.java:62) ~[calcite-core-1.42.0.jar:1.42.0]
	at org.apache.calcite.sql.validate.AbstractNamespace.validate(AbstractNamespace.java:96) ~[calcite-core-1.42.0.jar:1.42.0]
	at org.apache.calcite.sql.validate.SqlValidatorImpl.validateNamespace(SqlValidatorImpl.java:1491) ~[calcite-core-1.42.0.jar:1.42.0]
	at org.apache.calcite.sql.validate.SqlValidatorImpl.validateQuery(SqlValidatorImpl.java:1462) ~[calcite-core-1.42.0.jar:1.42.0]
	at org.apache.calcite.sql.SqlSelect.validate(SqlSelect.java:292) ~[calcite-core-1.42.0.jar:1.42.0]
	at org.apache.calcite.sql.validate.SqlValidatorImpl.validateScopedExpression(SqlValidatorImpl.java:1428) ~[calcite-core-1.42.0.jar:1.42.0]
	at org.apache.calcite.sql.validate.SqlValidatorImpl.validate(SqlValidatorImpl.java:1134) ~[calcite-core-1.42.0.jar:1.42.0]
	at com.minidb.server.calcite.CalciteContext.planInCluster(CalciteContext.java:86) ~[classes/:?]
	at com.minidb.server.plan.Planner.plan(Planner.java:36) ~[classes/:?]
	at com.minidb.server.exec.QueryExecutor.execute(QueryExecutor.java:99) ~[classes/:?]
	at com.minidb.server.netty.SessionHandler.handleExecute(SessionHandler.java:43) [classes/:?]
	at com.minidb.server.netty.SessionHandler.channelRead0(SessionHandler.java:33) [classes/:?]
	at com.minidb.server.netty.SessionHandler.channelRead0(SessionHandler.java:17) [classes/:?]
	at io.netty.channel.SimpleChannelInboundHandler.channelRead(SimpleChannelInboundHandler.java:99) [netty-transport-4.1.137.Final.jar:4.1.137.Final]
	at io.netty.channel.AbstractChannelHandlerContext.invokeChannelRead(AbstractChannelHandlerContext.java:444) [netty-transport-4.1.137.Final.jar:4.1.137.Final]
	at io.netty.channel.AbstractChannelHandlerContext.invokeChannelRead(AbstractChannelHandlerContext.java:420) [netty-transport-4.1.137.Final.jar:4.1.137.Final]
	at io.netty.channel.AbstractChannelHandlerContext.fireChannelRead(AbstractChannelHandlerContext.java:412) [netty-transport-4.1.137.Final.jar:4.1.137.Final]
	at io.netty.handler.codec.ByteToMessageDecoder.fireChannelRead(ByteToMessageDecoder.java:361) [netty-codec-4.1.137.Final.jar:4.1.137.Final]
	at io.netty.handler.codec.ByteToMessageDecoder.channelRead(ByteToMessageDecoder.java:325) [netty-codec-4.1.137.Final.jar:4.1.137.Final]
	at io.netty.channel.AbstractChannelHandlerContext.invokeChannelRead(AbstractChannelHandlerContext.java:444) [netty-transport-4.1.137.Final.jar:4.1.137.Final]
	at io.netty.channel.AbstractChannelHandlerContext.invokeChannelRead(AbstractChannelHandlerContext.java:420) [netty-transport-4.1.137.Final.jar:4.1.137.Final]
	at io.netty.channel.AbstractChannelHandlerContext.fireChannelRead(AbstractChannelHandlerContext.java:412) [netty-transport-4.1.137.Final.jar:4.1.137.Final]
	at io.netty.channel.DefaultChannelPipeline$HeadContext.channelRead(DefaultChannelPipeline.java:1357) [netty-transport-4.1.137.Final.jar:4.1.137.Final]
	at io.netty.channel.AbstractChannelHandlerContext.invokeChannelRead(AbstractChannelHandlerContext.java:440) [netty-transport-4.1.137.Final.jar:4.1.137.Final]
	at io.netty.channel.AbstractChannelHandlerContext.invokeChannelRead(AbstractChannelHandlerContext.java:420) [netty-transport-4.1.137.Final.jar:4.1.137.Final]
	at io.netty.channel.DefaultChannelPipeline.fireChannelRead(DefaultChannelPipeline.java:868) [netty-transport-4.1.137.Final.jar:4.1.137.Final]
	at io.netty.channel.nio.AbstractNioByteChannel$NioByteUnsafe.read(AbstractNioByteChannel.java:171) [netty-transport-4.1.137.Final.jar:4.1.137.Final]
	at io.netty.channel.nio.NioEventLoop.processSelectedKey(NioEventLoop.java:796) [netty-transport-4.1.137.Final.jar:4.1.137.Final]
	at io.netty.channel.nio.NioEventLoop.processSelectedKeysOptimized(NioEventLoop.java:732) [netty-transport-4.1.137.Final.jar:4.1.137.Final]
	at io.netty.channel.nio.NioEventLoop.processSelectedKeys(NioEventLoop.java:658) [netty-transport-4.1.137.Final.jar:4.1.137.Final]
	at io.netty.channel.nio.NioEventLoop.run(NioEventLoop.java:562) [netty-transport-4.1.137.Final.jar:4.1.137.Final]
	at io.netty.util.concurrent.SingleThreadEventExecutor$4.run(SingleThreadEventExecutor.java:1007) [netty-common-4.1.137.Final.jar:4.1.137.Final]
	at io.netty.util.internal.ThreadExecutorMap$2.run(ThreadExecutorMap.java:74) [netty-common-4.1.137.Final.jar:4.1.137.Final]
	at io.netty.util.concurrent.FastThreadLocalRunnable.run(FastThreadLocalRunnable.java:30) [netty-common-4.1.137.Final.jar:4.1.137.Final]
	at java.base/java.lang.Thread.run(Thread.java:840) [?:?]
Caused by: org.apache.calcite.sql.validate.SqlValidatorException: Object 'does_not_exist' not found
	at java.base/jdk.internal.reflect.NativeConstructorAccessorImpl.newInstance0(Native Method) ~[?:?]
	at java.base/jdk.internal.reflect.NativeConstructorAccessorImpl.newInstance(NativeConstructorAccessorImpl.java:77) ~[?:?]
	at java.base/jdk.internal.reflect.DelegatingConstructorAccessorImpl.newInstance(DelegatingConstructorAccessorImpl.java:45) ~[?:?]
	at java.base/java.lang.reflect.Constructor.newInstanceWithCaller(Constructor.java:500) ~[?:?]
	at java.base/java.lang.reflect.Constructor.newInstance(Constructor.java:481) ~[?:?]
	at org.apache.calcite.runtime.Resources$ExInstWithCause.ex(Resources.java:511) ~[calcite-core-1.42.0.jar:1.42.0]
	at org.apache.calcite.runtime.Resources$ExInst.ex(Resources.java:605) ~[calcite-core-1.42.0.jar:1.42.0]
	... 46 more
2026-08-12 10:03:37.064 INFO  [nioEventLoopGroup-3-5] SessionHandler - query ok: 0 rows affected in 0 ms
2026-08-12 10:03:37.079 INFO  [nioEventLoopGroup-3-5] SessionHandler - query ok: 2 rows affected in 14 ms
2026-08-12 10:03:37.087 INFO  [nioEventLoopGroup-3-5] SessionHandler - query ok: 2 rows returned in 7 ms
2026-08-12 10:03:37.094 INFO  [main] MiniDbServer - MiniDB server closed
2026-08-12 10:03:37.107 INFO  [main] StorageManager - flushed table public.n
2026-08-12 10:03:37.110 INFO  [main] StorageManager - flushed table public.t
2026-08-12 10:03:37.113 INFO  [main] StorageManager - flushed table public.w
2026-08-12 10:03:37.122 INFO  [main] StorageManager - loaded 0 table(s)
2026-08-12 10:03:37.163 INFO  [main] MiniDbServer - MiniDB server bound to port 0
2026-08-12 10:03:37.170 INFO  [nioEventLoopGroup-10-1] SessionHandler - query ok: 0 rows affected in 0 ms
2026-08-12 10:03:37.176 INFO  [nioEventLoopGroup-10-1] SessionHandler - query ok: 3 rows affected in 4 ms
2026-08-12 10:03:37.177 INFO  [nioEventLoopGroup-10-1] SessionHandler - query ok: 0 rows affected in 0 ms
2026-08-12 10:03:37.181 INFO  [nioEventLoopGroup-10-1] SessionHandler - query ok: 2 rows affected in 3 ms
2026-08-12 10:03:37.189 INFO  [nioEventLoopGroup-10-1] SessionHandler - query ok: 2 rows returned in 4 ms
2026-08-12 10:03:37.195 INFO  [nioEventLoopGroup-10-1] SessionHandler - query ok: 3 rows returned in 4 ms
2026-08-12 10:03:37.199 INFO  [nioEventLoopGroup-10-1] SessionHandler - query ok: 3 rows returned in 4 ms
2026-08-12 10:03:37.204 INFO  [nioEventLoopGroup-10-1] SessionHandler - query ok: 2 rows returned in 4 ms
2026-08-12 10:03:37.210 INFO  [nioEventLoopGroup-10-1] SessionHandler - query ok: 3 rows returned in 5 ms
2026-08-12 10:03:37.215 INFO  [nioEventLoopGroup-10-1] SessionHandler - query ok: 2 rows returned in 3 ms
2026-08-12 10:03:37.219 INFO  [nioEventLoopGroup-10-1] SessionHandler - query ok: 3 rows returned in 3 ms
2026-08-12 10:03:37.224 INFO  [nioEventLoopGroup-10-1] SessionHandler - query ok: 2 rows returned in 4 ms
2026-08-12 10:03:37.225 INFO  [main] MiniDbServer - MiniDB server closed
2026-08-12 10:03:37.230 INFO  [main] StorageManager - flushed table public.a
2026-08-12 10:03:37.233 INFO  [main] StorageManager - flushed table public.b
2026-08-12 10:03:37.235 INFO  [main] StorageManager - loaded 0 table(s)
2026-08-12 10:03:37.268 INFO  [main] MiniDbServer - MiniDB server bound to port 0
2026-08-12 10:03:37.276 INFO  [main] MiniDbServer - MiniDB server closed
2026-08-12 10:03:37.283 INFO  [main] StorageManager - loaded 0 table(s)
2026-08-12 10:03:37.324 INFO  [main] MiniDbServer - MiniDB server bound to port 0
2026-08-12 10:03:37.331 INFO  [main] MiniDbServer - MiniDB server closed
2026-08-12 10:03:37.339 INFO  [main] StorageManager - loaded 0 table(s)
2026-08-12 10:03:37.376 INFO  [main] MiniDbServer - MiniDB server bound to port 0
2026-08-12 10:03:37.382 INFO  [nioEventLoopGroup-19-1] SessionHandler - query ok: 0 rows affected in 0 ms
2026-08-12 10:03:37.389 INFO  [nioEventLoopGroup-19-1] SessionHandler - query ok: 1 rows affected in 5 ms
2026-08-12 10:03:37.389 INFO  [main] MiniDbServer - MiniDB server closed
2026-08-12 10:03:37.396 INFO  [main] StorageManager - flushed table public.keep
2026-08-12 13:56:22.043 INFO  [main] StorageManager - loaded 0 table(s)
2026-08-12 13:56:22.586 INFO  [main] MiniDbServer - MiniDB server bound to port 0
2026-08-12 13:56:22.709 INFO  [nioEventLoopGroup-3-1] SessionHandler - query ok: 0 rows affected in 29 ms
2026-08-12 13:56:22.999 INFO  [nioEventLoopGroup-3-1] SessionHandler - metadata ok: 2 rows in 281 ms
2026-08-12 13:56:23.037 INFO  [main] MiniDbServer - MiniDB server closed
2026-08-12 13:56:23.055 INFO  [main] StorageManager - loaded 0 table(s)
2026-08-12 13:56:23.095 INFO  [main] MiniDbServer - MiniDB server bound to port 0
2026-08-12 13:56:23.113 INFO  [nioEventLoopGroup-6-1] SessionHandler - query ok: 0 rows affected in 10 ms
2026-08-12 13:56:23.123 INFO  [nioEventLoopGroup-6-1] SessionHandler - metadata ok: 1 rows in 8 ms
2026-08-12 13:56:23.134 INFO  [main] MiniDbServer - MiniDB server closed
2026-08-12 13:56:23.141 INFO  [main] StorageManager - loaded 0 table(s)
2026-08-12 13:56:23.185 INFO  [main] MiniDbServer - MiniDB server bound to port 0
2026-08-12 13:56:23.194 INFO  [nioEventLoopGroup-9-1] SessionHandler - query ok: 0 rows affected in 0 ms
2026-08-12 13:56:23.198 INFO  [nioEventLoopGroup-9-1] SessionHandler - query ok: 0 rows affected in 0 ms
2026-08-12 13:56:23.199 INFO  [nioEventLoopGroup-9-1] SessionHandler - query ok: 0 rows affected in 0 ms
2026-08-12 13:56:23.202 INFO  [nioEventLoopGroup-9-1] SessionHandler - metadata ok: 2 rows in 1 ms
2026-08-12 13:56:23.209 INFO  [nioEventLoopGroup-9-1] SessionHandler - metadata ok: 1 rows in 1 ms
2026-08-12 13:56:23.215 INFO  [nioEventLoopGroup-9-1] SessionHandler - metadata ok: 0 rows in 3 ms
2026-08-12 13:56:23.222 INFO  [nioEventLoopGroup-9-1] SessionHandler - metadata ok: 2 rows in 2 ms
2026-08-12 13:56:23.227 INFO  [main] MiniDbServer - MiniDB server closed
2026-08-12 13:56:52.731 INFO  [main] StorageManager - loaded 0 table(s)
2026-08-12 13:56:53.226 INFO  [main] MiniDbServer - MiniDB server bound to port 0
2026-08-12 13:56:53.571 INFO  [nioEventLoopGroup-3-1] SessionHandler - query ok: 0 rows affected in 241 ms
2026-08-12 13:56:54.825 INFO  [nioEventLoopGroup-3-1] SessionHandler - query ok: 4 rows affected in 1251 ms
2026-08-12 13:56:54.969 INFO  [nioEventLoopGroup-3-1] SessionHandler - query ok: 2 rows returned in 142 ms
2026-08-12 13:56:55.041 INFO  [nioEventLoopGroup-3-2] SessionHandler - query ok: 0 rows affected in 0 ms
2026-08-12 13:56:55.060 INFO  [nioEventLoopGroup-3-2] SessionHandler - query ok: 0 rows returned in 16 ms
2026-08-12 13:56:55.075 INFO  [nioEventLoopGroup-3-3] SessionHandler - query ok: 0 rows affected in 0 ms
2026-08-12 13:56:55.081 INFO  [nioEventLoopGroup-3-3] SessionHandler - query ok: 1 rows affected in 5 ms
2026-08-12 13:56:55.090 INFO  [nioEventLoopGroup-3-3] SessionHandler - query ok: 1 rows returned in 5 ms
2026-08-12 13:56:55.123 WARN  [nioEventLoopGroup-3-4] SessionHandler - query failed in 19 ms: SELECT * FROM does_not_exist
org.apache.calcite.runtime.CalciteContextException: From line 1, column 15 to line 1, column 28: Object 'does_not_exist' not found
	at java.base/jdk.internal.reflect.NativeConstructorAccessorImpl.newInstance0(Native Method) ~[?:?]
	at java.base/jdk.internal.reflect.NativeConstructorAccessorImpl.newInstance(NativeConstructorAccessorImpl.java:77) ~[?:?]
	at java.base/jdk.internal.reflect.DelegatingConstructorAccessorImpl.newInstance(DelegatingConstructorAccessorImpl.java:45) ~[?:?]
	at java.base/java.lang.reflect.Constructor.newInstanceWithCaller(Constructor.java:500) ~[?:?]
	at java.base/java.lang.reflect.Constructor.newInstance(Constructor.java:481) ~[?:?]
	at org.apache.calcite.runtime.Resources$ExInstWithCause.ex(Resources.java:511) ~[calcite-core-1.42.0.jar:1.42.0]
	at org.apache.calcite.sql.SqlUtil.newContextException(SqlUtil.java:960) ~[calcite-core-1.42.0.jar:1.42.0]
	at org.apache.calcite.sql.SqlUtil.newContextException(SqlUtil.java:945) ~[calcite-core-1.42.0.jar:1.42.0]
	at org.apache.calcite.sql.validate.SqlValidatorImpl.newValidationError(SqlValidatorImpl.java:6376) ~[calcite-core-1.42.0.jar:1.42.0]
	at org.apache.calcite.sql.validate.IdentifierNamespace.resolveImpl(IdentifierNamespace.java:184) ~[calcite-core-1.42.0.jar:1.42.0]
	at org.apache.calcite.sql.validate.IdentifierNamespace.validateImpl(IdentifierNamespace.java:189) ~[calcite-core-1.42.0.jar:1.42.0]
	at org.apache.calcite.sql.validate.AbstractNamespace.validate(AbstractNamespace.java:96) ~[calcite-core-1.42.0.jar:1.42.0]
	at org.apache.calcite.sql.validate.SqlValidatorImpl.validateNamespace(SqlValidatorImpl.java:1491) ~[calcite-core-1.42.0.jar:1.42.0]
	at org.apache.calcite.sql.validate.SqlValidatorImpl.validateQuery(SqlValidatorImpl.java:1462) ~[calcite-core-1.42.0.jar:1.42.0]
	at org.apache.calcite.sql.validate.SqlValidatorImpl.validateFrom(SqlValidatorImpl.java:3924) ~[calcite-core-1.42.0.jar:1.42.0]
	at org.apache.calcite.sql.validate.SqlValidatorImpl.validateFrom(SqlValidatorImpl.java:3903) ~[calcite-core-1.42.0.jar:1.42.0]
	at org.apache.calcite.sql.validate.SqlValidatorImpl.validateSelect(SqlValidatorImpl.java:4437) ~[calcite-core-1.42.0.jar:1.42.0]
	at org.apache.calcite.sql.validate.SelectNamespace.validateImpl(SelectNamespace.java:62) ~[calcite-core-1.42.0.jar:1.42.0]
	at org.apache.calcite.sql.validate.AbstractNamespace.validate(AbstractNamespace.java:96) ~[calcite-core-1.42.0.jar:1.42.0]
	at org.apache.calcite.sql.validate.SqlValidatorImpl.validateNamespace(SqlValidatorImpl.java:1491) ~[calcite-core-1.42.0.jar:1.42.0]
	at org.apache.calcite.sql.validate.SqlValidatorImpl.validateQuery(SqlValidatorImpl.java:1462) ~[calcite-core-1.42.0.jar:1.42.0]
	at org.apache.calcite.sql.SqlSelect.validate(SqlSelect.java:292) ~[calcite-core-1.42.0.jar:1.42.0]
	at org.apache.calcite.sql.validate.SqlValidatorImpl.validateScopedExpression(SqlValidatorImpl.java:1428) ~[calcite-core-1.42.0.jar:1.42.0]
	at org.apache.calcite.sql.validate.SqlValidatorImpl.validate(SqlValidatorImpl.java:1134) ~[calcite-core-1.42.0.jar:1.42.0]
	at com.minidb.server.calcite.CalciteContext.planInCluster(CalciteContext.java:86) ~[classes/:?]
	at com.minidb.server.plan.Planner.plan(Planner.java:36) ~[classes/:?]
	at com.minidb.server.exec.QueryExecutor.execute(QueryExecutor.java:99) ~[classes/:?]
	at com.minidb.server.netty.SessionHandler.handleExecute(SessionHandler.java:55) [classes/:?]
	at com.minidb.server.netty.SessionHandler.channelRead0(SessionHandler.java:37) [classes/:?]
	at com.minidb.server.netty.SessionHandler.channelRead0(SessionHandler.java:19) [classes/:?]
	at io.netty.channel.SimpleChannelInboundHandler.channelRead(SimpleChannelInboundHandler.java:99) [netty-transport-4.1.137.Final.jar:4.1.137.Final]
	at io.netty.channel.AbstractChannelHandlerContext.invokeChannelRead(AbstractChannelHandlerContext.java:444) [netty-transport-4.1.137.Final.jar:4.1.137.Final]
	at io.netty.channel.AbstractChannelHandlerContext.invokeChannelRead(AbstractChannelHandlerContext.java:420) [netty-transport-4.1.137.Final.jar:4.1.137.Final]
	at io.netty.channel.AbstractChannelHandlerContext.fireChannelRead(AbstractChannelHandlerContext.java:412) [netty-transport-4.1.137.Final.jar:4.1.137.Final]
	at io.netty.handler.codec.ByteToMessageDecoder.fireChannelRead(ByteToMessageDecoder.java:361) [netty-codec-4.1.137.Final.jar:4.1.137.Final]
	at io.netty.handler.codec.ByteToMessageDecoder.channelRead(ByteToMessageDecoder.java:325) [netty-codec-4.1.137.Final.jar:4.1.137.Final]
	at io.netty.channel.AbstractChannelHandlerContext.invokeChannelRead(AbstractChannelHandlerContext.java:444) [netty-transport-4.1.137.Final.jar:4.1.137.Final]
	at io.netty.channel.AbstractChannelHandlerContext.invokeChannelRead(AbstractChannelHandlerContext.java:420) [netty-transport-4.1.137.Final.jar:4.1.137.Final]
	at io.netty.channel.AbstractChannelHandlerContext.fireChannelRead(AbstractChannelHandlerContext.java:412) [netty-transport-4.1.137.Final.jar:4.1.137.Final]
	at io.netty.channel.DefaultChannelPipeline$HeadContext.channelRead(DefaultChannelPipeline.java:1357) [netty-transport-4.1.137.Final.jar:4.1.137.Final]
	at io.netty.channel.AbstractChannelHandlerContext.invokeChannelRead(AbstractChannelHandlerContext.java:440) [netty-transport-4.1.137.Final.jar:4.1.137.Final]
	at io.netty.channel.AbstractChannelHandlerContext.invokeChannelRead(AbstractChannelHandlerContext.java:420) [netty-transport-4.1.137.Final.jar:4.1.137.Final]
	at io.netty.channel.DefaultChannelPipeline.fireChannelRead(DefaultChannelPipeline.java:868) [netty-transport-4.1.137.Final.jar:4.1.137.Final]
	at io.netty.channel.nio.AbstractNioByteChannel$NioByteUnsafe.read(AbstractNioByteChannel.java:171) [netty-transport-4.1.137.Final.jar:4.1.137.Final]
	at io.netty.channel.nio.NioEventLoop.processSelectedKey(NioEventLoop.java:796) [netty-transport-4.1.137.Final.jar:4.1.137.Final]
	at io.netty.channel.nio.NioEventLoop.processSelectedKeysOptimized(NioEventLoop.java:732) [netty-transport-4.1.137.Final.jar:4.1.137.Final]
	at io.netty.channel.nio.NioEventLoop.processSelectedKeys(NioEventLoop.java:658) [netty-transport-4.1.137.Final.jar:4.1.137.Final]
	at io.netty.channel.nio.NioEventLoop.run(NioEventLoop.java:562) [netty-transport-4.1.137.Final.jar:4.1.137.Final]
	at io.netty.util.concurrent.SingleThreadEventExecutor$4.run(SingleThreadEventExecutor.java:1007) [netty-common-4.1.137.Final.jar:4.1.137.Final]
	at io.netty.util.internal.ThreadExecutorMap$2.run(ThreadExecutorMap.java:74) [netty-common-4.1.137.Final.jar:4.1.137.Final]
	at io.netty.util.concurrent.FastThreadLocalRunnable.run(FastThreadLocalRunnable.java:30) [netty-common-4.1.137.Final.jar:4.1.137.Final]
	at java.base/java.lang.Thread.run(Thread.java:840) [?:?]
Caused by: org.apache.calcite.sql.validate.SqlValidatorException: Object 'does_not_exist' not found
	at java.base/jdk.internal.reflect.NativeConstructorAccessorImpl.newInstance0(Native Method) ~[?:?]
	at java.base/jdk.internal.reflect.NativeConstructorAccessorImpl.newInstance(NativeConstructorAccessorImpl.java:77) ~[?:?]
	at java.base/jdk.internal.reflect.DelegatingConstructorAccessorImpl.newInstance(DelegatingConstructorAccessorImpl.java:45) ~[?:?]
	at java.base/java.lang.reflect.Constructor.newInstanceWithCaller(Constructor.java:500) ~[?:?]
	at java.base/java.lang.reflect.Constructor.newInstance(Constructor.java:481) ~[?:?]
	at org.apache.calcite.runtime.Resources$ExInstWithCause.ex(Resources.java:511) ~[calcite-core-1.42.0.jar:1.42.0]
	at org.apache.calcite.runtime.Resources$ExInst.ex(Resources.java:605) ~[calcite-core-1.42.0.jar:1.42.0]
	... 46 more
2026-08-12 13:56:55.154 INFO  [nioEventLoopGroup-3-5] SessionHandler - query ok: 0 rows affected in 0 ms
2026-08-12 13:56:55.172 INFO  [nioEventLoopGroup-3-5] SessionHandler - query ok: 2 rows affected in 16 ms
2026-08-12 13:56:55.181 INFO  [nioEventLoopGroup-3-5] SessionHandler - query ok: 2 rows returned in 7 ms
2026-08-12 13:56:55.186 INFO  [main] MiniDbServer - MiniDB server closed
2026-08-12 13:56:55.197 INFO  [main] StorageManager - flushed table public.n
2026-08-12 13:56:55.200 INFO  [main] StorageManager - flushed table public.t
2026-08-12 13:56:55.202 INFO  [main] StorageManager - flushed table public.w
2026-08-12 13:56:55.211 INFO  [main] StorageManager - loaded 0 table(s)
2026-08-12 13:56:55.246 INFO  [main] MiniDbServer - MiniDB server bound to port 0
2026-08-12 13:56:55.262 INFO  [nioEventLoopGroup-10-1] SessionHandler - query ok: 0 rows affected in 0 ms
2026-08-12 13:56:55.269 INFO  [nioEventLoopGroup-10-1] SessionHandler - query ok: 3 rows affected in 6 ms
2026-08-12 13:56:55.271 INFO  [nioEventLoopGroup-10-1] SessionHandler - query ok: 0 rows affected in 0 ms
2026-08-12 13:56:55.288 INFO  [nioEventLoopGroup-10-1] SessionHandler - query ok: 2 rows affected in 3 ms
2026-08-12 13:56:55.296 INFO  [nioEventLoopGroup-10-1] SessionHandler - query ok: 3 rows returned in 4 ms
2026-08-12 13:56:55.301 INFO  [nioEventLoopGroup-10-1] SessionHandler - query ok: 2 rows returned in 5 ms
2026-08-12 13:56:55.306 INFO  [nioEventLoopGroup-10-1] SessionHandler - query ok: 3 rows returned in 3 ms
2026-08-12 13:56:55.310 INFO  [nioEventLoopGroup-10-1] SessionHandler - query ok: 2 rows returned in 3 ms
2026-08-12 13:56:55.315 INFO  [nioEventLoopGroup-10-1] SessionHandler - query ok: 2 rows returned in 4 ms
2026-08-12 13:56:55.320 INFO  [nioEventLoopGroup-10-1] SessionHandler - query ok: 3 rows returned in 4 ms
2026-08-12 13:56:55.324 INFO  [nioEventLoopGroup-10-1] SessionHandler - query ok: 2 rows returned in 3 ms
2026-08-12 13:56:55.328 INFO  [nioEventLoopGroup-10-1] SessionHandler - query ok: 3 rows returned in 3 ms
2026-08-12 13:56:55.329 INFO  [main] MiniDbServer - MiniDB server closed
2026-08-12 13:56:55.335 INFO  [main] StorageManager - flushed table public.a
2026-08-12 13:56:55.337 INFO  [main] StorageManager - flushed table public.b
2026-08-12 13:56:55.340 INFO  [main] StorageManager - loaded 0 table(s)
2026-08-12 13:56:55.374 INFO  [main] MiniDbServer - MiniDB server bound to port 0
2026-08-12 13:56:55.381 INFO  [main] MiniDbServer - MiniDB server closed
2026-08-12 13:56:55.387 INFO  [main] StorageManager - loaded 0 table(s)
2026-08-12 13:56:55.428 INFO  [main] MiniDbServer - MiniDB server bound to port 0
2026-08-12 13:56:55.438 INFO  [main] MiniDbServer - MiniDB server closed
2026-08-12 13:56:55.447 INFO  [main] StorageManager - loaded 0 table(s)
2026-08-12 13:56:55.486 INFO  [main] MiniDbServer - MiniDB server bound to port 0
2026-08-12 13:56:55.494 INFO  [nioEventLoopGroup-19-1] SessionHandler - query ok: 0 rows affected in 1 ms
2026-08-12 13:56:55.500 INFO  [nioEventLoopGroup-19-1] SessionHandler - metadata ok: 2 rows in 1 ms
2026-08-12 13:56:55.502 INFO  [main] MiniDbServer - MiniDB server closed
2026-08-12 13:56:55.513 INFO  [main] StorageManager - loaded 0 table(s)
2026-08-12 13:56:55.550 INFO  [main] MiniDbServer - MiniDB server bound to port 0
2026-08-12 13:56:55.557 INFO  [nioEventLoopGroup-22-1] SessionHandler - query ok: 0 rows affected in 0 ms
2026-08-12 13:56:55.564 INFO  [nioEventLoopGroup-22-1] SessionHandler - metadata ok: 1 rows in 5 ms
2026-08-12 13:56:55.570 INFO  [main] MiniDbServer - MiniDB server closed
2026-08-12 13:56:55.578 INFO  [main] StorageManager - loaded 0 table(s)
2026-08-12 13:56:55.621 INFO  [main] MiniDbServer - MiniDB server bound to port 0
2026-08-12 13:56:55.627 INFO  [nioEventLoopGroup-25-1] SessionHandler - query ok: 0 rows affected in 0 ms
2026-08-12 13:56:55.629 INFO  [nioEventLoopGroup-25-1] SessionHandler - query ok: 0 rows affected in 0 ms
2026-08-12 13:56:55.630 INFO  [nioEventLoopGroup-25-1] SessionHandler - query ok: 0 rows affected in 0 ms
2026-08-12 13:56:55.634 INFO  [nioEventLoopGroup-25-1] SessionHandler - metadata ok: 2 rows in 2 ms
2026-08-12 13:56:55.638 INFO  [nioEventLoopGroup-25-1] SessionHandler - metadata ok: 1 rows in 0 ms
2026-08-12 13:56:55.643 INFO  [nioEventLoopGroup-25-1] SessionHandler - metadata ok: 0 rows in 1 ms
2026-08-12 13:56:55.647 INFO  [nioEventLoopGroup-25-1] SessionHandler - metadata ok: 2 rows in 1 ms
2026-08-12 13:56:55.651 INFO  [main] MiniDbServer - MiniDB server closed
2026-08-12 13:56:55.657 INFO  [main] StorageManager - loaded 0 table(s)
2026-08-12 13:56:55.695 INFO  [main] MiniDbServer - MiniDB server bound to port 0
2026-08-12 13:56:55.702 INFO  [nioEventLoopGroup-28-1] SessionHandler - query ok: 0 rows affected in 0 ms
2026-08-12 13:56:55.707 INFO  [nioEventLoopGroup-28-1] SessionHandler - query ok: 1 rows affected in 3 ms
2026-08-12 13:56:55.707 INFO  [main] MiniDbServer - MiniDB server closed
2026-08-12 13:56:55.713 INFO  [main] StorageManager - flushed table public.keep
2026-08-12 13:56:55.717 INFO  [main] StorageManager - loaded 1 table(s)
2026-08-12 13:56:55.753 INFO  [main] MiniDbServer - MiniDB server bound to port 0
2026-08-12 13:56:55.765 INFO  [nioEventLoopGroup-31-1] SessionHandler - query ok: 1 rows returned in 4 ms
2026-08-12 13:56:55.767 INFO  [main] MiniDbServer - MiniDB server closed
2026-08-12 14:02:23.847 INFO  [main] StorageManager - loaded 0 table(s)
2026-08-12 14:02:24.365 INFO  [main] MiniDbServer - MiniDB server bound to port 0
2026-08-12 14:02:24.725 INFO  [nioEventLoopGroup-3-1] SessionHandler - query ok: 0 rows affected in 255 ms
2026-08-12 14:02:25.948 INFO  [nioEventLoopGroup-3-1] SessionHandler - query ok: 4 rows affected in 1218 ms
2026-08-12 14:02:26.095 INFO  [nioEventLoopGroup-3-1] SessionHandler - query ok: 2 rows returned in 145 ms
2026-08-12 14:02:26.156 INFO  [nioEventLoopGroup-3-2] SessionHandler - query ok: 0 rows affected in 0 ms
2026-08-12 14:02:26.167 INFO  [nioEventLoopGroup-3-2] SessionHandler - query ok: 0 rows returned in 10 ms
2026-08-12 14:02:26.182 INFO  [nioEventLoopGroup-3-3] SessionHandler - query ok: 0 rows affected in 0 ms
2026-08-12 14:02:26.190 INFO  [nioEventLoopGroup-3-3] SessionHandler - query ok: 1 rows affected in 6 ms
2026-08-12 14:02:26.196 INFO  [nioEventLoopGroup-3-3] SessionHandler - query ok: 1 rows returned in 4 ms
2026-08-12 14:02:26.232 WARN  [nioEventLoopGroup-3-4] SessionHandler - query failed in 20 ms: SELECT * FROM does_not_exist
org.apache.calcite.runtime.CalciteContextException: From line 1, column 15 to line 1, column 28: Object 'does_not_exist' not found
	at java.base/jdk.internal.reflect.NativeConstructorAccessorImpl.newInstance0(Native Method) ~[?:?]
	at java.base/jdk.internal.reflect.NativeConstructorAccessorImpl.newInstance(NativeConstructorAccessorImpl.java:77) ~[?:?]
	at java.base/jdk.internal.reflect.DelegatingConstructorAccessorImpl.newInstance(DelegatingConstructorAccessorImpl.java:45) ~[?:?]
	at java.base/java.lang.reflect.Constructor.newInstanceWithCaller(Constructor.java:500) ~[?:?]
	at java.base/java.lang.reflect.Constructor.newInstance(Constructor.java:481) ~[?:?]
	at org.apache.calcite.runtime.Resources$ExInstWithCause.ex(Resources.java:511) ~[calcite-core-1.42.0.jar:1.42.0]
	at org.apache.calcite.sql.SqlUtil.newContextException(SqlUtil.java:960) ~[calcite-core-1.42.0.jar:1.42.0]
	at org.apache.calcite.sql.SqlUtil.newContextException(SqlUtil.java:945) ~[calcite-core-1.42.0.jar:1.42.0]
	at org.apache.calcite.sql.validate.SqlValidatorImpl.newValidationError(SqlValidatorImpl.java:6376) ~[calcite-core-1.42.0.jar:1.42.0]
	at org.apache.calcite.sql.validate.IdentifierNamespace.resolveImpl(IdentifierNamespace.java:184) ~[calcite-core-1.42.0.jar:1.42.0]
	at org.apache.calcite.sql.validate.IdentifierNamespace.validateImpl(IdentifierNamespace.java:189) ~[calcite-core-1.42.0.jar:1.42.0]
	at org.apache.calcite.sql.validate.AbstractNamespace.validate(AbstractNamespace.java:96) ~[calcite-core-1.42.0.jar:1.42.0]
	at org.apache.calcite.sql.validate.SqlValidatorImpl.validateNamespace(SqlValidatorImpl.java:1491) ~[calcite-core-1.42.0.jar:1.42.0]
	at org.apache.calcite.sql.validate.SqlValidatorImpl.validateQuery(SqlValidatorImpl.java:1462) ~[calcite-core-1.42.0.jar:1.42.0]
	at org.apache.calcite.sql.validate.SqlValidatorImpl.validateFrom(SqlValidatorImpl.java:3924) ~[calcite-core-1.42.0.jar:1.42.0]
	at org.apache.calcite.sql.validate.SqlValidatorImpl.validateFrom(SqlValidatorImpl.java:3903) ~[calcite-core-1.42.0.jar:1.42.0]
	at org.apache.calcite.sql.validate.SqlValidatorImpl.validateSelect(SqlValidatorImpl.java:4437) ~[calcite-core-1.42.0.jar:1.42.0]
	at org.apache.calcite.sql.validate.SelectNamespace.validateImpl(SelectNamespace.java:62) ~[calcite-core-1.42.0.jar:1.42.0]
	at org.apache.calcite.sql.validate.AbstractNamespace.validate(AbstractNamespace.java:96) ~[calcite-core-1.42.0.jar:1.42.0]
	at org.apache.calcite.sql.validate.SqlValidatorImpl.validateNamespace(SqlValidatorImpl.java:1491) ~[calcite-core-1.42.0.jar:1.42.0]
	at org.apache.calcite.sql.validate.SqlValidatorImpl.validateQuery(SqlValidatorImpl.java:1462) ~[calcite-core-1.42.0.jar:1.42.0]
	at org.apache.calcite.sql.SqlSelect.validate(SqlSelect.java:292) ~[calcite-core-1.42.0.jar:1.42.0]
	at org.apache.calcite.sql.validate.SqlValidatorImpl.validateScopedExpression(SqlValidatorImpl.java:1428) ~[calcite-core-1.42.0.jar:1.42.0]
	at org.apache.calcite.sql.validate.SqlValidatorImpl.validate(SqlValidatorImpl.java:1134) ~[calcite-core-1.42.0.jar:1.42.0]
	at com.minidb.server.calcite.CalciteContext.planInCluster(CalciteContext.java:86) ~[classes/:?]
	at com.minidb.server.plan.Planner.plan(Planner.java:36) ~[classes/:?]
	at com.minidb.server.exec.QueryExecutor.execute(QueryExecutor.java:99) ~[classes/:?]
	at com.minidb.server.netty.SessionHandler.handleExecute(SessionHandler.java:55) [classes/:?]
	at com.minidb.server.netty.SessionHandler.channelRead0(SessionHandler.java:37) [classes/:?]
	at com.minidb.server.netty.SessionHandler.channelRead0(SessionHandler.java:19) [classes/:?]
	at io.netty.channel.SimpleChannelInboundHandler.channelRead(SimpleChannelInboundHandler.java:99) [netty-transport-4.1.137.Final.jar:4.1.137.Final]
	at io.netty.channel.AbstractChannelHandlerContext.invokeChannelRead(AbstractChannelHandlerContext.java:444) [netty-transport-4.1.137.Final.jar:4.1.137.Final]
	at io.netty.channel.AbstractChannelHandlerContext.invokeChannelRead(AbstractChannelHandlerContext.java:420) [netty-transport-4.1.137.Final.jar:4.1.137.Final]
	at io.netty.channel.AbstractChannelHandlerContext.fireChannelRead(AbstractChannelHandlerContext.java:412) [netty-transport-4.1.137.Final.jar:4.1.137.Final]
	at io.netty.handler.codec.ByteToMessageDecoder.fireChannelRead(ByteToMessageDecoder.java:361) [netty-codec-4.1.137.Final.jar:4.1.137.Final]
	at io.netty.handler.codec.ByteToMessageDecoder.channelRead(ByteToMessageDecoder.java:325) [netty-codec-4.1.137.Final.jar:4.1.137.Final]
	at io.netty.channel.AbstractChannelHandlerContext.invokeChannelRead(AbstractChannelHandlerContext.java:444) [netty-transport-4.1.137.Final.jar:4.1.137.Final]
	at io.netty.channel.AbstractChannelHandlerContext.invokeChannelRead(AbstractChannelHandlerContext.java:420) [netty-transport-4.1.137.Final.jar:4.1.137.Final]
	at io.netty.channel.AbstractChannelHandlerContext.fireChannelRead(AbstractChannelHandlerContext.java:412) [netty-transport-4.1.137.Final.jar:4.1.137.Final]
	at io.netty.channel.DefaultChannelPipeline$HeadContext.channelRead(DefaultChannelPipeline.java:1357) [netty-transport-4.1.137.Final.jar:4.1.137.Final]
	at io.netty.channel.AbstractChannelHandlerContext.invokeChannelRead(AbstractChannelHandlerContext.java:440) [netty-transport-4.1.137.Final.jar:4.1.137.Final]
	at io.netty.channel.AbstractChannelHandlerContext.invokeChannelRead(AbstractChannelHandlerContext.java:420) [netty-transport-4.1.137.Final.jar:4.1.137.Final]
	at io.netty.channel.DefaultChannelPipeline.fireChannelRead(DefaultChannelPipeline.java:868) [netty-transport-4.1.137.Final.jar:4.1.137.Final]
	at io.netty.channel.nio.AbstractNioByteChannel$NioByteUnsafe.read(AbstractNioByteChannel.java:171) [netty-transport-4.1.137.Final.jar:4.1.137.Final]
	at io.netty.channel.nio.NioEventLoop.processSelectedKey(NioEventLoop.java:796) [netty-transport-4.1.137.Final.jar:4.1.137.Final]
	at io.netty.channel.nio.NioEventLoop.processSelectedKeysOptimized(NioEventLoop.java:732) [netty-transport-4.1.137.Final.jar:4.1.137.Final]
	at io.netty.channel.nio.NioEventLoop.processSelectedKeys(NioEventLoop.java:658) [netty-transport-4.1.137.Final.jar:4.1.137.Final]
	at io.netty.channel.nio.NioEventLoop.run(NioEventLoop.java:562) [netty-transport-4.1.137.Final.jar:4.1.137.Final]
	at io.netty.util.concurrent.SingleThreadEventExecutor$4.run(SingleThreadEventExecutor.java:1007) [netty-common-4.1.137.Final.jar:4.1.137.Final]
	at io.netty.util.internal.ThreadExecutorMap$2.run(ThreadExecutorMap.java:74) [netty-common-4.1.137.Final.jar:4.1.137.Final]
	at io.netty.util.concurrent.FastThreadLocalRunnable.run(FastThreadLocalRunnable.java:30) [netty-common-4.1.137.Final.jar:4.1.137.Final]
	at java.base/java.lang.Thread.run(Thread.java:840) [?:?]
Caused by: org.apache.calcite.sql.validate.SqlValidatorException: Object 'does_not_exist' not found
	at java.base/jdk.internal.reflect.NativeConstructorAccessorImpl.newInstance0(Native Method) ~[?:?]
	at java.base/jdk.internal.reflect.NativeConstructorAccessorImpl.newInstance(NativeConstructorAccessorImpl.java:77) ~[?:?]
	at java.base/jdk.internal.reflect.DelegatingConstructorAccessorImpl.newInstance(DelegatingConstructorAccessorImpl.java:45) ~[?:?]
	at java.base/java.lang.reflect.Constructor.newInstanceWithCaller(Constructor.java:500) ~[?:?]
	at java.base/java.lang.reflect.Constructor.newInstance(Constructor.java:481) ~[?:?]
	at org.apache.calcite.runtime.Resources$ExInstWithCause.ex(Resources.java:511) ~[calcite-core-1.42.0.jar:1.42.0]
	at org.apache.calcite.runtime.Resources$ExInst.ex(Resources.java:605) ~[calcite-core-1.42.0.jar:1.42.0]
	... 46 more
2026-08-12 14:02:26.266 INFO  [nioEventLoopGroup-3-5] SessionHandler - query ok: 0 rows affected in 0 ms
2026-08-12 14:02:26.281 INFO  [nioEventLoopGroup-3-5] SessionHandler - query ok: 2 rows affected in 14 ms
2026-08-12 14:02:26.288 INFO  [nioEventLoopGroup-3-5] SessionHandler - query ok: 2 rows returned in 6 ms
2026-08-12 14:02:26.294 INFO  [main] MiniDbServer - MiniDB server closed
2026-08-12 14:02:26.306 INFO  [main] StorageManager - flushed table public.n
2026-08-12 14:02:26.309 INFO  [main] StorageManager - flushed table public.t
2026-08-12 14:02:26.312 INFO  [main] StorageManager - flushed table public.w
2026-08-12 14:02:26.319 INFO  [main] StorageManager - loaded 0 table(s)
2026-08-12 14:02:26.356 INFO  [main] MiniDbServer - MiniDB server bound to port 0
2026-08-12 14:02:26.367 INFO  [nioEventLoopGroup-10-1] SessionHandler - query ok: 0 rows affected in 0 ms
2026-08-12 14:02:26.386 INFO  [nioEventLoopGroup-10-1] SessionHandler - query ok: 3 rows affected in 18 ms
2026-08-12 14:02:26.387 INFO  [nioEventLoopGroup-10-1] SessionHandler - query ok: 0 rows affected in 0 ms
2026-08-12 14:02:26.392 INFO  [nioEventLoopGroup-10-1] SessionHandler - query ok: 2 rows affected in 3 ms
2026-08-12 14:02:26.399 INFO  [nioEventLoopGroup-10-1] SessionHandler - query ok: 3 rows returned in 4 ms
2026-08-12 14:02:26.403 INFO  [nioEventLoopGroup-10-1] SessionHandler - query ok: 2 rows returned in 3 ms
2026-08-12 14:02:26.409 INFO  [nioEventLoopGroup-10-1] SessionHandler - query ok: 3 rows returned in 4 ms
2026-08-12 14:02:26.413 INFO  [nioEventLoopGroup-10-1] SessionHandler - query ok: 2 rows returned in 3 ms
2026-08-12 14:02:26.418 INFO  [nioEventLoopGroup-10-1] SessionHandler - query ok: 3 rows returned in 4 ms
2026-08-12 14:02:26.423 INFO  [nioEventLoopGroup-10-1] SessionHandler - query ok: 2 rows returned in 4 ms
2026-08-12 14:02:26.427 INFO  [nioEventLoopGroup-10-1] SessionHandler - query ok: 3 rows returned in 3 ms
2026-08-12 14:02:26.431 INFO  [nioEventLoopGroup-10-1] SessionHandler - query ok: 2 rows returned in 3 ms
2026-08-12 14:02:26.433 INFO  [main] MiniDbServer - MiniDB server closed
2026-08-12 14:02:26.438 INFO  [main] StorageManager - flushed table public.a
2026-08-12 14:02:26.441 INFO  [main] StorageManager - flushed table public.b
2026-08-12 14:02:26.444 INFO  [main] StorageManager - loaded 0 table(s)
2026-08-12 14:02:26.483 INFO  [main] MiniDbServer - MiniDB server bound to port 0
2026-08-12 14:02:26.491 INFO  [main] MiniDbServer - MiniDB server closed
2026-08-12 14:02:26.500 INFO  [main] StorageManager - loaded 0 table(s)
2026-08-12 14:02:26.540 INFO  [main] MiniDbServer - MiniDB server bound to port 0
2026-08-12 14:02:26.546 INFO  [main] MiniDbServer - MiniDB server closed
2026-08-12 14:02:26.554 INFO  [main] StorageManager - loaded 0 table(s)
2026-08-12 14:02:26.595 INFO  [main] MiniDbServer - MiniDB server bound to port 0
2026-08-12 14:02:26.601 INFO  [nioEventLoopGroup-19-1] SessionHandler - query ok: 0 rows affected in 0 ms
2026-08-12 14:02:26.606 INFO  [nioEventLoopGroup-19-1] SessionHandler - metadata ok: 2 rows in 1 ms
2026-08-12 14:02:26.609 INFO  [main] MiniDbServer - MiniDB server closed
2026-08-12 14:02:26.618 INFO  [main] StorageManager - loaded 0 table(s)
2026-08-12 14:02:26.653 INFO  [main] MiniDbServer - MiniDB server bound to port 0
2026-08-12 14:02:26.660 INFO  [nioEventLoopGroup-22-1] SessionHandler - query ok: 0 rows affected in 0 ms
2026-08-12 14:02:26.667 INFO  [nioEventLoopGroup-22-1] SessionHandler - metadata ok: 1 rows in 5 ms
2026-08-12 14:02:26.674 INFO  [main] MiniDbServer - MiniDB server closed
2026-08-12 14:02:26.679 INFO  [main] StorageManager - loaded 0 table(s)
2026-08-12 14:02:26.722 INFO  [main] MiniDbServer - MiniDB server bound to port 0
2026-08-12 14:02:26.728 INFO  [nioEventLoopGroup-25-1] SessionHandler - query ok: 0 rows affected in 0 ms
2026-08-12 14:02:26.729 INFO  [nioEventLoopGroup-25-1] SessionHandler - query ok: 0 rows affected in 0 ms
2026-08-12 14:02:26.731 INFO  [nioEventLoopGroup-25-1] SessionHandler - query ok: 0 rows affected in 0 ms
2026-08-12 14:02:26.734 INFO  [nioEventLoopGroup-25-1] SessionHandler - metadata ok: 2 rows in 1 ms
2026-08-12 14:02:26.739 INFO  [nioEventLoopGroup-25-1] SessionHandler - metadata ok: 1 rows in 0 ms
2026-08-12 14:02:26.743 INFO  [nioEventLoopGroup-25-1] SessionHandler - metadata ok: 0 rows in 1 ms
2026-08-12 14:02:26.746 INFO  [nioEventLoopGroup-25-1] SessionHandler - metadata ok: 2 rows in 1 ms
2026-08-12 14:02:26.751 INFO  [main] MiniDbServer - MiniDB server closed
2026-08-12 14:02:26.758 INFO  [main] StorageManager - loaded 0 table(s)
2026-08-12 14:02:26.797 INFO  [main] MiniDbServer - MiniDB server bound to port 0
2026-08-12 14:02:26.803 INFO  [nioEventLoopGroup-28-1] SessionHandler - query ok: 0 rows affected in 0 ms
2026-08-12 14:02:26.808 INFO  [nioEventLoopGroup-28-1] SessionHandler - query ok: 1 rows affected in 4 ms
2026-08-12 14:02:26.809 INFO  [main] MiniDbServer - MiniDB server closed
2026-08-12 14:02:26.815 INFO  [main] StorageManager - flushed table public.keep
2026-08-12 14:02:26.819 INFO  [main] StorageManager - loaded 1 table(s)
2026-08-12 14:02:26.857 INFO  [main] MiniDbServer - MiniDB server bound to port 0
2026-08-12 14:02:26.868 INFO  [nioEventLoopGroup-31-1] SessionHandler - query ok: 1 rows returned in 3 ms
2026-08-12 14:02:26.869 INFO  [main] MiniDbServer - MiniDB server closed
2026-08-12 14:02:43.912 INFO  [main] StorageManager - loaded 0 table(s)
2026-08-12 14:02:44.413 INFO  [main] MiniDbServer - MiniDB server bound to port 0
2026-08-12 14:02:44.759 INFO  [nioEventLoopGroup-3-1] SessionHandler - query ok: 0 rows affected in 243 ms
2026-08-12 14:02:46.019 INFO  [nioEventLoopGroup-3-1] SessionHandler - query ok: 4 rows affected in 1257 ms
2026-08-12 14:02:46.174 INFO  [nioEventLoopGroup-3-1] SessionHandler - query ok: 2 rows returned in 152 ms
2026-08-12 14:02:46.240 INFO  [nioEventLoopGroup-3-2] SessionHandler - query ok: 0 rows affected in 0 ms
2026-08-12 14:02:46.253 INFO  [nioEventLoopGroup-3-2] SessionHandler - query ok: 0 rows returned in 11 ms
2026-08-12 14:02:46.270 INFO  [nioEventLoopGroup-3-3] SessionHandler - query ok: 0 rows affected in 0 ms
2026-08-12 14:02:46.278 INFO  [nioEventLoopGroup-3-3] SessionHandler - query ok: 1 rows affected in 6 ms
2026-08-12 14:02:46.284 INFO  [nioEventLoopGroup-3-3] SessionHandler - query ok: 1 rows returned in 4 ms
2026-08-12 14:02:46.320 WARN  [nioEventLoopGroup-3-4] SessionHandler - query failed in 22 ms: SELECT * FROM does_not_exist
org.apache.calcite.runtime.CalciteContextException: From line 1, column 15 to line 1, column 28: Object 'does_not_exist' not found
	at java.base/jdk.internal.reflect.NativeConstructorAccessorImpl.newInstance0(Native Method) ~[?:?]
	at java.base/jdk.internal.reflect.NativeConstructorAccessorImpl.newInstance(NativeConstructorAccessorImpl.java:77) ~[?:?]
	at java.base/jdk.internal.reflect.DelegatingConstructorAccessorImpl.newInstance(DelegatingConstructorAccessorImpl.java:45) ~[?:?]
	at java.base/java.lang.reflect.Constructor.newInstanceWithCaller(Constructor.java:500) ~[?:?]
	at java.base/java.lang.reflect.Constructor.newInstance(Constructor.java:481) ~[?:?]
	at org.apache.calcite.runtime.Resources$ExInstWithCause.ex(Resources.java:511) ~[calcite-core-1.42.0.jar:1.42.0]
	at org.apache.calcite.sql.SqlUtil.newContextException(SqlUtil.java:960) ~[calcite-core-1.42.0.jar:1.42.0]
	at org.apache.calcite.sql.SqlUtil.newContextException(SqlUtil.java:945) ~[calcite-core-1.42.0.jar:1.42.0]
	at org.apache.calcite.sql.validate.SqlValidatorImpl.newValidationError(SqlValidatorImpl.java:6376) ~[calcite-core-1.42.0.jar:1.42.0]
	at org.apache.calcite.sql.validate.IdentifierNamespace.resolveImpl(IdentifierNamespace.java:184) ~[calcite-core-1.42.0.jar:1.42.0]
	at org.apache.calcite.sql.validate.IdentifierNamespace.validateImpl(IdentifierNamespace.java:189) ~[calcite-core-1.42.0.jar:1.42.0]
	at org.apache.calcite.sql.validate.AbstractNamespace.validate(AbstractNamespace.java:96) ~[calcite-core-1.42.0.jar:1.42.0]
	at org.apache.calcite.sql.validate.SqlValidatorImpl.validateNamespace(SqlValidatorImpl.java:1491) ~[calcite-core-1.42.0.jar:1.42.0]
	at org.apache.calcite.sql.validate.SqlValidatorImpl.validateQuery(SqlValidatorImpl.java:1462) ~[calcite-core-1.42.0.jar:1.42.0]
	at org.apache.calcite.sql.validate.SqlValidatorImpl.validateFrom(SqlValidatorImpl.java:3924) ~[calcite-core-1.42.0.jar:1.42.0]
	at org.apache.calcite.sql.validate.SqlValidatorImpl.validateFrom(SqlValidatorImpl.java:3903) ~[calcite-core-1.42.0.jar:1.42.0]
	at org.apache.calcite.sql.validate.SqlValidatorImpl.validateSelect(SqlValidatorImpl.java:4437) ~[calcite-core-1.42.0.jar:1.42.0]
	at org.apache.calcite.sql.validate.SelectNamespace.validateImpl(SelectNamespace.java:62) ~[calcite-core-1.42.0.jar:1.42.0]
	at org.apache.calcite.sql.validate.AbstractNamespace.validate(AbstractNamespace.java:96) ~[calcite-core-1.42.0.jar:1.42.0]
	at org.apache.calcite.sql.validate.SqlValidatorImpl.validateNamespace(SqlValidatorImpl.java:1491) ~[calcite-core-1.42.0.jar:1.42.0]
	at org.apache.calcite.sql.validate.SqlValidatorImpl.validateQuery(SqlValidatorImpl.java:1462) ~[calcite-core-1.42.0.jar:1.42.0]
	at org.apache.calcite.sql.SqlSelect.validate(SqlSelect.java:292) ~[calcite-core-1.42.0.jar:1.42.0]
	at org.apache.calcite.sql.validate.SqlValidatorImpl.validateScopedExpression(SqlValidatorImpl.java:1428) ~[calcite-core-1.42.0.jar:1.42.0]
	at org.apache.calcite.sql.validate.SqlValidatorImpl.validate(SqlValidatorImpl.java:1134) ~[calcite-core-1.42.0.jar:1.42.0]
	at com.minidb.server.calcite.CalciteContext.planInCluster(CalciteContext.java:86) ~[classes/:?]
	at com.minidb.server.plan.Planner.plan(Planner.java:36) ~[classes/:?]
	at com.minidb.server.exec.QueryExecutor.execute(QueryExecutor.java:99) ~[classes/:?]
	at com.minidb.server.netty.SessionHandler.handleExecute(SessionHandler.java:55) [classes/:?]
	at com.minidb.server.netty.SessionHandler.channelRead0(SessionHandler.java:37) [classes/:?]
	at com.minidb.server.netty.SessionHandler.channelRead0(SessionHandler.java:19) [classes/:?]
	at io.netty.channel.SimpleChannelInboundHandler.channelRead(SimpleChannelInboundHandler.java:99) [netty-transport-4.1.137.Final.jar:4.1.137.Final]
	at io.netty.channel.AbstractChannelHandlerContext.invokeChannelRead(AbstractChannelHandlerContext.java:444) [netty-transport-4.1.137.Final.jar:4.1.137.Final]
	at io.netty.channel.AbstractChannelHandlerContext.invokeChannelRead(AbstractChannelHandlerContext.java:420) [netty-transport-4.1.137.Final.jar:4.1.137.Final]
	at io.netty.channel.AbstractChannelHandlerContext.fireChannelRead(AbstractChannelHandlerContext.java:412) [netty-transport-4.1.137.Final.jar:4.1.137.Final]
	at io.netty.handler.codec.ByteToMessageDecoder.fireChannelRead(ByteToMessageDecoder.java:361) [netty-codec-4.1.137.Final.jar:4.1.137.Final]
	at io.netty.handler.codec.ByteToMessageDecoder.channelRead(ByteToMessageDecoder.java:325) [netty-codec-4.1.137.Final.jar:4.1.137.Final]
	at io.netty.channel.AbstractChannelHandlerContext.invokeChannelRead(AbstractChannelHandlerContext.java:444) [netty-transport-4.1.137.Final.jar:4.1.137.Final]
	at io.netty.channel.AbstractChannelHandlerContext.invokeChannelRead(AbstractChannelHandlerContext.java:420) [netty-transport-4.1.137.Final.jar:4.1.137.Final]
	at io.netty.channel.AbstractChannelHandlerContext.fireChannelRead(AbstractChannelHandlerContext.java:412) [netty-transport-4.1.137.Final.jar:4.1.137.Final]
	at io.netty.channel.DefaultChannelPipeline$HeadContext.channelRead(DefaultChannelPipeline.java:1357) [netty-transport-4.1.137.Final.jar:4.1.137.Final]
	at io.netty.channel.AbstractChannelHandlerContext.invokeChannelRead(AbstractChannelHandlerContext.java:440) [netty-transport-4.1.137.Final.jar:4.1.137.Final]
	at io.netty.channel.AbstractChannelHandlerContext.invokeChannelRead(AbstractChannelHandlerContext.java:420) [netty-transport-4.1.137.Final.jar:4.1.137.Final]
	at io.netty.channel.DefaultChannelPipeline.fireChannelRead(DefaultChannelPipeline.java:868) [netty-transport-4.1.137.Final.jar:4.1.137.Final]
	at io.netty.channel.nio.AbstractNioByteChannel$NioByteUnsafe.read(AbstractNioByteChannel.java:171) [netty-transport-4.1.137.Final.jar:4.1.137.Final]
	at io.netty.channel.nio.NioEventLoop.processSelectedKey(NioEventLoop.java:796) [netty-transport-4.1.137.Final.jar:4.1.137.Final]
	at io.netty.channel.nio.NioEventLoop.processSelectedKeysOptimized(NioEventLoop.java:732) [netty-transport-4.1.137.Final.jar:4.1.137.Final]
	at io.netty.channel.nio.NioEventLoop.processSelectedKeys(NioEventLoop.java:658) [netty-transport-4.1.137.Final.jar:4.1.137.Final]
	at io.netty.channel.nio.NioEventLoop.run(NioEventLoop.java:562) [netty-transport-4.1.137.Final.jar:4.1.137.Final]
	at io.netty.util.concurrent.SingleThreadEventExecutor$4.run(SingleThreadEventExecutor.java:1007) [netty-common-4.1.137.Final.jar:4.1.137.Final]
	at io.netty.util.internal.ThreadExecutorMap$2.run(ThreadExecutorMap.java:74) [netty-common-4.1.137.Final.jar:4.1.137.Final]
	at io.netty.util.concurrent.FastThreadLocalRunnable.run(FastThreadLocalRunnable.java:30) [netty-common-4.1.137.Final.jar:4.1.137.Final]
	at java.base/java.lang.Thread.run(Thread.java:840) [?:?]
Caused by: org.apache.calcite.sql.validate.SqlValidatorException: Object 'does_not_exist' not found
	at java.base/jdk.internal.reflect.NativeConstructorAccessorImpl.newInstance0(Native Method) ~[?:?]
	at java.base/jdk.internal.reflect.NativeConstructorAccessorImpl.newInstance(NativeConstructorAccessorImpl.java:77) ~[?:?]
	at java.base/jdk.internal.reflect.DelegatingConstructorAccessorImpl.newInstance(DelegatingConstructorAccessorImpl.java:45) ~[?:?]
	at java.base/java.lang.reflect.Constructor.newInstanceWithCaller(Constructor.java:500) ~[?:?]
	at java.base/java.lang.reflect.Constructor.newInstance(Constructor.java:481) ~[?:?]
	at org.apache.calcite.runtime.Resources$ExInstWithCause.ex(Resources.java:511) ~[calcite-core-1.42.0.jar:1.42.0]
	at org.apache.calcite.runtime.Resources$ExInst.ex(Resources.java:605) ~[calcite-core-1.42.0.jar:1.42.0]
	... 46 more
2026-08-12 14:02:46.352 INFO  [nioEventLoopGroup-3-5] SessionHandler - query ok: 0 rows affected in 0 ms
2026-08-12 14:02:46.367 INFO  [nioEventLoopGroup-3-5] SessionHandler - query ok: 2 rows affected in 15 ms
2026-08-12 14:02:46.377 INFO  [nioEventLoopGroup-3-5] SessionHandler - query ok: 2 rows returned in 8 ms
2026-08-12 14:02:46.383 INFO  [main] MiniDbServer - MiniDB server closed
2026-08-12 14:02:46.394 INFO  [main] StorageManager - flushed table public.n
2026-08-12 14:02:46.397 INFO  [main] StorageManager - flushed table public.t
2026-08-12 14:02:46.400 INFO  [main] StorageManager - flushed table public.w
2026-08-12 14:02:46.409 INFO  [main] StorageManager - loaded 0 table(s)
2026-08-12 14:02:46.444 INFO  [main] MiniDbServer - MiniDB server bound to port 0
2026-08-12 14:02:46.452 INFO  [nioEventLoopGroup-10-1] SessionHandler - query ok: 0 rows affected in 0 ms
2026-08-12 14:02:46.458 INFO  [nioEventLoopGroup-10-1] SessionHandler - query ok: 3 rows affected in 4 ms
2026-08-12 14:02:46.459 INFO  [nioEventLoopGroup-10-1] SessionHandler - query ok: 0 rows affected in 0 ms
2026-08-12 14:02:46.462 INFO  [nioEventLoopGroup-10-1] SessionHandler - query ok: 2 rows affected in 2 ms
2026-08-12 14:02:46.470 INFO  [nioEventLoopGroup-10-1] SessionHandler - query ok: 3 rows returned in 4 ms
2026-08-12 14:02:46.475 INFO  [nioEventLoopGroup-10-1] SessionHandler - query ok: 2 rows returned in 3 ms
2026-08-12 14:02:46.479 INFO  [nioEventLoopGroup-10-1] SessionHandler - query ok: 3 rows returned in 3 ms
2026-08-12 14:02:46.484 INFO  [nioEventLoopGroup-10-1] SessionHandler - query ok: 3 rows returned in 4 ms
2026-08-12 14:02:46.489 INFO  [nioEventLoopGroup-10-1] SessionHandler - query ok: 2 rows returned in 3 ms
2026-08-12 14:02:46.493 INFO  [nioEventLoopGroup-10-1] SessionHandler - query ok: 2 rows returned in 4 ms
2026-08-12 14:02:46.500 INFO  [nioEventLoopGroup-10-1] SessionHandler - query ok: 2 rows returned in 5 ms
2026-08-12 14:02:46.505 INFO  [nioEventLoopGroup-10-1] SessionHandler - query ok: 3 rows returned in 4 ms
2026-08-12 14:02:46.506 INFO  [main] MiniDbServer - MiniDB server closed
2026-08-12 14:02:46.511 INFO  [main] StorageManager - flushed table public.a
2026-08-12 14:02:46.514 INFO  [main] StorageManager - flushed table public.b
2026-08-12 14:02:46.516 INFO  [main] StorageManager - loaded 0 table(s)
2026-08-12 14:02:46.549 INFO  [main] MiniDbServer - MiniDB server bound to port 0
2026-08-12 14:02:46.556 INFO  [main] MiniDbServer - MiniDB server closed
2026-08-12 14:02:46.565 INFO  [main] StorageManager - loaded 0 table(s)
2026-08-12 14:02:46.600 INFO  [main] MiniDbServer - MiniDB server bound to port 0
2026-08-12 14:02:46.606 INFO  [main] MiniDbServer - MiniDB server closed
2026-08-12 14:02:46.613 INFO  [main] StorageManager - loaded 0 table(s)
2026-08-12 14:02:46.652 INFO  [main] MiniDbServer - MiniDB server bound to port 0
2026-08-12 14:02:46.659 INFO  [nioEventLoopGroup-19-1] SessionHandler - query ok: 0 rows affected in 0 ms
2026-08-12 14:02:46.663 INFO  [nioEventLoopGroup-19-1] SessionHandler - metadata ok: 2 rows in 1 ms
2026-08-12 14:02:46.667 INFO  [main] MiniDbServer - MiniDB server closed
2026-08-12 14:02:46.677 INFO  [main] StorageManager - loaded 0 table(s)
2026-08-12 14:02:46.719 INFO  [main] MiniDbServer - MiniDB server bound to port 0
2026-08-12 14:02:46.725 INFO  [nioEventLoopGroup-22-1] SessionHandler - query ok: 0 rows affected in 0 ms
2026-08-12 14:02:46.732 INFO  [nioEventLoopGroup-22-1] SessionHandler - metadata ok: 1 rows in 5 ms
2026-08-12 14:02:46.737 INFO  [main] MiniDbServer - MiniDB server closed
2026-08-12 14:02:46.741 INFO  [main] StorageManager - loaded 0 table(s)
2026-08-12 14:02:46.783 INFO  [main] MiniDbServer - MiniDB server bound to port 0
2026-08-12 14:02:46.789 INFO  [nioEventLoopGroup-25-1] SessionHandler - query ok: 0 rows affected in 0 ms
2026-08-12 14:02:46.791 INFO  [nioEventLoopGroup-25-1] SessionHandler - query ok: 0 rows affected in 0 ms
2026-08-12 14:02:46.792 INFO  [nioEventLoopGroup-25-1] SessionHandler - query ok: 0 rows affected in 0 ms
2026-08-12 14:02:46.796 INFO  [nioEventLoopGroup-25-1] SessionHandler - metadata ok: 2 rows in 2 ms
2026-08-12 14:02:46.801 INFO  [nioEventLoopGroup-25-1] SessionHandler - metadata ok: 1 rows in 0 ms
2026-08-12 14:02:46.806 INFO  [nioEventLoopGroup-25-1] SessionHandler - metadata ok: 0 rows in 2 ms
2026-08-12 14:02:46.810 INFO  [nioEventLoopGroup-25-1] SessionHandler - metadata ok: 2 rows in 1 ms
2026-08-12 14:02:46.813 INFO  [main] MiniDbServer - MiniDB server closed
2026-08-12 14:02:46.820 INFO  [main] StorageManager - loaded 0 table(s)
2026-08-12 14:02:46.858 INFO  [main] MiniDbServer - MiniDB server bound to port 0
2026-08-12 14:02:46.866 INFO  [nioEventLoopGroup-28-1] SessionHandler - query ok: 0 rows affected in 0 ms
2026-08-12 14:02:46.873 INFO  [nioEventLoopGroup-28-1] SessionHandler - query ok: 1 rows affected in 5 ms
2026-08-12 14:02:46.874 INFO  [main] MiniDbServer - MiniDB server closed
2026-08-12 14:02:46.880 INFO  [main] StorageManager - flushed table public.keep
2026-08-12 14:02:46.886 INFO  [main] StorageManager - loaded 1 table(s)
2026-08-12 14:02:46.927 INFO  [main] MiniDbServer - MiniDB server bound to port 0
2026-08-12 14:02:46.938 INFO  [nioEventLoopGroup-31-1] SessionHandler - query ok: 1 rows returned in 5 ms
2026-08-12 14:02:46.940 INFO  [main] MiniDbServer - MiniDB server closed
2026-08-12 14:18:04.713 INFO  [main] StorageManager - loaded 0 table(s)
2026-08-12 14:18:05.261 INFO  [main] MiniDbServer - MiniDB server bound to port 0
2026-08-12 14:18:05.661 INFO  [nioEventLoopGroup-3-1] SessionHandler - query ok: 0 rows affected in 234 ms
2026-08-12 14:18:06.934 INFO  [nioEventLoopGroup-3-1] SessionHandler - query ok: 4 rows affected in 1256 ms
2026-08-12 14:18:07.092 INFO  [nioEventLoopGroup-3-1] SessionHandler - query ok: 2 rows returned in 156 ms
2026-08-12 14:18:07.219 INFO  [nioEventLoopGroup-3-2] SessionHandler - query ok: 0 rows affected in 0 ms
2026-08-12 14:18:07.234 INFO  [nioEventLoopGroup-3-2] SessionHandler - query ok: 0 rows returned in 14 ms
2026-08-12 14:18:07.261 INFO  [nioEventLoopGroup-3-3] SessionHandler - query ok: 0 rows affected in 0 ms
2026-08-12 14:18:07.269 INFO  [nioEventLoopGroup-3-3] SessionHandler - query ok: 1 rows affected in 7 ms
2026-08-12 14:18:07.276 INFO  [nioEventLoopGroup-3-3] SessionHandler - query ok: 1 rows returned in 5 ms
2026-08-12 14:18:07.320 WARN  [nioEventLoopGroup-3-4] SessionHandler - query failed in 26 ms: SELECT * FROM does_not_exist
org.apache.calcite.runtime.CalciteContextException: From line 1, column 15 to line 1, column 28: Object 'does_not_exist' not found
	at java.base/jdk.internal.reflect.NativeConstructorAccessorImpl.newInstance0(Native Method) ~[?:?]
	at java.base/jdk.internal.reflect.NativeConstructorAccessorImpl.newInstance(NativeConstructorAccessorImpl.java:77) ~[?:?]
	at java.base/jdk.internal.reflect.DelegatingConstructorAccessorImpl.newInstance(DelegatingConstructorAccessorImpl.java:45) ~[?:?]
	at java.base/java.lang.reflect.Constructor.newInstanceWithCaller(Constructor.java:500) ~[?:?]
	at java.base/java.lang.reflect.Constructor.newInstance(Constructor.java:481) ~[?:?]
	at org.apache.calcite.runtime.Resources$ExInstWithCause.ex(Resources.java:511) ~[calcite-core-1.42.0.jar:1.42.0]
	at org.apache.calcite.sql.SqlUtil.newContextException(SqlUtil.java:960) ~[calcite-core-1.42.0.jar:1.42.0]
	at org.apache.calcite.sql.SqlUtil.newContextException(SqlUtil.java:945) ~[calcite-core-1.42.0.jar:1.42.0]
	at org.apache.calcite.sql.validate.SqlValidatorImpl.newValidationError(SqlValidatorImpl.java:6376) ~[calcite-core-1.42.0.jar:1.42.0]
	at org.apache.calcite.sql.validate.IdentifierNamespace.resolveImpl(IdentifierNamespace.java:184) ~[calcite-core-1.42.0.jar:1.42.0]
	at org.apache.calcite.sql.validate.IdentifierNamespace.validateImpl(IdentifierNamespace.java:189) ~[calcite-core-1.42.0.jar:1.42.0]
	at org.apache.calcite.sql.validate.AbstractNamespace.validate(AbstractNamespace.java:96) ~[calcite-core-1.42.0.jar:1.42.0]
	at org.apache.calcite.sql.validate.SqlValidatorImpl.validateNamespace(SqlValidatorImpl.java:1491) ~[calcite-core-1.42.0.jar:1.42.0]
	at org.apache.calcite.sql.validate.SqlValidatorImpl.validateQuery(SqlValidatorImpl.java:1462) ~[calcite-core-1.42.0.jar:1.42.0]
	at org.apache.calcite.sql.validate.SqlValidatorImpl.validateFrom(SqlValidatorImpl.java:3924) ~[calcite-core-1.42.0.jar:1.42.0]
	at org.apache.calcite.sql.validate.SqlValidatorImpl.validateFrom(SqlValidatorImpl.java:3903) ~[calcite-core-1.42.0.jar:1.42.0]
	at org.apache.calcite.sql.validate.SqlValidatorImpl.validateSelect(SqlValidatorImpl.java:4437) ~[calcite-core-1.42.0.jar:1.42.0]
	at org.apache.calcite.sql.validate.SelectNamespace.validateImpl(SelectNamespace.java:62) ~[calcite-core-1.42.0.jar:1.42.0]
	at org.apache.calcite.sql.validate.AbstractNamespace.validate(AbstractNamespace.java:96) ~[calcite-core-1.42.0.jar:1.42.0]
	at org.apache.calcite.sql.validate.SqlValidatorImpl.validateNamespace(SqlValidatorImpl.java:1491) ~[calcite-core-1.42.0.jar:1.42.0]
	at org.apache.calcite.sql.validate.SqlValidatorImpl.validateQuery(SqlValidatorImpl.java:1462) ~[calcite-core-1.42.0.jar:1.42.0]
	at org.apache.calcite.sql.SqlSelect.validate(SqlSelect.java:292) ~[calcite-core-1.42.0.jar:1.42.0]
	at org.apache.calcite.sql.validate.SqlValidatorImpl.validateScopedExpression(SqlValidatorImpl.java:1428) ~[calcite-core-1.42.0.jar:1.42.0]
	at org.apache.calcite.sql.validate.SqlValidatorImpl.validate(SqlValidatorImpl.java:1134) ~[calcite-core-1.42.0.jar:1.42.0]
	at com.minidb.server.calcite.CalciteContext.planInCluster(CalciteContext.java:86) ~[minidb-server-1.0.0.jar:?]
	at com.minidb.server.plan.Planner.plan(Planner.java:36) ~[minidb-server-1.0.0.jar:?]
	at com.minidb.server.exec.QueryExecutor.execute(QueryExecutor.java:99) ~[minidb-server-1.0.0.jar:?]
	at com.minidb.server.netty.SessionHandler.handleExecute(SessionHandler.java:55) [minidb-server-1.0.0.jar:?]
	at com.minidb.server.netty.SessionHandler.channelRead0(SessionHandler.java:37) [minidb-server-1.0.0.jar:?]
	at com.minidb.server.netty.SessionHandler.channelRead0(SessionHandler.java:19) [minidb-server-1.0.0.jar:?]
	at io.netty.channel.SimpleChannelInboundHandler.channelRead(SimpleChannelInboundHandler.java:99) [netty-transport-4.1.137.Final.jar:4.1.137.Final]
	at io.netty.channel.AbstractChannelHandlerContext.invokeChannelRead(AbstractChannelHandlerContext.java:444) [netty-transport-4.1.137.Final.jar:4.1.137.Final]
	at io.netty.channel.AbstractChannelHandlerContext.invokeChannelRead(AbstractChannelHandlerContext.java:420) [netty-transport-4.1.137.Final.jar:4.1.137.Final]
	at io.netty.channel.AbstractChannelHandlerContext.fireChannelRead(AbstractChannelHandlerContext.java:412) [netty-transport-4.1.137.Final.jar:4.1.137.Final]
	at io.netty.handler.codec.ByteToMessageDecoder.fireChannelRead(ByteToMessageDecoder.java:361) [netty-codec-4.1.137.Final.jar:4.1.137.Final]
	at io.netty.handler.codec.ByteToMessageDecoder.channelRead(ByteToMessageDecoder.java:325) [netty-codec-4.1.137.Final.jar:4.1.137.Final]
	at io.netty.channel.AbstractChannelHandlerContext.invokeChannelRead(AbstractChannelHandlerContext.java:444) [netty-transport-4.1.137.Final.jar:4.1.137.Final]
	at io.netty.channel.AbstractChannelHandlerContext.invokeChannelRead(AbstractChannelHandlerContext.java:420) [netty-transport-4.1.137.Final.jar:4.1.137.Final]
	at io.netty.channel.AbstractChannelHandlerContext.fireChannelRead(AbstractChannelHandlerContext.java:412) [netty-transport-4.1.137.Final.jar:4.1.137.Final]
	at io.netty.channel.DefaultChannelPipeline$HeadContext.channelRead(DefaultChannelPipeline.java:1357) [netty-transport-4.1.137.Final.jar:4.1.137.Final]
	at io.netty.channel.AbstractChannelHandlerContext.invokeChannelRead(AbstractChannelHandlerContext.java:440) [netty-transport-4.1.137.Final.jar:4.1.137.Final]
	at io.netty.channel.AbstractChannelHandlerContext.invokeChannelRead(AbstractChannelHandlerContext.java:420) [netty-transport-4.1.137.Final.jar:4.1.137.Final]
	at io.netty.channel.DefaultChannelPipeline.fireChannelRead(DefaultChannelPipeline.java:868) [netty-transport-4.1.137.Final.jar:4.1.137.Final]
	at io.netty.channel.nio.AbstractNioByteChannel$NioByteUnsafe.read(AbstractNioByteChannel.java:171) [netty-transport-4.1.137.Final.jar:4.1.137.Final]
	at io.netty.channel.nio.NioEventLoop.processSelectedKey(NioEventLoop.java:796) [netty-transport-4.1.137.Final.jar:4.1.137.Final]
	at io.netty.channel.nio.NioEventLoop.processSelectedKeysOptimized(NioEventLoop.java:732) [netty-transport-4.1.137.Final.jar:4.1.137.Final]
	at io.netty.channel.nio.NioEventLoop.processSelectedKeys(NioEventLoop.java:658) [netty-transport-4.1.137.Final.jar:4.1.137.Final]
	at io.netty.channel.nio.NioEventLoop.run(NioEventLoop.java:562) [netty-transport-4.1.137.Final.jar:4.1.137.Final]
	at io.netty.util.concurrent.SingleThreadEventExecutor$4.run(SingleThreadEventExecutor.java:1007) [netty-common-4.1.137.Final.jar:4.1.137.Final]
	at io.netty.util.internal.ThreadExecutorMap$2.run(ThreadExecutorMap.java:74) [netty-common-4.1.137.Final.jar:4.1.137.Final]
	at io.netty.util.concurrent.FastThreadLocalRunnable.run(FastThreadLocalRunnable.java:30) [netty-common-4.1.137.Final.jar:4.1.137.Final]
	at java.base/java.lang.Thread.run(Thread.java:840) [?:?]
Caused by: org.apache.calcite.sql.validate.SqlValidatorException: Object 'does_not_exist' not found
	at java.base/jdk.internal.reflect.NativeConstructorAccessorImpl.newInstance0(Native Method) ~[?:?]
	at java.base/jdk.internal.reflect.NativeConstructorAccessorImpl.newInstance(NativeConstructorAccessorImpl.java:77) ~[?:?]
	at java.base/jdk.internal.reflect.DelegatingConstructorAccessorImpl.newInstance(DelegatingConstructorAccessorImpl.java:45) ~[?:?]
	at java.base/java.lang.reflect.Constructor.newInstanceWithCaller(Constructor.java:500) ~[?:?]
	at java.base/java.lang.reflect.Constructor.newInstance(Constructor.java:481) ~[?:?]
	at org.apache.calcite.runtime.Resources$ExInstWithCause.ex(Resources.java:511) ~[calcite-core-1.42.0.jar:1.42.0]
	at org.apache.calcite.runtime.Resources$ExInst.ex(Resources.java:605) ~[calcite-core-1.42.0.jar:1.42.0]
	... 46 more
2026-08-12 14:18:07.353 INFO  [nioEventLoopGroup-3-5] SessionHandler - query ok: 0 rows affected in 0 ms
2026-08-12 14:18:07.372 INFO  [nioEventLoopGroup-3-5] SessionHandler - query ok: 2 rows affected in 16 ms
2026-08-12 14:18:07.378 INFO  [nioEventLoopGroup-3-5] SessionHandler - query ok: 2 rows returned in 5 ms
2026-08-12 14:18:07.386 INFO  [main] MiniDbServer - MiniDB server closed
2026-08-12 14:18:07.396 INFO  [main] StorageManager - flushed table public.n
2026-08-12 14:18:07.400 INFO  [main] StorageManager - flushed table public.t
2026-08-12 14:18:07.403 INFO  [main] StorageManager - flushed table public.w
2026-08-12 14:18:07.411 INFO  [main] StorageManager - loaded 0 table(s)
2026-08-12 14:18:07.474 INFO  [main] MiniDbServer - MiniDB server bound to port 0
2026-08-12 14:18:07.500 INFO  [nioEventLoopGroup-10-1] SessionHandler - query ok: 0 rows affected in 0 ms
2026-08-12 14:18:07.509 INFO  [nioEventLoopGroup-10-1] SessionHandler - query ok: 3 rows affected in 8 ms
2026-08-12 14:18:07.511 INFO  [nioEventLoopGroup-10-1] SessionHandler - query ok: 0 rows affected in 0 ms
2026-08-12 14:18:07.516 INFO  [nioEventLoopGroup-10-1] SessionHandler - query ok: 2 rows affected in 4 ms
2026-08-12 14:18:07.525 INFO  [nioEventLoopGroup-10-1] SessionHandler - query ok: 3 rows returned in 5 ms
2026-08-12 14:18:07.532 INFO  [nioEventLoopGroup-10-1] SessionHandler - query ok: 2 rows returned in 5 ms
2026-08-12 14:18:07.538 INFO  [nioEventLoopGroup-10-1] SessionHandler - query ok: 3 rows returned in 5 ms
2026-08-12 14:18:07.543 INFO  [nioEventLoopGroup-10-1] SessionHandler - query ok: 2 rows returned in 5 ms
2026-08-12 14:18:07.550 INFO  [nioEventLoopGroup-10-1] SessionHandler - query ok: 3 rows returned in 6 ms
2026-08-12 14:18:07.556 INFO  [nioEventLoopGroup-10-1] SessionHandler - query ok: 2 rows returned in 5 ms
2026-08-12 14:18:07.562 INFO  [nioEventLoopGroup-10-1] SessionHandler - query ok: 3 rows returned in 4 ms
2026-08-12 14:18:07.567 INFO  [nioEventLoopGroup-10-1] SessionHandler - query ok: 2 rows returned in 4 ms
2026-08-12 14:18:07.568 INFO  [main] MiniDbServer - MiniDB server closed
2026-08-12 14:18:07.573 INFO  [main] StorageManager - flushed table public.a
2026-08-12 14:18:07.575 INFO  [main] StorageManager - flushed table public.b
2026-08-12 14:18:07.578 INFO  [main] StorageManager - loaded 0 table(s)
2026-08-12 14:18:07.613 INFO  [main] MiniDbServer - MiniDB server bound to port 0
2026-08-12 14:18:07.622 INFO  [main] MiniDbServer - MiniDB server closed
2026-08-12 14:18:07.629 INFO  [main] StorageManager - loaded 0 table(s)
2026-08-12 14:18:07.671 INFO  [main] MiniDbServer - MiniDB server bound to port 0
2026-08-12 14:18:07.679 INFO  [main] MiniDbServer - MiniDB server closed
2026-08-12 14:18:07.693 INFO  [main] StorageManager - loaded 0 table(s)
2026-08-12 14:18:07.747 INFO  [main] MiniDbServer - MiniDB server bound to port 0
2026-08-12 14:18:07.754 INFO  [nioEventLoopGroup-19-1] SessionHandler - query ok: 0 rows affected in 0 ms
2026-08-12 14:18:07.784 INFO  [nioEventLoopGroup-19-1] SessionHandler - metadata ok: 2 rows in 1 ms
2026-08-12 14:18:07.787 INFO  [main] MiniDbServer - MiniDB server closed
2026-08-12 14:18:07.793 INFO  [main] StorageManager - loaded 0 table(s)
2026-08-12 14:18:07.830 INFO  [main] MiniDbServer - MiniDB server bound to port 0
2026-08-12 14:18:07.836 INFO  [nioEventLoopGroup-22-1] SessionHandler - query ok: 0 rows affected in 0 ms
2026-08-12 14:18:07.844 INFO  [nioEventLoopGroup-22-1] SessionHandler - metadata ok: 1 rows in 5 ms
2026-08-12 14:18:07.849 INFO  [main] MiniDbServer - MiniDB server closed
2026-08-12 14:18:07.857 INFO  [main] StorageManager - loaded 0 table(s)
2026-08-12 14:18:07.894 INFO  [main] MiniDbServer - MiniDB server bound to port 0
2026-08-12 14:18:07.903 INFO  [nioEventLoopGroup-25-1] SessionHandler - query ok: 0 rows affected in 0 ms
2026-08-12 14:18:07.904 INFO  [nioEventLoopGroup-25-1] SessionHandler - query ok: 0 rows affected in 0 ms
2026-08-12 14:18:07.905 INFO  [nioEventLoopGroup-25-1] SessionHandler - query ok: 0 rows affected in 0 ms
2026-08-12 14:18:07.909 INFO  [nioEventLoopGroup-25-1] SessionHandler - metadata ok: 2 rows in 2 ms
2026-08-12 14:18:07.914 INFO  [nioEventLoopGroup-25-1] SessionHandler - metadata ok: 1 rows in 0 ms
2026-08-12 14:18:07.919 INFO  [nioEventLoopGroup-25-1] SessionHandler - metadata ok: 0 rows in 2 ms
2026-08-12 14:18:07.922 INFO  [nioEventLoopGroup-25-1] SessionHandler - metadata ok: 2 rows in 0 ms
2026-08-12 14:18:07.925 INFO  [main] MiniDbServer - MiniDB server closed
2026-08-12 14:18:07.933 INFO  [main] StorageManager - loaded 0 table(s)
2026-08-12 14:18:07.973 INFO  [main] MiniDbServer - MiniDB server bound to port 0
2026-08-12 14:18:07.982 INFO  [nioEventLoopGroup-28-1] SessionHandler - query ok: 0 rows affected in 0 ms
2026-08-12 14:18:07.988 INFO  [nioEventLoopGroup-28-1] SessionHandler - query ok: 1 rows affected in 4 ms
2026-08-12 14:18:07.989 INFO  [main] MiniDbServer - MiniDB server closed
2026-08-12 14:18:08.000 INFO  [main] StorageManager - flushed table public.keep
2026-08-12 14:18:08.015 INFO  [main] StorageManager - loaded 1 table(s)
2026-08-12 14:18:08.057 INFO  [main] MiniDbServer - MiniDB server bound to port 0
2026-08-12 14:18:08.067 INFO  [nioEventLoopGroup-31-1] SessionHandler - query ok: 1 rows returned in 4 ms
2026-08-12 14:18:08.070 INFO  [main] MiniDbServer - MiniDB server closed
2026-08-12 14:18:26.469 INFO  [main] StorageManager - loaded 0 table(s)
2026-08-12 14:18:27.007 INFO  [main] MiniDbServer - MiniDB server bound to port 0
2026-08-12 14:18:27.399 INFO  [nioEventLoopGroup-3-1] SessionHandler - query ok: 0 rows affected in 282 ms
2026-08-12 14:18:28.727 INFO  [nioEventLoopGroup-3-1] SessionHandler - query ok: 4 rows affected in 1324 ms
2026-08-12 14:18:28.878 INFO  [nioEventLoopGroup-3-1] SessionHandler - query ok: 2 rows returned in 149 ms
2026-08-12 14:18:28.948 INFO  [nioEventLoopGroup-3-2] SessionHandler - query ok: 0 rows affected in 0 ms
2026-08-12 14:18:28.961 INFO  [nioEventLoopGroup-3-2] SessionHandler - query ok: 0 rows returned in 11 ms
2026-08-12 14:18:28.978 INFO  [nioEventLoopGroup-3-3] SessionHandler - query ok: 0 rows affected in 0 ms
2026-08-12 14:18:28.985 INFO  [nioEventLoopGroup-3-3] SessionHandler - query ok: 1 rows affected in 6 ms
2026-08-12 14:18:28.991 INFO  [nioEventLoopGroup-3-3] SessionHandler - query ok: 1 rows returned in 4 ms
2026-08-12 14:18:29.029 WARN  [nioEventLoopGroup-3-4] SessionHandler - query failed in 22 ms: SELECT * FROM does_not_exist
org.apache.calcite.runtime.CalciteContextException: From line 1, column 15 to line 1, column 28: Object 'does_not_exist' not found
	at java.base/jdk.internal.reflect.NativeConstructorAccessorImpl.newInstance0(Native Method) ~[?:?]
	at java.base/jdk.internal.reflect.NativeConstructorAccessorImpl.newInstance(NativeConstructorAccessorImpl.java:77) ~[?:?]
	at java.base/jdk.internal.reflect.DelegatingConstructorAccessorImpl.newInstance(DelegatingConstructorAccessorImpl.java:45) ~[?:?]
	at java.base/java.lang.reflect.Constructor.newInstanceWithCaller(Constructor.java:500) ~[?:?]
	at java.base/java.lang.reflect.Constructor.newInstance(Constructor.java:481) ~[?:?]
	at org.apache.calcite.runtime.Resources$ExInstWithCause.ex(Resources.java:511) ~[calcite-core-1.42.0.jar:1.42.0]
	at org.apache.calcite.sql.SqlUtil.newContextException(SqlUtil.java:960) ~[calcite-core-1.42.0.jar:1.42.0]
	at org.apache.calcite.sql.SqlUtil.newContextException(SqlUtil.java:945) ~[calcite-core-1.42.0.jar:1.42.0]
	at org.apache.calcite.sql.validate.SqlValidatorImpl.newValidationError(SqlValidatorImpl.java:6376) ~[calcite-core-1.42.0.jar:1.42.0]
	at org.apache.calcite.sql.validate.IdentifierNamespace.resolveImpl(IdentifierNamespace.java:184) ~[calcite-core-1.42.0.jar:1.42.0]
	at org.apache.calcite.sql.validate.IdentifierNamespace.validateImpl(IdentifierNamespace.java:189) ~[calcite-core-1.42.0.jar:1.42.0]
	at org.apache.calcite.sql.validate.AbstractNamespace.validate(AbstractNamespace.java:96) ~[calcite-core-1.42.0.jar:1.42.0]
	at org.apache.calcite.sql.validate.SqlValidatorImpl.validateNamespace(SqlValidatorImpl.java:1491) ~[calcite-core-1.42.0.jar:1.42.0]
	at org.apache.calcite.sql.validate.SqlValidatorImpl.validateQuery(SqlValidatorImpl.java:1462) ~[calcite-core-1.42.0.jar:1.42.0]
	at org.apache.calcite.sql.validate.SqlValidatorImpl.validateFrom(SqlValidatorImpl.java:3924) ~[calcite-core-1.42.0.jar:1.42.0]
	at org.apache.calcite.sql.validate.SqlValidatorImpl.validateFrom(SqlValidatorImpl.java:3903) ~[calcite-core-1.42.0.jar:1.42.0]
	at org.apache.calcite.sql.validate.SqlValidatorImpl.validateSelect(SqlValidatorImpl.java:4437) ~[calcite-core-1.42.0.jar:1.42.0]
	at org.apache.calcite.sql.validate.SelectNamespace.validateImpl(SelectNamespace.java:62) ~[calcite-core-1.42.0.jar:1.42.0]
	at org.apache.calcite.sql.validate.AbstractNamespace.validate(AbstractNamespace.java:96) ~[calcite-core-1.42.0.jar:1.42.0]
	at org.apache.calcite.sql.validate.SqlValidatorImpl.validateNamespace(SqlValidatorImpl.java:1491) ~[calcite-core-1.42.0.jar:1.42.0]
	at org.apache.calcite.sql.validate.SqlValidatorImpl.validateQuery(SqlValidatorImpl.java:1462) ~[calcite-core-1.42.0.jar:1.42.0]
	at org.apache.calcite.sql.SqlSelect.validate(SqlSelect.java:292) ~[calcite-core-1.42.0.jar:1.42.0]
	at org.apache.calcite.sql.validate.SqlValidatorImpl.validateScopedExpression(SqlValidatorImpl.java:1428) ~[calcite-core-1.42.0.jar:1.42.0]
	at org.apache.calcite.sql.validate.SqlValidatorImpl.validate(SqlValidatorImpl.java:1134) ~[calcite-core-1.42.0.jar:1.42.0]
	at com.minidb.server.calcite.CalciteContext.planInCluster(CalciteContext.java:86) ~[classes/:?]
	at com.minidb.server.plan.Planner.plan(Planner.java:36) ~[classes/:?]
	at com.minidb.server.exec.QueryExecutor.execute(QueryExecutor.java:99) ~[classes/:?]
	at com.minidb.server.netty.SessionHandler.handleExecute(SessionHandler.java:55) [classes/:?]
	at com.minidb.server.netty.SessionHandler.channelRead0(SessionHandler.java:37) [classes/:?]
	at com.minidb.server.netty.SessionHandler.channelRead0(SessionHandler.java:19) [classes/:?]
	at io.netty.channel.SimpleChannelInboundHandler.channelRead(SimpleChannelInboundHandler.java:99) [netty-transport-4.1.137.Final.jar:4.1.137.Final]
	at io.netty.channel.AbstractChannelHandlerContext.invokeChannelRead(AbstractChannelHandlerContext.java:444) [netty-transport-4.1.137.Final.jar:4.1.137.Final]
	at io.netty.channel.AbstractChannelHandlerContext.invokeChannelRead(AbstractChannelHandlerContext.java:420) [netty-transport-4.1.137.Final.jar:4.1.137.Final]
	at io.netty.channel.AbstractChannelHandlerContext.fireChannelRead(AbstractChannelHandlerContext.java:412) [netty-transport-4.1.137.Final.jar:4.1.137.Final]
	at io.netty.handler.codec.ByteToMessageDecoder.fireChannelRead(ByteToMessageDecoder.java:361) [netty-codec-4.1.137.Final.jar:4.1.137.Final]
	at io.netty.handler.codec.ByteToMessageDecoder.channelRead(ByteToMessageDecoder.java:325) [netty-codec-4.1.137.Final.jar:4.1.137.Final]
	at io.netty.channel.AbstractChannelHandlerContext.invokeChannelRead(AbstractChannelHandlerContext.java:444) [netty-transport-4.1.137.Final.jar:4.1.137.Final]
	at io.netty.channel.AbstractChannelHandlerContext.invokeChannelRead(AbstractChannelHandlerContext.java:420) [netty-transport-4.1.137.Final.jar:4.1.137.Final]
	at io.netty.channel.AbstractChannelHandlerContext.fireChannelRead(AbstractChannelHandlerContext.java:412) [netty-transport-4.1.137.Final.jar:4.1.137.Final]
	at io.netty.channel.DefaultChannelPipeline$HeadContext.channelRead(DefaultChannelPipeline.java:1357) [netty-transport-4.1.137.Final.jar:4.1.137.Final]
	at io.netty.channel.AbstractChannelHandlerContext.invokeChannelRead(AbstractChannelHandlerContext.java:440) [netty-transport-4.1.137.Final.jar:4.1.137.Final]
	at io.netty.channel.AbstractChannelHandlerContext.invokeChannelRead(AbstractChannelHandlerContext.java:420) [netty-transport-4.1.137.Final.jar:4.1.137.Final]
	at io.netty.channel.DefaultChannelPipeline.fireChannelRead(DefaultChannelPipeline.java:868) [netty-transport-4.1.137.Final.jar:4.1.137.Final]
	at io.netty.channel.nio.AbstractNioByteChannel$NioByteUnsafe.read(AbstractNioByteChannel.java:171) [netty-transport-4.1.137.Final.jar:4.1.137.Final]
	at io.netty.channel.nio.NioEventLoop.processSelectedKey(NioEventLoop.java:796) [netty-transport-4.1.137.Final.jar:4.1.137.Final]
	at io.netty.channel.nio.NioEventLoop.processSelectedKeysOptimized(NioEventLoop.java:732) [netty-transport-4.1.137.Final.jar:4.1.137.Final]
	at io.netty.channel.nio.NioEventLoop.processSelectedKeys(NioEventLoop.java:658) [netty-transport-4.1.137.Final.jar:4.1.137.Final]
	at io.netty.channel.nio.NioEventLoop.run(NioEventLoop.java:562) [netty-transport-4.1.137.Final.jar:4.1.137.Final]
	at io.netty.util.concurrent.SingleThreadEventExecutor$4.run(SingleThreadEventExecutor.java:1007) [netty-common-4.1.137.Final.jar:4.1.137.Final]
	at io.netty.util.internal.ThreadExecutorMap$2.run(ThreadExecutorMap.java:74) [netty-common-4.1.137.Final.jar:4.1.137.Final]
	at io.netty.util.concurrent.FastThreadLocalRunnable.run(FastThreadLocalRunnable.java:30) [netty-common-4.1.137.Final.jar:4.1.137.Final]
	at java.base/java.lang.Thread.run(Thread.java:840) [?:?]
Caused by: org.apache.calcite.sql.validate.SqlValidatorException: Object 'does_not_exist' not found
	at java.base/jdk.internal.reflect.NativeConstructorAccessorImpl.newInstance0(Native Method) ~[?:?]
	at java.base/jdk.internal.reflect.NativeConstructorAccessorImpl.newInstance(NativeConstructorAccessorImpl.java:77) ~[?:?]
	at java.base/jdk.internal.reflect.DelegatingConstructorAccessorImpl.newInstance(DelegatingConstructorAccessorImpl.java:45) ~[?:?]
	at java.base/java.lang.reflect.Constructor.newInstanceWithCaller(Constructor.java:500) ~[?:?]
	at java.base/java.lang.reflect.Constructor.newInstance(Constructor.java:481) ~[?:?]
	at org.apache.calcite.runtime.Resources$ExInstWithCause.ex(Resources.java:511) ~[calcite-core-1.42.0.jar:1.42.0]
	at org.apache.calcite.runtime.Resources$ExInst.ex(Resources.java:605) ~[calcite-core-1.42.0.jar:1.42.0]
	... 46 more
2026-08-12 14:18:29.056 INFO  [nioEventLoopGroup-3-5] SessionHandler - query ok: 0 rows affected in 0 ms
2026-08-12 14:18:29.073 INFO  [nioEventLoopGroup-3-5] SessionHandler - query ok: 2 rows affected in 14 ms
2026-08-12 14:18:29.081 INFO  [nioEventLoopGroup-3-5] SessionHandler - query ok: 2 rows returned in 7 ms
2026-08-12 14:18:29.091 INFO  [main] MiniDbServer - MiniDB server closed
2026-08-12 14:18:29.104 INFO  [main] StorageManager - flushed table public.n
2026-08-12 14:18:29.107 INFO  [main] StorageManager - flushed table public.t
2026-08-12 14:18:29.110 INFO  [main] StorageManager - flushed table public.w
2026-08-12 14:18:29.118 INFO  [main] StorageManager - loaded 0 table(s)
2026-08-12 14:18:29.159 INFO  [main] MiniDbServer - MiniDB server bound to port 0
2026-08-12 14:18:29.169 INFO  [nioEventLoopGroup-10-1] SessionHandler - query ok: 0 rows affected in 0 ms
2026-08-12 14:18:29.175 INFO  [nioEventLoopGroup-10-1] SessionHandler - query ok: 3 rows affected in 4 ms
2026-08-12 14:18:29.176 INFO  [nioEventLoopGroup-10-1] SessionHandler - query ok: 0 rows affected in 0 ms
2026-08-12 14:18:29.180 INFO  [nioEventLoopGroup-10-1] SessionHandler - query ok: 2 rows affected in 2 ms
2026-08-12 14:18:29.187 INFO  [nioEventLoopGroup-10-1] SessionHandler - query ok: 3 rows returned in 5 ms
2026-08-12 14:18:29.192 INFO  [nioEventLoopGroup-10-1] SessionHandler - query ok: 2 rows returned in 4 ms
2026-08-12 14:18:29.197 INFO  [nioEventLoopGroup-10-1] SessionHandler - query ok: 3 rows returned in 4 ms
2026-08-12 14:18:29.203 INFO  [nioEventLoopGroup-10-1] SessionHandler - query ok: 2 rows returned in 5 ms
2026-08-12 14:18:29.208 INFO  [nioEventLoopGroup-10-1] SessionHandler - query ok: 3 rows returned in 5 ms
2026-08-12 14:18:29.213 INFO  [nioEventLoopGroup-10-1] SessionHandler - query ok: 2 rows returned in 3 ms
2026-08-12 14:18:29.219 INFO  [nioEventLoopGroup-10-1] SessionHandler - query ok: 3 rows returned in 5 ms
2026-08-12 14:18:29.225 INFO  [nioEventLoopGroup-10-1] SessionHandler - query ok: 2 rows returned in 4 ms
2026-08-12 14:18:29.226 INFO  [main] MiniDbServer - MiniDB server closed
2026-08-12 14:18:29.232 INFO  [main] StorageManager - flushed table public.a
2026-08-12 14:18:29.235 INFO  [main] StorageManager - flushed table public.b
2026-08-12 14:18:29.238 INFO  [main] StorageManager - loaded 0 table(s)
2026-08-12 14:18:29.278 INFO  [main] MiniDbServer - MiniDB server bound to port 0
2026-08-12 14:18:29.290 INFO  [main] MiniDbServer - MiniDB server closed
2026-08-12 14:18:29.300 INFO  [main] StorageManager - loaded 0 table(s)
2026-08-12 14:18:29.346 INFO  [main] MiniDbServer - MiniDB server bound to port 0
2026-08-12 14:18:29.353 INFO  [main] MiniDbServer - MiniDB server closed
2026-08-12 14:18:29.359 INFO  [main] StorageManager - loaded 0 table(s)
2026-08-12 14:18:29.404 INFO  [main] MiniDbServer - MiniDB server bound to port 0
2026-08-12 14:18:29.410 INFO  [nioEventLoopGroup-19-1] SessionHandler - query ok: 0 rows affected in 0 ms
2026-08-12 14:18:29.420 INFO  [nioEventLoopGroup-19-1] SessionHandler - metadata ok: 2 rows in 1 ms
2026-08-12 14:18:29.423 INFO  [main] MiniDbServer - MiniDB server closed
2026-08-12 14:18:29.427 INFO  [main] StorageManager - loaded 0 table(s)
2026-08-12 14:18:29.467 INFO  [main] MiniDbServer - MiniDB server bound to port 0
2026-08-12 14:18:29.473 INFO  [nioEventLoopGroup-22-1] SessionHandler - query ok: 0 rows affected in 0 ms
2026-08-12 14:18:29.480 INFO  [nioEventLoopGroup-22-1] SessionHandler - metadata ok: 1 rows in 4 ms
2026-08-12 14:18:29.486 INFO  [main] MiniDbServer - MiniDB server closed
2026-08-12 14:18:29.491 INFO  [main] StorageManager - loaded 0 table(s)
2026-08-12 14:18:29.529 INFO  [main] MiniDbServer - MiniDB server bound to port 0
2026-08-12 14:18:29.535 INFO  [nioEventLoopGroup-25-1] SessionHandler - query ok: 0 rows affected in 0 ms
2026-08-12 14:18:29.537 INFO  [nioEventLoopGroup-25-1] SessionHandler - query ok: 0 rows affected in 0 ms
2026-08-12 14:18:29.538 INFO  [nioEventLoopGroup-25-1] SessionHandler - query ok: 0 rows affected in 0 ms
2026-08-12 14:18:29.540 INFO  [nioEventLoopGroup-25-1] SessionHandler - metadata ok: 2 rows in 1 ms
2026-08-12 14:18:29.546 INFO  [nioEventLoopGroup-25-1] SessionHandler - metadata ok: 1 rows in 0 ms
2026-08-12 14:18:29.551 INFO  [nioEventLoopGroup-25-1] SessionHandler - metadata ok: 0 rows in 2 ms
2026-08-12 14:18:29.556 INFO  [nioEventLoopGroup-25-1] SessionHandler - metadata ok: 2 rows in 1 ms
2026-08-12 14:18:29.561 INFO  [main] MiniDbServer - MiniDB server closed
2026-08-12 14:18:29.580 INFO  [main] StorageManager - loaded 0 table(s)
2026-08-12 14:18:29.617 INFO  [main] MiniDbServer - MiniDB server bound to port 0
2026-08-12 14:18:29.624 INFO  [nioEventLoopGroup-28-1] SessionHandler - query ok: 0 rows affected in 0 ms
2026-08-12 14:18:29.630 INFO  [nioEventLoopGroup-28-1] SessionHandler - query ok: 1 rows affected in 4 ms
2026-08-12 14:18:29.630 INFO  [main] MiniDbServer - MiniDB server closed
2026-08-12 14:18:29.635 INFO  [main] StorageManager - flushed table public.keep
2026-08-12 14:18:29.640 INFO  [main] StorageManager - loaded 1 table(s)
2026-08-12 14:18:29.679 INFO  [main] MiniDbServer - MiniDB server bound to port 0
2026-08-12 14:18:29.690 INFO  [nioEventLoopGroup-31-1] SessionHandler - query ok: 1 rows returned in 4 ms
2026-08-12 14:18:29.691 INFO  [main] MiniDbServer - MiniDB server closed
2026-08-12 14:26:59.403 INFO  [main] StorageManager - loaded 0 table(s)
2026-08-12 14:26:59.988 INFO  [main] MiniDbServer - MiniDB server bound to port 0
2026-08-12 14:27:00.452 INFO  [nioEventLoopGroup-3-1] SessionHandler - query ok: 0 rows affected in 284 ms
2026-08-12 14:27:01.747 INFO  [nioEventLoopGroup-3-1] SessionHandler - query ok: 4 rows affected in 1288 ms
2026-08-12 14:27:01.903 INFO  [nioEventLoopGroup-3-1] SessionHandler - query ok: 2 rows returned in 155 ms
2026-08-12 14:27:02.001 INFO  [nioEventLoopGroup-3-2] SessionHandler - query ok: 0 rows affected in 0 ms
2026-08-12 14:27:02.015 INFO  [nioEventLoopGroup-3-2] SessionHandler - query ok: 0 rows returned in 11 ms
2026-08-12 14:27:02.043 INFO  [nioEventLoopGroup-3-3] SessionHandler - query ok: 0 rows affected in 0 ms
2026-08-12 14:27:02.059 INFO  [nioEventLoopGroup-3-3] SessionHandler - query ok: 1 rows affected in 14 ms
2026-08-12 14:27:02.065 INFO  [nioEventLoopGroup-3-3] SessionHandler - query ok: 1 rows returned in 5 ms
2026-08-12 14:27:02.108 WARN  [nioEventLoopGroup-3-4] SessionHandler - query failed in 25 ms: SELECT * FROM does_not_exist
org.apache.calcite.runtime.CalciteContextException: From line 1, column 15 to line 1, column 28: Object 'does_not_exist' not found
	at java.base/jdk.internal.reflect.NativeConstructorAccessorImpl.newInstance0(Native Method) ~[?:?]
	at java.base/jdk.internal.reflect.NativeConstructorAccessorImpl.newInstance(NativeConstructorAccessorImpl.java:77) ~[?:?]
	at java.base/jdk.internal.reflect.DelegatingConstructorAccessorImpl.newInstance(DelegatingConstructorAccessorImpl.java:45) ~[?:?]
	at java.base/java.lang.reflect.Constructor.newInstanceWithCaller(Constructor.java:500) ~[?:?]
	at java.base/java.lang.reflect.Constructor.newInstance(Constructor.java:481) ~[?:?]
	at org.apache.calcite.runtime.Resources$ExInstWithCause.ex(Resources.java:511) ~[calcite-core-1.42.0.jar:1.42.0]
	at org.apache.calcite.sql.SqlUtil.newContextException(SqlUtil.java:960) ~[calcite-core-1.42.0.jar:1.42.0]
	at org.apache.calcite.sql.SqlUtil.newContextException(SqlUtil.java:945) ~[calcite-core-1.42.0.jar:1.42.0]
	at org.apache.calcite.sql.validate.SqlValidatorImpl.newValidationError(SqlValidatorImpl.java:6376) ~[calcite-core-1.42.0.jar:1.42.0]
	at org.apache.calcite.sql.validate.IdentifierNamespace.resolveImpl(IdentifierNamespace.java:184) ~[calcite-core-1.42.0.jar:1.42.0]
	at org.apache.calcite.sql.validate.IdentifierNamespace.validateImpl(IdentifierNamespace.java:189) ~[calcite-core-1.42.0.jar:1.42.0]
	at org.apache.calcite.sql.validate.AbstractNamespace.validate(AbstractNamespace.java:96) ~[calcite-core-1.42.0.jar:1.42.0]
	at org.apache.calcite.sql.validate.SqlValidatorImpl.validateNamespace(SqlValidatorImpl.java:1491) ~[calcite-core-1.42.0.jar:1.42.0]
	at org.apache.calcite.sql.validate.SqlValidatorImpl.validateQuery(SqlValidatorImpl.java:1462) ~[calcite-core-1.42.0.jar:1.42.0]
	at org.apache.calcite.sql.validate.SqlValidatorImpl.validateFrom(SqlValidatorImpl.java:3924) ~[calcite-core-1.42.0.jar:1.42.0]
	at org.apache.calcite.sql.validate.SqlValidatorImpl.validateFrom(SqlValidatorImpl.java:3903) ~[calcite-core-1.42.0.jar:1.42.0]
	at org.apache.calcite.sql.validate.SqlValidatorImpl.validateSelect(SqlValidatorImpl.java:4437) ~[calcite-core-1.42.0.jar:1.42.0]
	at org.apache.calcite.sql.validate.SelectNamespace.validateImpl(SelectNamespace.java:62) ~[calcite-core-1.42.0.jar:1.42.0]
	at org.apache.calcite.sql.validate.AbstractNamespace.validate(AbstractNamespace.java:96) ~[calcite-core-1.42.0.jar:1.42.0]
	at org.apache.calcite.sql.validate.SqlValidatorImpl.validateNamespace(SqlValidatorImpl.java:1491) ~[calcite-core-1.42.0.jar:1.42.0]
	at org.apache.calcite.sql.validate.SqlValidatorImpl.validateQuery(SqlValidatorImpl.java:1462) ~[calcite-core-1.42.0.jar:1.42.0]
	at org.apache.calcite.sql.SqlSelect.validate(SqlSelect.java:292) ~[calcite-core-1.42.0.jar:1.42.0]
	at org.apache.calcite.sql.validate.SqlValidatorImpl.validateScopedExpression(SqlValidatorImpl.java:1428) ~[calcite-core-1.42.0.jar:1.42.0]
	at org.apache.calcite.sql.validate.SqlValidatorImpl.validate(SqlValidatorImpl.java:1134) ~[calcite-core-1.42.0.jar:1.42.0]
	at com.minidb.server.calcite.CalciteContext.planInCluster(CalciteContext.java:86) ~[classes/:?]
	at com.minidb.server.plan.Planner.plan(Planner.java:36) ~[classes/:?]
	at com.minidb.server.exec.QueryExecutor.execute(QueryExecutor.java:99) ~[classes/:?]
	at com.minidb.server.netty.SessionHandler.handleExecute(SessionHandler.java:55) [classes/:?]
	at com.minidb.server.netty.SessionHandler.channelRead0(SessionHandler.java:37) [classes/:?]
	at com.minidb.server.netty.SessionHandler.channelRead0(SessionHandler.java:19) [classes/:?]
	at io.netty.channel.SimpleChannelInboundHandler.channelRead(SimpleChannelInboundHandler.java:99) [netty-transport-4.1.137.Final.jar:4.1.137.Final]
	at io.netty.channel.AbstractChannelHandlerContext.invokeChannelRead(AbstractChannelHandlerContext.java:444) [netty-transport-4.1.137.Final.jar:4.1.137.Final]
	at io.netty.channel.AbstractChannelHandlerContext.invokeChannelRead(AbstractChannelHandlerContext.java:420) [netty-transport-4.1.137.Final.jar:4.1.137.Final]
	at io.netty.channel.AbstractChannelHandlerContext.fireChannelRead(AbstractChannelHandlerContext.java:412) [netty-transport-4.1.137.Final.jar:4.1.137.Final]
	at io.netty.handler.codec.ByteToMessageDecoder.fireChannelRead(ByteToMessageDecoder.java:361) [netty-codec-4.1.137.Final.jar:4.1.137.Final]
	at io.netty.handler.codec.ByteToMessageDecoder.channelRead(ByteToMessageDecoder.java:325) [netty-codec-4.1.137.Final.jar:4.1.137.Final]
	at io.netty.channel.AbstractChannelHandlerContext.invokeChannelRead(AbstractChannelHandlerContext.java:444) [netty-transport-4.1.137.Final.jar:4.1.137.Final]
	at io.netty.channel.AbstractChannelHandlerContext.invokeChannelRead(AbstractChannelHandlerContext.java:420) [netty-transport-4.1.137.Final.jar:4.1.137.Final]
	at io.netty.channel.AbstractChannelHandlerContext.fireChannelRead(AbstractChannelHandlerContext.java:412) [netty-transport-4.1.137.Final.jar:4.1.137.Final]
	at io.netty.channel.DefaultChannelPipeline$HeadContext.channelRead(DefaultChannelPipeline.java:1357) [netty-transport-4.1.137.Final.jar:4.1.137.Final]
	at io.netty.channel.AbstractChannelHandlerContext.invokeChannelRead(AbstractChannelHandlerContext.java:440) [netty-transport-4.1.137.Final.jar:4.1.137.Final]
	at io.netty.channel.AbstractChannelHandlerContext.invokeChannelRead(AbstractChannelHandlerContext.java:420) [netty-transport-4.1.137.Final.jar:4.1.137.Final]
	at io.netty.channel.DefaultChannelPipeline.fireChannelRead(DefaultChannelPipeline.java:868) [netty-transport-4.1.137.Final.jar:4.1.137.Final]
	at io.netty.channel.nio.AbstractNioByteChannel$NioByteUnsafe.read(AbstractNioByteChannel.java:171) [netty-transport-4.1.137.Final.jar:4.1.137.Final]
	at io.netty.channel.nio.NioEventLoop.processSelectedKey(NioEventLoop.java:796) [netty-transport-4.1.137.Final.jar:4.1.137.Final]
	at io.netty.channel.nio.NioEventLoop.processSelectedKeysOptimized(NioEventLoop.java:732) [netty-transport-4.1.137.Final.jar:4.1.137.Final]
	at io.netty.channel.nio.NioEventLoop.processSelectedKeys(NioEventLoop.java:658) [netty-transport-4.1.137.Final.jar:4.1.137.Final]
	at io.netty.channel.nio.NioEventLoop.run(NioEventLoop.java:562) [netty-transport-4.1.137.Final.jar:4.1.137.Final]
	at io.netty.util.concurrent.SingleThreadEventExecutor$4.run(SingleThreadEventExecutor.java:1007) [netty-common-4.1.137.Final.jar:4.1.137.Final]
	at io.netty.util.internal.ThreadExecutorMap$2.run(ThreadExecutorMap.java:74) [netty-common-4.1.137.Final.jar:4.1.137.Final]
	at io.netty.util.concurrent.FastThreadLocalRunnable.run(FastThreadLocalRunnable.java:30) [netty-common-4.1.137.Final.jar:4.1.137.Final]
	at java.base/java.lang.Thread.run(Thread.java:840) [?:?]
Caused by: org.apache.calcite.sql.validate.SqlValidatorException: Object 'does_not_exist' not found
	at java.base/jdk.internal.reflect.NativeConstructorAccessorImpl.newInstance0(Native Method) ~[?:?]
	at java.base/jdk.internal.reflect.NativeConstructorAccessorImpl.newInstance(NativeConstructorAccessorImpl.java:77) ~[?:?]
	at java.base/jdk.internal.reflect.DelegatingConstructorAccessorImpl.newInstance(DelegatingConstructorAccessorImpl.java:45) ~[?:?]
	at java.base/java.lang.reflect.Constructor.newInstanceWithCaller(Constructor.java:500) ~[?:?]
	at java.base/java.lang.reflect.Constructor.newInstance(Constructor.java:481) ~[?:?]
	at org.apache.calcite.runtime.Resources$ExInstWithCause.ex(Resources.java:511) ~[calcite-core-1.42.0.jar:1.42.0]
	at org.apache.calcite.runtime.Resources$ExInst.ex(Resources.java:605) ~[calcite-core-1.42.0.jar:1.42.0]
	... 46 more
2026-08-12 14:27:02.142 INFO  [nioEventLoopGroup-3-5] SessionHandler - query ok: 0 rows affected in 0 ms
2026-08-12 14:27:02.158 INFO  [nioEventLoopGroup-3-5] SessionHandler - query ok: 2 rows affected in 15 ms
2026-08-12 14:27:02.168 INFO  [nioEventLoopGroup-3-5] SessionHandler - query ok: 2 rows returned in 8 ms
2026-08-12 14:27:02.176 INFO  [main] MiniDbServer - MiniDB server closed
2026-08-12 14:27:02.188 INFO  [main] StorageManager - flushed table public.n
2026-08-12 14:27:02.192 INFO  [main] StorageManager - flushed table public.t
2026-08-12 14:27:02.195 INFO  [main] StorageManager - flushed table public.w
2026-08-12 14:27:02.203 INFO  [main] StorageManager - loaded 0 table(s)
2026-08-12 14:27:02.248 INFO  [main] MiniDbServer - MiniDB server bound to port 0
2026-08-12 14:27:02.257 INFO  [nioEventLoopGroup-10-1] SessionHandler - query ok: 0 rows affected in 0 ms
2026-08-12 14:27:02.262 INFO  [nioEventLoopGroup-10-1] SessionHandler - query ok: 3 rows affected in 4 ms
2026-08-12 14:27:02.264 INFO  [nioEventLoopGroup-10-1] SessionHandler - query ok: 0 rows affected in 0 ms
2026-08-12 14:27:02.268 INFO  [nioEventLoopGroup-10-1] SessionHandler - query ok: 2 rows affected in 4 ms
2026-08-12 14:27:02.276 INFO  [nioEventLoopGroup-10-1] SessionHandler - query ok: 3 rows returned in 4 ms
2026-08-12 14:27:02.281 INFO  [nioEventLoopGroup-10-1] SessionHandler - query ok: 2 rows returned in 4 ms
2026-08-12 14:27:02.287 INFO  [nioEventLoopGroup-10-1] SessionHandler - query ok: 2 rows returned in 5 ms
2026-08-12 14:27:02.292 INFO  [nioEventLoopGroup-10-1] SessionHandler - query ok: 3 rows returned in 4 ms
2026-08-12 14:27:02.299 INFO  [nioEventLoopGroup-10-1] SessionHandler - query ok: 3 rows returned in 5 ms
2026-08-12 14:27:02.304 INFO  [nioEventLoopGroup-10-1] SessionHandler - query ok: 2 rows returned in 4 ms
2026-08-12 14:27:02.308 INFO  [nioEventLoopGroup-10-1] SessionHandler - query ok: 2 rows returned in 3 ms
2026-08-12 14:27:02.314 INFO  [nioEventLoopGroup-10-1] SessionHandler - query ok: 3 rows returned in 4 ms
2026-08-12 14:27:02.315 INFO  [main] MiniDbServer - MiniDB server closed
2026-08-12 14:27:02.320 INFO  [main] StorageManager - flushed table public.a
2026-08-12 14:27:02.323 INFO  [main] StorageManager - flushed table public.b
2026-08-12 14:27:02.326 INFO  [main] StorageManager - loaded 0 table(s)
2026-08-12 14:27:02.370 INFO  [main] MiniDbServer - MiniDB server bound to port 0
2026-08-12 14:27:02.382 INFO  [main] MiniDbServer - MiniDB server closed
2026-08-12 14:27:02.390 INFO  [main] StorageManager - loaded 0 table(s)
2026-08-12 14:27:02.433 INFO  [main] MiniDbServer - MiniDB server bound to port 0
2026-08-12 14:27:02.442 INFO  [main] MiniDbServer - MiniDB server closed
2026-08-12 14:27:02.451 INFO  [main] StorageManager - loaded 0 table(s)
2026-08-12 14:27:02.489 INFO  [main] MiniDbServer - MiniDB server bound to port 0
2026-08-12 14:27:02.501 INFO  [nioEventLoopGroup-19-1] SessionHandler - query ok: 0 rows affected in 0 ms
2026-08-12 14:27:02.520 INFO  [nioEventLoopGroup-19-1] SessionHandler - metadata ok: 2 rows in 2 ms
2026-08-12 14:27:02.523 INFO  [main] MiniDbServer - MiniDB server closed
2026-08-12 14:27:02.528 INFO  [main] StorageManager - loaded 0 table(s)
2026-08-12 14:27:02.571 INFO  [main] MiniDbServer - MiniDB server bound to port 0
2026-08-12 14:27:02.577 INFO  [nioEventLoopGroup-22-1] SessionHandler - query ok: 0 rows affected in 0 ms
2026-08-12 14:27:02.586 INFO  [nioEventLoopGroup-22-1] SessionHandler - metadata ok: 1 rows in 7 ms
2026-08-12 14:27:02.593 INFO  [main] MiniDbServer - MiniDB server closed
2026-08-12 14:27:02.599 INFO  [main] StorageManager - loaded 0 table(s)
2026-08-12 14:27:02.667 INFO  [main] MiniDbServer - MiniDB server bound to port 0
2026-08-12 14:27:02.675 INFO  [nioEventLoopGroup-25-1] SessionHandler - query ok: 0 rows affected in 0 ms
2026-08-12 14:27:02.676 INFO  [nioEventLoopGroup-25-1] SessionHandler - query ok: 0 rows affected in 0 ms
2026-08-12 14:27:02.677 INFO  [nioEventLoopGroup-25-1] SessionHandler - query ok: 0 rows affected in 0 ms
2026-08-12 14:27:02.681 INFO  [nioEventLoopGroup-25-1] SessionHandler - metadata ok: 2 rows in 2 ms
2026-08-12 14:27:02.687 INFO  [nioEventLoopGroup-25-1] SessionHandler - metadata ok: 1 rows in 0 ms
2026-08-12 14:27:02.692 INFO  [nioEventLoopGroup-25-1] SessionHandler - metadata ok: 0 rows in 2 ms
2026-08-12 14:27:02.696 INFO  [nioEventLoopGroup-25-1] SessionHandler - metadata ok: 2 rows in 1 ms
2026-08-12 14:27:02.699 INFO  [main] MiniDbServer - MiniDB server closed
2026-08-12 14:27:02.707 INFO  [main] StorageManager - loaded 0 table(s)
2026-08-12 14:27:02.756 INFO  [main] MiniDbServer - MiniDB server bound to port 0
2026-08-12 14:27:02.766 INFO  [nioEventLoopGroup-28-1] SessionHandler - query ok: 0 rows affected in 0 ms
2026-08-12 14:27:02.773 INFO  [nioEventLoopGroup-28-1] SessionHandler - query ok: 1 rows affected in 5 ms
2026-08-12 14:27:02.774 INFO  [main] MiniDbServer - MiniDB server closed
2026-08-12 14:27:02.782 INFO  [main] StorageManager - flushed table public.keep
2026-08-12 14:27:02.790 INFO  [main] StorageManager - loaded 1 table(s)
2026-08-12 14:27:02.830 INFO  [main] MiniDbServer - MiniDB server bound to port 0
2026-08-12 14:27:02.841 INFO  [nioEventLoopGroup-31-1] SessionHandler - query ok: 1 rows returned in 4 ms
2026-08-12 14:27:02.843 INFO  [main] MiniDbServer - MiniDB server closed
2026-08-12 14:27:39.154 INFO  [main] StorageManager - loaded 0 table(s)
2026-08-12 14:27:39.852 INFO  [main] MiniDbServer - MiniDB server bound to port 0
2026-08-12 14:27:40.209 INFO  [nioEventLoopGroup-3-1] SessionHandler - query ok: 0 rows affected in 254 ms
2026-08-12 14:27:41.542 INFO  [nioEventLoopGroup-3-1] SessionHandler - query ok: 4 rows affected in 1327 ms
2026-08-12 14:27:41.695 INFO  [nioEventLoopGroup-3-1] SessionHandler - query ok: 2 rows returned in 152 ms
2026-08-12 14:27:41.760 INFO  [nioEventLoopGroup-3-2] SessionHandler - query ok: 0 rows affected in 0 ms
2026-08-12 14:27:41.774 INFO  [nioEventLoopGroup-3-2] SessionHandler - query ok: 0 rows returned in 13 ms
2026-08-12 14:27:41.789 INFO  [nioEventLoopGroup-3-3] SessionHandler - query ok: 0 rows affected in 0 ms
2026-08-12 14:27:41.798 INFO  [nioEventLoopGroup-3-3] SessionHandler - query ok: 1 rows affected in 6 ms
2026-08-12 14:27:41.804 INFO  [nioEventLoopGroup-3-3] SessionHandler - query ok: 1 rows returned in 4 ms
2026-08-12 14:27:41.848 WARN  [nioEventLoopGroup-3-4] SessionHandler - query failed in 25 ms: SELECT * FROM does_not_exist
org.apache.calcite.runtime.CalciteContextException: From line 1, column 15 to line 1, column 28: Object 'does_not_exist' not found
	at java.base/jdk.internal.reflect.NativeConstructorAccessorImpl.newInstance0(Native Method) ~[?:?]
	at java.base/jdk.internal.reflect.NativeConstructorAccessorImpl.newInstance(NativeConstructorAccessorImpl.java:77) ~[?:?]
	at java.base/jdk.internal.reflect.DelegatingConstructorAccessorImpl.newInstance(DelegatingConstructorAccessorImpl.java:45) ~[?:?]
	at java.base/java.lang.reflect.Constructor.newInstanceWithCaller(Constructor.java:500) ~[?:?]
	at java.base/java.lang.reflect.Constructor.newInstance(Constructor.java:481) ~[?:?]
	at org.apache.calcite.runtime.Resources$ExInstWithCause.ex(Resources.java:511) ~[calcite-core-1.42.0.jar:1.42.0]
	at org.apache.calcite.sql.SqlUtil.newContextException(SqlUtil.java:960) ~[calcite-core-1.42.0.jar:1.42.0]
	at org.apache.calcite.sql.SqlUtil.newContextException(SqlUtil.java:945) ~[calcite-core-1.42.0.jar:1.42.0]
	at org.apache.calcite.sql.validate.SqlValidatorImpl.newValidationError(SqlValidatorImpl.java:6376) ~[calcite-core-1.42.0.jar:1.42.0]
	at org.apache.calcite.sql.validate.IdentifierNamespace.resolveImpl(IdentifierNamespace.java:184) ~[calcite-core-1.42.0.jar:1.42.0]
	at org.apache.calcite.sql.validate.IdentifierNamespace.validateImpl(IdentifierNamespace.java:189) ~[calcite-core-1.42.0.jar:1.42.0]
	at org.apache.calcite.sql.validate.AbstractNamespace.validate(AbstractNamespace.java:96) ~[calcite-core-1.42.0.jar:1.42.0]
	at org.apache.calcite.sql.validate.SqlValidatorImpl.validateNamespace(SqlValidatorImpl.java:1491) ~[calcite-core-1.42.0.jar:1.42.0]
	at org.apache.calcite.sql.validate.SqlValidatorImpl.validateQuery(SqlValidatorImpl.java:1462) ~[calcite-core-1.42.0.jar:1.42.0]
	at org.apache.calcite.sql.validate.SqlValidatorImpl.validateFrom(SqlValidatorImpl.java:3924) ~[calcite-core-1.42.0.jar:1.42.0]
	at org.apache.calcite.sql.validate.SqlValidatorImpl.validateFrom(SqlValidatorImpl.java:3903) ~[calcite-core-1.42.0.jar:1.42.0]
	at org.apache.calcite.sql.validate.SqlValidatorImpl.validateSelect(SqlValidatorImpl.java:4437) ~[calcite-core-1.42.0.jar:1.42.0]
	at org.apache.calcite.sql.validate.SelectNamespace.validateImpl(SelectNamespace.java:62) ~[calcite-core-1.42.0.jar:1.42.0]
	at org.apache.calcite.sql.validate.AbstractNamespace.validate(AbstractNamespace.java:96) ~[calcite-core-1.42.0.jar:1.42.0]
	at org.apache.calcite.sql.validate.SqlValidatorImpl.validateNamespace(SqlValidatorImpl.java:1491) ~[calcite-core-1.42.0.jar:1.42.0]
	at org.apache.calcite.sql.validate.SqlValidatorImpl.validateQuery(SqlValidatorImpl.java:1462) ~[calcite-core-1.42.0.jar:1.42.0]
	at org.apache.calcite.sql.SqlSelect.validate(SqlSelect.java:292) ~[calcite-core-1.42.0.jar:1.42.0]
	at org.apache.calcite.sql.validate.SqlValidatorImpl.validateScopedExpression(SqlValidatorImpl.java:1428) ~[calcite-core-1.42.0.jar:1.42.0]
	at org.apache.calcite.sql.validate.SqlValidatorImpl.validate(SqlValidatorImpl.java:1134) ~[calcite-core-1.42.0.jar:1.42.0]
	at com.minidb.server.calcite.CalciteContext.planInCluster(CalciteContext.java:86) ~[classes/:?]
	at com.minidb.server.plan.Planner.plan(Planner.java:36) ~[classes/:?]
	at com.minidb.server.exec.QueryExecutor.execute(QueryExecutor.java:99) ~[classes/:?]
	at com.minidb.server.netty.SessionHandler.handleExecute(SessionHandler.java:55) [classes/:?]
	at com.minidb.server.netty.SessionHandler.channelRead0(SessionHandler.java:37) [classes/:?]
	at com.minidb.server.netty.SessionHandler.channelRead0(SessionHandler.java:19) [classes/:?]
	at io.netty.channel.SimpleChannelInboundHandler.channelRead(SimpleChannelInboundHandler.java:99) [netty-transport-4.1.137.Final.jar:4.1.137.Final]
	at io.netty.channel.AbstractChannelHandlerContext.invokeChannelRead(AbstractChannelHandlerContext.java:444) [netty-transport-4.1.137.Final.jar:4.1.137.Final]
	at io.netty.channel.AbstractChannelHandlerContext.invokeChannelRead(AbstractChannelHandlerContext.java:420) [netty-transport-4.1.137.Final.jar:4.1.137.Final]
	at io.netty.channel.AbstractChannelHandlerContext.fireChannelRead(AbstractChannelHandlerContext.java:412) [netty-transport-4.1.137.Final.jar:4.1.137.Final]
	at io.netty.handler.codec.ByteToMessageDecoder.fireChannelRead(ByteToMessageDecoder.java:361) [netty-codec-4.1.137.Final.jar:4.1.137.Final]
	at io.netty.handler.codec.ByteToMessageDecoder.channelRead(ByteToMessageDecoder.java:325) [netty-codec-4.1.137.Final.jar:4.1.137.Final]
	at io.netty.channel.AbstractChannelHandlerContext.invokeChannelRead(AbstractChannelHandlerContext.java:444) [netty-transport-4.1.137.Final.jar:4.1.137.Final]
	at io.netty.channel.AbstractChannelHandlerContext.invokeChannelRead(AbstractChannelHandlerContext.java:420) [netty-transport-4.1.137.Final.jar:4.1.137.Final]
	at io.netty.channel.AbstractChannelHandlerContext.fireChannelRead(AbstractChannelHandlerContext.java:412) [netty-transport-4.1.137.Final.jar:4.1.137.Final]
	at io.netty.channel.DefaultChannelPipeline$HeadContext.channelRead(DefaultChannelPipeline.java:1357) [netty-transport-4.1.137.Final.jar:4.1.137.Final]
	at io.netty.channel.AbstractChannelHandlerContext.invokeChannelRead(AbstractChannelHandlerContext.java:440) [netty-transport-4.1.137.Final.jar:4.1.137.Final]
	at io.netty.channel.AbstractChannelHandlerContext.invokeChannelRead(AbstractChannelHandlerContext.java:420) [netty-transport-4.1.137.Final.jar:4.1.137.Final]
	at io.netty.channel.DefaultChannelPipeline.fireChannelRead(DefaultChannelPipeline.java:868) [netty-transport-4.1.137.Final.jar:4.1.137.Final]
	at io.netty.channel.nio.AbstractNioByteChannel$NioByteUnsafe.read(AbstractNioByteChannel.java:171) [netty-transport-4.1.137.Final.jar:4.1.137.Final]
	at io.netty.channel.nio.NioEventLoop.processSelectedKey(NioEventLoop.java:796) [netty-transport-4.1.137.Final.jar:4.1.137.Final]
	at io.netty.channel.nio.NioEventLoop.processSelectedKeysOptimized(NioEventLoop.java:732) [netty-transport-4.1.137.Final.jar:4.1.137.Final]
	at io.netty.channel.nio.NioEventLoop.processSelectedKeys(NioEventLoop.java:658) [netty-transport-4.1.137.Final.jar:4.1.137.Final]
	at io.netty.channel.nio.NioEventLoop.run(NioEventLoop.java:562) [netty-transport-4.1.137.Final.jar:4.1.137.Final]
	at io.netty.util.concurrent.SingleThreadEventExecutor$4.run(SingleThreadEventExecutor.java:1007) [netty-common-4.1.137.Final.jar:4.1.137.Final]
	at io.netty.util.internal.ThreadExecutorMap$2.run(ThreadExecutorMap.java:74) [netty-common-4.1.137.Final.jar:4.1.137.Final]
	at io.netty.util.concurrent.FastThreadLocalRunnable.run(FastThreadLocalRunnable.java:30) [netty-common-4.1.137.Final.jar:4.1.137.Final]
	at java.base/java.lang.Thread.run(Thread.java:840) [?:?]
Caused by: org.apache.calcite.sql.validate.SqlValidatorException: Object 'does_not_exist' not found
	at java.base/jdk.internal.reflect.NativeConstructorAccessorImpl.newInstance0(Native Method) ~[?:?]
	at java.base/jdk.internal.reflect.NativeConstructorAccessorImpl.newInstance(NativeConstructorAccessorImpl.java:77) ~[?:?]
	at java.base/jdk.internal.reflect.DelegatingConstructorAccessorImpl.newInstance(DelegatingConstructorAccessorImpl.java:45) ~[?:?]
	at java.base/java.lang.reflect.Constructor.newInstanceWithCaller(Constructor.java:500) ~[?:?]
	at java.base/java.lang.reflect.Constructor.newInstance(Constructor.java:481) ~[?:?]
	at org.apache.calcite.runtime.Resources$ExInstWithCause.ex(Resources.java:511) ~[calcite-core-1.42.0.jar:1.42.0]
	at org.apache.calcite.runtime.Resources$ExInst.ex(Resources.java:605) ~[calcite-core-1.42.0.jar:1.42.0]
	... 46 more
2026-08-12 14:27:41.881 INFO  [nioEventLoopGroup-3-5] SessionHandler - query ok: 0 rows affected in 0 ms
2026-08-12 14:27:41.900 INFO  [nioEventLoopGroup-3-5] SessionHandler - query ok: 2 rows affected in 17 ms
2026-08-12 14:27:41.910 INFO  [nioEventLoopGroup-3-5] SessionHandler - query ok: 2 rows returned in 8 ms
2026-08-12 14:27:41.916 INFO  [main] MiniDbServer - MiniDB server closed
2026-08-12 14:27:41.930 INFO  [main] StorageManager - flushed table public.n
2026-08-12 14:27:41.933 INFO  [main] StorageManager - flushed table public.t
2026-08-12 14:27:41.936 INFO  [main] StorageManager - flushed table public.w
2026-08-12 14:27:41.944 INFO  [main] StorageManager - loaded 0 table(s)
2026-08-12 14:27:41.981 INFO  [main] MiniDbServer - MiniDB server bound to port 0
2026-08-12 14:27:41.991 INFO  [nioEventLoopGroup-10-1] SessionHandler - query ok: 0 rows affected in 0 ms
2026-08-12 14:27:41.998 INFO  [nioEventLoopGroup-10-1] SessionHandler - query ok: 3 rows affected in 4 ms
2026-08-12 14:27:41.999 INFO  [nioEventLoopGroup-10-1] SessionHandler - query ok: 0 rows affected in 0 ms
2026-08-12 14:27:42.004 INFO  [nioEventLoopGroup-10-1] SessionHandler - query ok: 2 rows affected in 4 ms
2026-08-12 14:27:42.011 INFO  [nioEventLoopGroup-10-1] SessionHandler - query ok: 3 rows returned in 4 ms
2026-08-12 14:27:42.017 INFO  [nioEventLoopGroup-10-1] SessionHandler - query ok: 3 rows returned in 5 ms
2026-08-12 14:27:42.024 INFO  [nioEventLoopGroup-10-1] SessionHandler - query ok: 2 rows returned in 5 ms
2026-08-12 14:27:42.029 INFO  [nioEventLoopGroup-10-1] SessionHandler - query ok: 2 rows returned in 4 ms
2026-08-12 14:27:42.035 INFO  [nioEventLoopGroup-10-1] SessionHandler - query ok: 2 rows returned in 4 ms
2026-08-12 14:27:42.040 INFO  [nioEventLoopGroup-10-1] SessionHandler - query ok: 3 rows returned in 5 ms
2026-08-12 14:27:42.046 INFO  [nioEventLoopGroup-10-1] SessionHandler - query ok: 3 rows returned in 5 ms
2026-08-12 14:27:42.052 INFO  [nioEventLoopGroup-10-1] SessionHandler - query ok: 2 rows returned in 4 ms
2026-08-12 14:27:42.053 INFO  [main] MiniDbServer - MiniDB server closed
2026-08-12 14:27:42.059 INFO  [main] StorageManager - flushed table public.a
2026-08-12 14:27:42.061 INFO  [main] StorageManager - flushed table public.b
2026-08-12 14:27:42.065 INFO  [main] StorageManager - loaded 0 table(s)
2026-08-12 14:27:42.119 INFO  [main] MiniDbServer - MiniDB server bound to port 0
2026-08-12 14:27:42.127 INFO  [main] MiniDbServer - MiniDB server closed
2026-08-12 14:27:42.136 INFO  [main] StorageManager - loaded 0 table(s)
2026-08-12 14:27:42.180 INFO  [main] MiniDbServer - MiniDB server bound to port 0
2026-08-12 14:27:42.189 INFO  [main] MiniDbServer - MiniDB server closed
2026-08-12 14:27:42.197 INFO  [main] StorageManager - loaded 0 table(s)
2026-08-12 14:27:42.240 INFO  [main] MiniDbServer - MiniDB server bound to port 0
2026-08-12 14:27:42.251 INFO  [nioEventLoopGroup-19-1] SessionHandler - query ok: 0 rows affected in 5 ms
2026-08-12 14:27:42.257 INFO  [nioEventLoopGroup-19-1] SessionHandler - metadata ok: 2 rows in 1 ms
2026-08-12 14:27:42.260 INFO  [main] MiniDbServer - MiniDB server closed
2026-08-12 14:27:42.266 INFO  [main] StorageManager - loaded 0 table(s)
2026-08-12 14:27:42.303 INFO  [main] MiniDbServer - MiniDB server bound to port 0
2026-08-12 14:27:42.309 INFO  [nioEventLoopGroup-22-1] SessionHandler - query ok: 0 rows affected in 0 ms
2026-08-12 14:27:42.316 INFO  [nioEventLoopGroup-22-1] SessionHandler - metadata ok: 1 rows in 5 ms
2026-08-12 14:27:42.322 INFO  [main] MiniDbServer - MiniDB server closed
2026-08-12 14:27:42.332 INFO  [main] StorageManager - loaded 0 table(s)
2026-08-12 14:27:42.425 INFO  [main] MiniDbServer - MiniDB server bound to port 0
2026-08-12 14:27:42.435 INFO  [nioEventLoopGroup-25-1] SessionHandler - query ok: 0 rows affected in 0 ms
2026-08-12 14:27:42.436 INFO  [nioEventLoopGroup-25-1] SessionHandler - query ok: 0 rows affected in 0 ms
2026-08-12 14:27:42.438 INFO  [nioEventLoopGroup-25-1] SessionHandler - query ok: 0 rows affected in 0 ms
2026-08-12 14:27:42.441 INFO  [nioEventLoopGroup-25-1] SessionHandler - metadata ok: 2 rows in 2 ms
2026-08-12 14:27:42.447 INFO  [nioEventLoopGroup-25-1] SessionHandler - metadata ok: 1 rows in 0 ms
2026-08-12 14:27:42.453 INFO  [nioEventLoopGroup-25-1] SessionHandler - metadata ok: 0 rows in 2 ms
2026-08-12 14:27:42.456 INFO  [nioEventLoopGroup-25-1] SessionHandler - metadata ok: 2 rows in 1 ms
2026-08-12 14:27:42.460 INFO  [main] MiniDbServer - MiniDB server closed
2026-08-12 14:27:42.473 INFO  [main] StorageManager - loaded 0 table(s)
2026-08-12 14:27:42.532 INFO  [main] MiniDbServer - MiniDB server bound to port 0
2026-08-12 14:27:42.540 INFO  [nioEventLoopGroup-28-1] SessionHandler - query ok: 0 rows affected in 0 ms
2026-08-12 14:27:42.546 INFO  [nioEventLoopGroup-28-1] SessionHandler - query ok: 1 rows affected in 5 ms
2026-08-12 14:27:42.547 INFO  [main] MiniDbServer - MiniDB server closed
2026-08-12 14:27:42.555 INFO  [main] StorageManager - flushed table public.keep
2026-08-12 14:27:42.560 INFO  [main] StorageManager - loaded 1 table(s)
2026-08-12 14:27:42.612 INFO  [main] MiniDbServer - MiniDB server bound to port 0
2026-08-12 14:27:42.628 INFO  [nioEventLoopGroup-31-1] SessionHandler - query ok: 1 rows returned in 5 ms
2026-08-12 14:27:42.631 INFO  [main] MiniDbServer - MiniDB server closed
2026-08-12 16:36:55.304 INFO  [main] StorageManager - loaded 0 table(s)
2026-08-12 16:36:55.942 INFO  [main] MiniDbServer - MiniDB server bound to port 0
2026-08-12 16:36:56.468 INFO  [nioEventLoopGroup-3-1] SessionHandler - query ok: 0 rows affected in 275 ms
2026-08-12 16:36:57.740 INFO  [nioEventLoopGroup-3-1] SessionHandler - query ok: 4 rows affected in 1266 ms
2026-08-12 16:36:57.902 INFO  [nioEventLoopGroup-3-1] SessionHandler - query ok: 2 rows returned in 160 ms
2026-08-12 16:36:58.008 INFO  [nioEventLoopGroup-3-2] SessionHandler - query ok: 0 rows affected in 0 ms
2026-08-12 16:36:58.028 INFO  [nioEventLoopGroup-3-2] SessionHandler - query ok: 0 rows returned in 18 ms
2026-08-12 16:36:58.061 INFO  [nioEventLoopGroup-3-3] SessionHandler - query ok: 0 rows affected in 0 ms
2026-08-12 16:36:58.069 INFO  [nioEventLoopGroup-3-3] SessionHandler - query ok: 1 rows affected in 7 ms
2026-08-12 16:36:58.077 INFO  [nioEventLoopGroup-3-3] SessionHandler - query ok: 1 rows returned in 6 ms
2026-08-12 16:36:58.125 WARN  [nioEventLoopGroup-3-4] SessionHandler - query failed in 25 ms: SELECT * FROM does_not_exist
org.apache.calcite.runtime.CalciteContextException: From line 1, column 15 to line 1, column 28: Object 'does_not_exist' not found
	at java.base/jdk.internal.reflect.NativeConstructorAccessorImpl.newInstance0(Native Method) ~[?:?]
	at java.base/jdk.internal.reflect.NativeConstructorAccessorImpl.newInstance(NativeConstructorAccessorImpl.java:77) ~[?:?]
	at java.base/jdk.internal.reflect.DelegatingConstructorAccessorImpl.newInstance(DelegatingConstructorAccessorImpl.java:45) ~[?:?]
	at java.base/java.lang.reflect.Constructor.newInstanceWithCaller(Constructor.java:500) ~[?:?]
	at java.base/java.lang.reflect.Constructor.newInstance(Constructor.java:481) ~[?:?]
	at org.apache.calcite.runtime.Resources$ExInstWithCause.ex(Resources.java:511) ~[calcite-core-1.42.0.jar:1.42.0]
	at org.apache.calcite.sql.SqlUtil.newContextException(SqlUtil.java:960) ~[calcite-core-1.42.0.jar:1.42.0]
	at org.apache.calcite.sql.SqlUtil.newContextException(SqlUtil.java:945) ~[calcite-core-1.42.0.jar:1.42.0]
	at org.apache.calcite.sql.validate.SqlValidatorImpl.newValidationError(SqlValidatorImpl.java:6376) ~[calcite-core-1.42.0.jar:1.42.0]
	at org.apache.calcite.sql.validate.IdentifierNamespace.resolveImpl(IdentifierNamespace.java:184) ~[calcite-core-1.42.0.jar:1.42.0]
	at org.apache.calcite.sql.validate.IdentifierNamespace.validateImpl(IdentifierNamespace.java:189) ~[calcite-core-1.42.0.jar:1.42.0]
	at org.apache.calcite.sql.validate.AbstractNamespace.validate(AbstractNamespace.java:96) ~[calcite-core-1.42.0.jar:1.42.0]
	at org.apache.calcite.sql.validate.SqlValidatorImpl.validateNamespace(SqlValidatorImpl.java:1491) ~[calcite-core-1.42.0.jar:1.42.0]
	at org.apache.calcite.sql.validate.SqlValidatorImpl.validateQuery(SqlValidatorImpl.java:1462) ~[calcite-core-1.42.0.jar:1.42.0]
	at org.apache.calcite.sql.validate.SqlValidatorImpl.validateFrom(SqlValidatorImpl.java:3924) ~[calcite-core-1.42.0.jar:1.42.0]
	at org.apache.calcite.sql.validate.SqlValidatorImpl.validateFrom(SqlValidatorImpl.java:3903) ~[calcite-core-1.42.0.jar:1.42.0]
	at org.apache.calcite.sql.validate.SqlValidatorImpl.validateSelect(SqlValidatorImpl.java:4437) ~[calcite-core-1.42.0.jar:1.42.0]
	at org.apache.calcite.sql.validate.SelectNamespace.validateImpl(SelectNamespace.java:62) ~[calcite-core-1.42.0.jar:1.42.0]
	at org.apache.calcite.sql.validate.AbstractNamespace.validate(AbstractNamespace.java:96) ~[calcite-core-1.42.0.jar:1.42.0]
	at org.apache.calcite.sql.validate.SqlValidatorImpl.validateNamespace(SqlValidatorImpl.java:1491) ~[calcite-core-1.42.0.jar:1.42.0]
	at org.apache.calcite.sql.validate.SqlValidatorImpl.validateQuery(SqlValidatorImpl.java:1462) ~[calcite-core-1.42.0.jar:1.42.0]
	at org.apache.calcite.sql.SqlSelect.validate(SqlSelect.java:292) ~[calcite-core-1.42.0.jar:1.42.0]
	at org.apache.calcite.sql.validate.SqlValidatorImpl.validateScopedExpression(SqlValidatorImpl.java:1428) ~[calcite-core-1.42.0.jar:1.42.0]
	at org.apache.calcite.sql.validate.SqlValidatorImpl.validate(SqlValidatorImpl.java:1134) ~[calcite-core-1.42.0.jar:1.42.0]
	at com.minidb.server.calcite.CalciteContext.planInCluster(CalciteContext.java:88) ~[classes/:?]
	at com.minidb.server.plan.Planner.plan(Planner.java:36) ~[classes/:?]
	at com.minidb.server.exec.QueryExecutor.execute(QueryExecutor.java:99) ~[classes/:?]
	at com.minidb.server.netty.SessionHandler.handleExecute(SessionHandler.java:55) [classes/:?]
	at com.minidb.server.netty.SessionHandler.channelRead0(SessionHandler.java:37) [classes/:?]
	at com.minidb.server.netty.SessionHandler.channelRead0(SessionHandler.java:19) [classes/:?]
	at io.netty.channel.SimpleChannelInboundHandler.channelRead(SimpleChannelInboundHandler.java:99) [netty-transport-4.1.137.Final.jar:4.1.137.Final]
	at io.netty.channel.AbstractChannelHandlerContext.invokeChannelRead(AbstractChannelHandlerContext.java:444) [netty-transport-4.1.137.Final.jar:4.1.137.Final]
	at io.netty.channel.AbstractChannelHandlerContext.invokeChannelRead(AbstractChannelHandlerContext.java:420) [netty-transport-4.1.137.Final.jar:4.1.137.Final]
	at io.netty.channel.AbstractChannelHandlerContext.fireChannelRead(AbstractChannelHandlerContext.java:412) [netty-transport-4.1.137.Final.jar:4.1.137.Final]
	at io.netty.handler.codec.ByteToMessageDecoder.fireChannelRead(ByteToMessageDecoder.java:361) [netty-codec-4.1.137.Final.jar:4.1.137.Final]
	at io.netty.handler.codec.ByteToMessageDecoder.channelRead(ByteToMessageDecoder.java:325) [netty-codec-4.1.137.Final.jar:4.1.137.Final]
	at io.netty.channel.AbstractChannelHandlerContext.invokeChannelRead(AbstractChannelHandlerContext.java:444) [netty-transport-4.1.137.Final.jar:4.1.137.Final]
	at io.netty.channel.AbstractChannelHandlerContext.invokeChannelRead(AbstractChannelHandlerContext.java:420) [netty-transport-4.1.137.Final.jar:4.1.137.Final]
	at io.netty.channel.AbstractChannelHandlerContext.fireChannelRead(AbstractChannelHandlerContext.java:412) [netty-transport-4.1.137.Final.jar:4.1.137.Final]
	at io.netty.channel.DefaultChannelPipeline$HeadContext.channelRead(DefaultChannelPipeline.java:1357) [netty-transport-4.1.137.Final.jar:4.1.137.Final]
	at io.netty.channel.AbstractChannelHandlerContext.invokeChannelRead(AbstractChannelHandlerContext.java:440) [netty-transport-4.1.137.Final.jar:4.1.137.Final]
	at io.netty.channel.AbstractChannelHandlerContext.invokeChannelRead(AbstractChannelHandlerContext.java:420) [netty-transport-4.1.137.Final.jar:4.1.137.Final]
	at io.netty.channel.DefaultChannelPipeline.fireChannelRead(DefaultChannelPipeline.java:868) [netty-transport-4.1.137.Final.jar:4.1.137.Final]
	at io.netty.channel.nio.AbstractNioByteChannel$NioByteUnsafe.read(AbstractNioByteChannel.java:171) [netty-transport-4.1.137.Final.jar:4.1.137.Final]
	at io.netty.channel.nio.NioEventLoop.processSelectedKey(NioEventLoop.java:796) [netty-transport-4.1.137.Final.jar:4.1.137.Final]
	at io.netty.channel.nio.NioEventLoop.processSelectedKeysOptimized(NioEventLoop.java:732) [netty-transport-4.1.137.Final.jar:4.1.137.Final]
	at io.netty.channel.nio.NioEventLoop.processSelectedKeys(NioEventLoop.java:658) [netty-transport-4.1.137.Final.jar:4.1.137.Final]
	at io.netty.channel.nio.NioEventLoop.run(NioEventLoop.java:562) [netty-transport-4.1.137.Final.jar:4.1.137.Final]
	at io.netty.util.concurrent.SingleThreadEventExecutor$4.run(SingleThreadEventExecutor.java:1007) [netty-common-4.1.137.Final.jar:4.1.137.Final]
	at io.netty.util.internal.ThreadExecutorMap$2.run(ThreadExecutorMap.java:74) [netty-common-4.1.137.Final.jar:4.1.137.Final]
	at io.netty.util.concurrent.FastThreadLocalRunnable.run(FastThreadLocalRunnable.java:30) [netty-common-4.1.137.Final.jar:4.1.137.Final]
	at java.base/java.lang.Thread.run(Thread.java:840) [?:?]
Caused by: org.apache.calcite.sql.validate.SqlValidatorException: Object 'does_not_exist' not found
	at java.base/jdk.internal.reflect.NativeConstructorAccessorImpl.newInstance0(Native Method) ~[?:?]
	at java.base/jdk.internal.reflect.NativeConstructorAccessorImpl.newInstance(NativeConstructorAccessorImpl.java:77) ~[?:?]
	at java.base/jdk.internal.reflect.DelegatingConstructorAccessorImpl.newInstance(DelegatingConstructorAccessorImpl.java:45) ~[?:?]
	at java.base/java.lang.reflect.Constructor.newInstanceWithCaller(Constructor.java:500) ~[?:?]
	at java.base/java.lang.reflect.Constructor.newInstance(Constructor.java:481) ~[?:?]
	at org.apache.calcite.runtime.Resources$ExInstWithCause.ex(Resources.java:511) ~[calcite-core-1.42.0.jar:1.42.0]
	at org.apache.calcite.runtime.Resources$ExInst.ex(Resources.java:605) ~[calcite-core-1.42.0.jar:1.42.0]
	... 46 more
2026-08-12 16:36:58.163 INFO  [nioEventLoopGroup-3-5] SessionHandler - query ok: 0 rows affected in 0 ms
2026-08-12 16:36:58.181 INFO  [nioEventLoopGroup-3-5] SessionHandler - query ok: 2 rows affected in 16 ms
2026-08-12 16:36:58.191 INFO  [nioEventLoopGroup-3-5] SessionHandler - query ok: 2 rows returned in 7 ms
2026-08-12 16:36:58.203 INFO  [main] MiniDbServer - MiniDB server closed
2026-08-12 16:36:58.219 INFO  [main] StorageManager - flushed table public.n
2026-08-12 16:36:58.222 INFO  [main] StorageManager - flushed table public.t
2026-08-12 16:36:58.225 INFO  [main] StorageManager - flushed table public.w
2026-08-12 16:36:58.231 INFO  [main] StorageManager - loaded 0 table(s)
2026-08-12 16:36:58.274 INFO  [main] MiniDbServer - MiniDB server bound to port 0
2026-08-12 16:36:58.291 INFO  [nioEventLoopGroup-10-1] SessionHandler - query ok: 0 rows affected in 0 ms
2026-08-12 16:36:58.299 INFO  [nioEventLoopGroup-10-1] SessionHandler - query ok: 3 rows affected in 6 ms
2026-08-12 16:36:58.301 INFO  [nioEventLoopGroup-10-1] SessionHandler - query ok: 0 rows affected in 0 ms
2026-08-12 16:36:58.308 INFO  [nioEventLoopGroup-10-1] SessionHandler - query ok: 2 rows affected in 5 ms
2026-08-12 16:36:58.317 INFO  [nioEventLoopGroup-10-1] SessionHandler - query ok: 2 rows returned in 6 ms
2026-08-12 16:36:58.324 INFO  [nioEventLoopGroup-10-1] SessionHandler - query ok: 3 rows returned in 5 ms
2026-08-12 16:36:58.332 INFO  [nioEventLoopGroup-10-1] SessionHandler - query ok: 3 rows returned in 6 ms
2026-08-12 16:36:58.339 INFO  [nioEventLoopGroup-10-1] SessionHandler - query ok: 2 rows returned in 6 ms
2026-08-12 16:36:58.347 INFO  [nioEventLoopGroup-10-1] SessionHandler - query ok: 3 rows returned in 6 ms
2026-08-12 16:36:58.354 INFO  [nioEventLoopGroup-10-1] SessionHandler - query ok: 2 rows returned in 6 ms
2026-08-12 16:36:58.360 INFO  [nioEventLoopGroup-10-1] SessionHandler - query ok: 2 rows returned in 5 ms
2026-08-12 16:36:58.366 INFO  [nioEventLoopGroup-10-1] SessionHandler - query ok: 3 rows returned in 4 ms
2026-08-12 16:36:58.367 INFO  [main] MiniDbServer - MiniDB server closed
2026-08-12 16:36:58.372 INFO  [main] StorageManager - flushed table public.a
2026-08-12 16:36:58.374 INFO  [main] StorageManager - flushed table public.b
2026-08-12 16:36:58.378 INFO  [main] StorageManager - loaded 0 table(s)
2026-08-12 16:36:58.419 INFO  [main] MiniDbServer - MiniDB server bound to port 0
2026-08-12 16:36:58.429 INFO  [main] MiniDbServer - MiniDB server closed
2026-08-12 16:36:58.438 INFO  [main] StorageManager - loaded 0 table(s)
2026-08-12 16:36:58.485 INFO  [main] MiniDbServer - MiniDB server bound to port 0
2026-08-12 16:36:58.492 INFO  [main] MiniDbServer - MiniDB server closed
2026-08-12 16:36:58.500 INFO  [main] StorageManager - loaded 0 table(s)
2026-08-12 16:36:58.538 INFO  [main] MiniDbServer - MiniDB server bound to port 0
2026-08-12 16:36:58.546 INFO  [nioEventLoopGroup-19-1] SessionHandler - query ok: 0 rows affected in 0 ms
2026-08-12 16:36:58.567 INFO  [nioEventLoopGroup-19-1] SessionHandler - metadata ok: 2 rows in 1 ms
2026-08-12 16:36:58.569 INFO  [main] MiniDbServer - MiniDB server closed
2026-08-12 16:36:58.580 INFO  [main] StorageManager - loaded 0 table(s)
2026-08-12 16:36:58.613 INFO  [main] MiniDbServer - MiniDB server bound to port 0
2026-08-12 16:36:58.619 INFO  [nioEventLoopGroup-22-1] SessionHandler - query ok: 0 rows affected in 0 ms
2026-08-12 16:36:58.630 INFO  [nioEventLoopGroup-22-1] SessionHandler - metadata ok: 1 rows in 5 ms
2026-08-12 16:36:58.635 INFO  [main] MiniDbServer - MiniDB server closed
2026-08-12 16:36:58.640 INFO  [main] StorageManager - loaded 0 table(s)
2026-08-12 16:36:58.678 INFO  [main] MiniDbServer - MiniDB server bound to port 0
2026-08-12 16:36:58.684 INFO  [nioEventLoopGroup-25-1] SessionHandler - query ok: 0 rows affected in 0 ms
2026-08-12 16:36:58.685 INFO  [nioEventLoopGroup-25-1] SessionHandler - query ok: 0 rows affected in 0 ms
2026-08-12 16:36:58.687 INFO  [nioEventLoopGroup-25-1] SessionHandler - query ok: 0 rows affected in 0 ms
2026-08-12 16:36:58.690 INFO  [nioEventLoopGroup-25-1] SessionHandler - metadata ok: 2 rows in 2 ms
2026-08-12 16:36:58.695 INFO  [nioEventLoopGroup-25-1] SessionHandler - metadata ok: 1 rows in 0 ms
2026-08-12 16:36:58.699 INFO  [nioEventLoopGroup-25-1] SessionHandler - metadata ok: 0 rows in 1 ms
2026-08-12 16:36:58.703 INFO  [nioEventLoopGroup-25-1] SessionHandler - metadata ok: 2 rows in 1 ms
2026-08-12 16:36:58.707 INFO  [main] MiniDbServer - MiniDB server closed
2026-08-12 16:36:58.713 INFO  [main] StorageManager - loaded 0 table(s)
2026-08-12 16:36:58.757 INFO  [main] MiniDbServer - MiniDB server bound to port 0
2026-08-12 16:36:58.764 INFO  [nioEventLoopGroup-28-1] SessionHandler - query ok: 0 rows affected in 0 ms
2026-08-12 16:36:58.769 INFO  [nioEventLoopGroup-28-1] SessionHandler - query ok: 1 rows affected in 4 ms
2026-08-12 16:36:58.770 INFO  [main] MiniDbServer - MiniDB server closed
2026-08-12 16:36:58.775 INFO  [main] StorageManager - flushed table public.keep
2026-08-12 16:36:58.781 INFO  [main] StorageManager - loaded 1 table(s)
2026-08-12 16:36:58.820 INFO  [main] MiniDbServer - MiniDB server bound to port 0
2026-08-12 16:36:58.831 INFO  [nioEventLoopGroup-31-1] SessionHandler - query ok: 1 rows returned in 4 ms
2026-08-12 16:36:58.837 INFO  [main] MiniDbServer - MiniDB server closed
2026-08-13 16:02:35.156 INFO  [main] StorageManager - loaded 0 table(s)
2026-08-13 16:02:35.740 INFO  [main] MiniDbServer - MiniDB server bound to port 0
2026-08-13 16:02:36.324 INFO  [nioEventLoopGroup-3-1] SessionHandler - query ok: 0 rows affected in 309 ms
2026-08-13 16:02:37.679 INFO  [nioEventLoopGroup-3-1] SessionHandler - query ok: 4 rows affected in 1339 ms
2026-08-13 16:02:37.921 INFO  [nioEventLoopGroup-3-1] SessionHandler - query ok: 2 rows returned in 240 ms
2026-08-13 16:02:38.039 INFO  [nioEventLoopGroup-3-2] SessionHandler - query ok: 0 rows affected in 0 ms
2026-08-13 16:02:38.050 INFO  [nioEventLoopGroup-3-2] SessionHandler - query ok: 0 rows returned in 9 ms
2026-08-13 16:02:38.117 INFO  [nioEventLoopGroup-3-3] SessionHandler - query ok: 0 rows affected in 0 ms
2026-08-13 16:02:38.129 INFO  [nioEventLoopGroup-3-3] SessionHandler - query ok: 1 rows affected in 9 ms
2026-08-13 16:02:38.135 INFO  [nioEventLoopGroup-3-3] SessionHandler - query ok: 1 rows returned in 5 ms
2026-08-13 16:02:38.168 WARN  [nioEventLoopGroup-3-4] SessionHandler - query failed in 18 ms: SELECT * FROM does_not_exist
org.apache.calcite.runtime.CalciteContextException: From line 1, column 15 to line 1, column 28: Object 'does_not_exist' not found
	at java.base/jdk.internal.reflect.NativeConstructorAccessorImpl.newInstance0(Native Method) ~[?:?]
	at java.base/jdk.internal.reflect.NativeConstructorAccessorImpl.newInstance(NativeConstructorAccessorImpl.java:77) ~[?:?]
	at java.base/jdk.internal.reflect.DelegatingConstructorAccessorImpl.newInstance(DelegatingConstructorAccessorImpl.java:45) ~[?:?]
	at java.base/java.lang.reflect.Constructor.newInstanceWithCaller(Constructor.java:500) ~[?:?]
	at java.base/java.lang.reflect.Constructor.newInstance(Constructor.java:481) ~[?:?]
	at org.apache.calcite.runtime.Resources$ExInstWithCause.ex(Resources.java:511) ~[calcite-core-1.42.0.jar:1.42.0]
	at org.apache.calcite.sql.SqlUtil.newContextException(SqlUtil.java:960) ~[calcite-core-1.42.0.jar:1.42.0]
	at org.apache.calcite.sql.SqlUtil.newContextException(SqlUtil.java:945) ~[calcite-core-1.42.0.jar:1.42.0]
	at org.apache.calcite.sql.validate.SqlValidatorImpl.newValidationError(SqlValidatorImpl.java:6376) ~[calcite-core-1.42.0.jar:1.42.0]
	at org.apache.calcite.sql.validate.IdentifierNamespace.resolveImpl(IdentifierNamespace.java:184) ~[calcite-core-1.42.0.jar:1.42.0]
	at org.apache.calcite.sql.validate.IdentifierNamespace.validateImpl(IdentifierNamespace.java:189) ~[calcite-core-1.42.0.jar:1.42.0]
	at org.apache.calcite.sql.validate.AbstractNamespace.validate(AbstractNamespace.java:96) ~[calcite-core-1.42.0.jar:1.42.0]
	at org.apache.calcite.sql.validate.SqlValidatorImpl.validateNamespace(SqlValidatorImpl.java:1491) ~[calcite-core-1.42.0.jar:1.42.0]
	at org.apache.calcite.sql.validate.SqlValidatorImpl.validateQuery(SqlValidatorImpl.java:1462) ~[calcite-core-1.42.0.jar:1.42.0]
	at org.apache.calcite.sql.validate.SqlValidatorImpl.validateFrom(SqlValidatorImpl.java:3924) ~[calcite-core-1.42.0.jar:1.42.0]
	at org.apache.calcite.sql.validate.SqlValidatorImpl.validateFrom(SqlValidatorImpl.java:3903) ~[calcite-core-1.42.0.jar:1.42.0]
	at org.apache.calcite.sql.validate.SqlValidatorImpl.validateSelect(SqlValidatorImpl.java:4437) ~[calcite-core-1.42.0.jar:1.42.0]
	at org.apache.calcite.sql.validate.SelectNamespace.validateImpl(SelectNamespace.java:62) ~[calcite-core-1.42.0.jar:1.42.0]
	at org.apache.calcite.sql.validate.AbstractNamespace.validate(AbstractNamespace.java:96) ~[calcite-core-1.42.0.jar:1.42.0]
	at org.apache.calcite.sql.validate.SqlValidatorImpl.validateNamespace(SqlValidatorImpl.java:1491) ~[calcite-core-1.42.0.jar:1.42.0]
	at org.apache.calcite.sql.validate.SqlValidatorImpl.validateQuery(SqlValidatorImpl.java:1462) ~[calcite-core-1.42.0.jar:1.42.0]
	at org.apache.calcite.sql.SqlSelect.validate(SqlSelect.java:292) ~[calcite-core-1.42.0.jar:1.42.0]
	at org.apache.calcite.sql.validate.SqlValidatorImpl.validateScopedExpression(SqlValidatorImpl.java:1428) ~[calcite-core-1.42.0.jar:1.42.0]
	at org.apache.calcite.sql.validate.SqlValidatorImpl.validate(SqlValidatorImpl.java:1134) ~[calcite-core-1.42.0.jar:1.42.0]
	at com.minidb.server.calcite.CalciteContext.planInCluster(CalciteContext.java:88) ~[classes/:?]
	at com.minidb.server.plan.Planner.plan(Planner.java:50) ~[classes/:?]
	at com.minidb.server.exec.QueryExecutor.execute(QueryExecutor.java:99) ~[classes/:?]
	at com.minidb.server.netty.SessionHandler.handleExecute(SessionHandler.java:55) [classes/:?]
	at com.minidb.server.netty.SessionHandler.channelRead0(SessionHandler.java:37) [classes/:?]
	at com.minidb.server.netty.SessionHandler.channelRead0(SessionHandler.java:19) [classes/:?]
	at io.netty.channel.SimpleChannelInboundHandler.channelRead(SimpleChannelInboundHandler.java:99) [netty-transport-4.1.137.Final.jar:4.1.137.Final]
	at io.netty.channel.AbstractChannelHandlerContext.invokeChannelRead(AbstractChannelHandlerContext.java:444) [netty-transport-4.1.137.Final.jar:4.1.137.Final]
	at io.netty.channel.AbstractChannelHandlerContext.invokeChannelRead(AbstractChannelHandlerContext.java:420) [netty-transport-4.1.137.Final.jar:4.1.137.Final]
	at io.netty.channel.AbstractChannelHandlerContext.fireChannelRead(AbstractChannelHandlerContext.java:412) [netty-transport-4.1.137.Final.jar:4.1.137.Final]
	at io.netty.handler.codec.ByteToMessageDecoder.fireChannelRead(ByteToMessageDecoder.java:361) [netty-codec-4.1.137.Final.jar:4.1.137.Final]
	at io.netty.handler.codec.ByteToMessageDecoder.channelRead(ByteToMessageDecoder.java:325) [netty-codec-4.1.137.Final.jar:4.1.137.Final]
	at io.netty.channel.AbstractChannelHandlerContext.invokeChannelRead(AbstractChannelHandlerContext.java:444) [netty-transport-4.1.137.Final.jar:4.1.137.Final]
	at io.netty.channel.AbstractChannelHandlerContext.invokeChannelRead(AbstractChannelHandlerContext.java:420) [netty-transport-4.1.137.Final.jar:4.1.137.Final]
	at io.netty.channel.AbstractChannelHandlerContext.fireChannelRead(AbstractChannelHandlerContext.java:412) [netty-transport-4.1.137.Final.jar:4.1.137.Final]
	at io.netty.channel.DefaultChannelPipeline$HeadContext.channelRead(DefaultChannelPipeline.java:1357) [netty-transport-4.1.137.Final.jar:4.1.137.Final]
	at io.netty.channel.AbstractChannelHandlerContext.invokeChannelRead(AbstractChannelHandlerContext.java:440) [netty-transport-4.1.137.Final.jar:4.1.137.Final]
	at io.netty.channel.AbstractChannelHandlerContext.invokeChannelRead(AbstractChannelHandlerContext.java:420) [netty-transport-4.1.137.Final.jar:4.1.137.Final]
	at io.netty.channel.DefaultChannelPipeline.fireChannelRead(DefaultChannelPipeline.java:868) [netty-transport-4.1.137.Final.jar:4.1.137.Final]
	at io.netty.channel.nio.AbstractNioByteChannel$NioByteUnsafe.read(AbstractNioByteChannel.java:171) [netty-transport-4.1.137.Final.jar:4.1.137.Final]
	at io.netty.channel.nio.NioEventLoop.processSelectedKey(NioEventLoop.java:796) [netty-transport-4.1.137.Final.jar:4.1.137.Final]
	at io.netty.channel.nio.NioEventLoop.processSelectedKeysOptimized(NioEventLoop.java:732) [netty-transport-4.1.137.Final.jar:4.1.137.Final]
	at io.netty.channel.nio.NioEventLoop.processSelectedKeys(NioEventLoop.java:658) [netty-transport-4.1.137.Final.jar:4.1.137.Final]
	at io.netty.channel.nio.NioEventLoop.run(NioEventLoop.java:562) [netty-transport-4.1.137.Final.jar:4.1.137.Final]
	at io.netty.util.concurrent.SingleThreadEventExecutor$4.run(SingleThreadEventExecutor.java:1007) [netty-common-4.1.137.Final.jar:4.1.137.Final]
	at io.netty.util.internal.ThreadExecutorMap$2.run(ThreadExecutorMap.java:74) [netty-common-4.1.137.Final.jar:4.1.137.Final]
	at io.netty.util.concurrent.FastThreadLocalRunnable.run(FastThreadLocalRunnable.java:30) [netty-common-4.1.137.Final.jar:4.1.137.Final]
	at java.base/java.lang.Thread.run(Thread.java:840) [?:?]
Caused by: org.apache.calcite.sql.validate.SqlValidatorException: Object 'does_not_exist' not found
	at java.base/jdk.internal.reflect.NativeConstructorAccessorImpl.newInstance0(Native Method) ~[?:?]
	at java.base/jdk.internal.reflect.NativeConstructorAccessorImpl.newInstance(NativeConstructorAccessorImpl.java:77) ~[?:?]
	at java.base/jdk.internal.reflect.DelegatingConstructorAccessorImpl.newInstance(DelegatingConstructorAccessorImpl.java:45) ~[?:?]
	at java.base/java.lang.reflect.Constructor.newInstanceWithCaller(Constructor.java:500) ~[?:?]
	at java.base/java.lang.reflect.Constructor.newInstance(Constructor.java:481) ~[?:?]
	at org.apache.calcite.runtime.Resources$ExInstWithCause.ex(Resources.java:511) ~[calcite-core-1.42.0.jar:1.42.0]
	at org.apache.calcite.runtime.Resources$ExInst.ex(Resources.java:605) ~[calcite-core-1.42.0.jar:1.42.0]
	... 46 more
2026-08-13 16:02:38.202 INFO  [nioEventLoopGroup-3-5] SessionHandler - query ok: 0 rows affected in 0 ms
2026-08-13 16:02:38.219 INFO  [nioEventLoopGroup-3-5] SessionHandler - query ok: 2 rows affected in 15 ms
2026-08-13 16:02:38.234 INFO  [nioEventLoopGroup-3-5] SessionHandler - query ok: 2 rows returned in 13 ms
2026-08-13 16:02:38.241 INFO  [main] MiniDbServer - MiniDB server closed
2026-08-13 16:02:38.252 INFO  [main] StorageManager - flushed table public.n
2026-08-13 16:02:38.255 INFO  [main] StorageManager - flushed table public.t
2026-08-13 16:02:38.259 INFO  [main] StorageManager - flushed table public.w
2026-08-13 16:02:38.266 INFO  [main] StorageManager - loaded 0 table(s)
2026-08-13 16:02:38.310 INFO  [main] MiniDbServer - MiniDB server bound to port 0
2026-08-13 16:02:38.319 INFO  [nioEventLoopGroup-10-1] SessionHandler - query ok: 0 rows affected in 0 ms
2026-08-13 16:02:38.328 INFO  [nioEventLoopGroup-10-1] SessionHandler - query ok: 3 rows affected in 7 ms
2026-08-13 16:02:38.330 INFO  [nioEventLoopGroup-10-1] SessionHandler - query ok: 0 rows affected in 0 ms
2026-08-13 16:02:38.334 INFO  [nioEventLoopGroup-10-1] SessionHandler - query ok: 2 rows affected in 3 ms
2026-08-13 16:02:38.343 INFO  [nioEventLoopGroup-10-1] SessionHandler - query ok: 3 rows returned in 5 ms
2026-08-13 16:02:38.350 INFO  [nioEventLoopGroup-10-1] SessionHandler - query ok: 2 rows returned in 5 ms
2026-08-13 16:02:38.357 INFO  [nioEventLoopGroup-10-1] SessionHandler - query ok: 3 rows returned in 6 ms
2026-08-13 16:02:38.362 INFO  [nioEventLoopGroup-10-1] SessionHandler - query ok: 2 rows returned in 5 ms
2026-08-13 16:02:38.371 INFO  [nioEventLoopGroup-10-1] SessionHandler - query ok: 3 rows returned in 6 ms
2026-08-13 16:02:38.376 INFO  [nioEventLoopGroup-10-1] SessionHandler - query ok: 2 rows returned in 4 ms
2026-08-13 16:02:38.383 INFO  [nioEventLoopGroup-10-1] SessionHandler - query ok: 2 rows returned in 5 ms
2026-08-13 16:02:38.388 INFO  [nioEventLoopGroup-10-1] SessionHandler - query ok: 3 rows returned in 4 ms
2026-08-13 16:02:38.389 INFO  [main] MiniDbServer - MiniDB server closed
2026-08-13 16:02:38.396 INFO  [main] StorageManager - flushed table public.a
2026-08-13 16:02:38.399 INFO  [main] StorageManager - flushed table public.b
2026-08-13 16:02:38.403 INFO  [main] StorageManager - loaded 0 table(s)
2026-08-13 16:02:38.446 INFO  [main] MiniDbServer - MiniDB server bound to port 0
2026-08-13 16:02:38.454 INFO  [main] MiniDbServer - MiniDB server closed
2026-08-13 16:02:38.466 INFO  [main] StorageManager - loaded 0 table(s)
2026-08-13 16:02:38.505 INFO  [main] MiniDbServer - MiniDB server bound to port 0
2026-08-13 16:02:38.514 INFO  [main] MiniDbServer - MiniDB server closed
2026-08-13 16:02:38.522 INFO  [main] StorageManager - loaded 0 table(s)
2026-08-13 16:02:38.563 INFO  [main] MiniDbServer - MiniDB server bound to port 0
2026-08-13 16:02:38.571 INFO  [nioEventLoopGroup-19-1] SessionHandler - query ok: 0 rows affected in 0 ms
2026-08-13 16:02:38.597 INFO  [nioEventLoopGroup-19-1] SessionHandler - metadata ok: 2 rows in 1 ms
2026-08-13 16:02:38.601 INFO  [main] MiniDbServer - MiniDB server closed
2026-08-13 16:02:38.606 INFO  [main] StorageManager - loaded 0 table(s)
2026-08-13 16:02:38.645 INFO  [main] MiniDbServer - MiniDB server bound to port 0
2026-08-13 16:02:38.652 INFO  [nioEventLoopGroup-22-1] SessionHandler - query ok: 0 rows affected in 0 ms
2026-08-13 16:02:38.659 INFO  [nioEventLoopGroup-22-1] SessionHandler - metadata ok: 1 rows in 5 ms
2026-08-13 16:02:38.666 INFO  [main] MiniDbServer - MiniDB server closed
2026-08-13 16:02:38.670 INFO  [main] StorageManager - loaded 0 table(s)
2026-08-13 16:02:38.708 INFO  [main] MiniDbServer - MiniDB server bound to port 0
2026-08-13 16:02:38.715 INFO  [nioEventLoopGroup-25-1] SessionHandler - query ok: 0 rows affected in 0 ms
2026-08-13 16:02:38.716 INFO  [nioEventLoopGroup-25-1] SessionHandler - query ok: 0 rows affected in 0 ms
2026-08-13 16:02:38.717 INFO  [nioEventLoopGroup-25-1] SessionHandler - query ok: 0 rows affected in 0 ms
2026-08-13 16:02:38.720 INFO  [nioEventLoopGroup-25-1] SessionHandler - metadata ok: 2 rows in 1 ms
2026-08-13 16:02:38.725 INFO  [nioEventLoopGroup-25-1] SessionHandler - metadata ok: 1 rows in 0 ms
2026-08-13 16:02:38.730 INFO  [nioEventLoopGroup-25-1] SessionHandler - metadata ok: 0 rows in 1 ms
2026-08-13 16:02:38.733 INFO  [nioEventLoopGroup-25-1] SessionHandler - metadata ok: 2 rows in 0 ms
2026-08-13 16:02:38.736 INFO  [main] MiniDbServer - MiniDB server closed
2026-08-13 16:02:38.743 INFO  [main] StorageManager - loaded 0 table(s)
2026-08-13 16:02:38.780 INFO  [main] MiniDbServer - MiniDB server bound to port 0
2026-08-13 16:02:38.788 INFO  [nioEventLoopGroup-28-1] SessionHandler - query ok: 0 rows affected in 0 ms
2026-08-13 16:02:38.798 INFO  [nioEventLoopGroup-28-1] SessionHandler - query ok: 1 rows affected in 7 ms
2026-08-13 16:02:38.798 INFO  [main] MiniDbServer - MiniDB server closed
2026-08-13 16:02:38.803 INFO  [main] StorageManager - flushed table public.keep
2026-08-13 16:02:38.808 INFO  [main] StorageManager - loaded 1 table(s)
2026-08-13 16:02:38.850 INFO  [main] MiniDbServer - MiniDB server bound to port 0
2026-08-13 16:02:38.862 INFO  [nioEventLoopGroup-31-1] SessionHandler - query ok: 1 rows returned in 5 ms
2026-08-13 16:02:38.864 INFO  [main] MiniDbServer - MiniDB server closed
2026-08-13 16:31:50.519 INFO  [main] StorageManager - loaded 0 table(s)
2026-08-13 16:31:51.149 INFO  [main] MiniDbServer - MiniDB server bound to port 0
2026-08-13 16:31:51.655 INFO  [nioEventLoopGroup-3-1] SessionHandler - query ok: 0 rows affected in 271 ms
2026-08-13 16:31:53.083 INFO  [nioEventLoopGroup-3-1] SessionHandler - query ok: 4 rows affected in 1422 ms
2026-08-13 16:31:53.319 INFO  [nioEventLoopGroup-3-1] SessionHandler - query ok: 2 rows returned in 234 ms
2026-08-13 16:31:53.424 INFO  [nioEventLoopGroup-3-2] SessionHandler - query ok: 0 rows affected in 0 ms
2026-08-13 16:31:53.435 INFO  [nioEventLoopGroup-3-2] SessionHandler - query ok: 0 rows returned in 8 ms
2026-08-13 16:31:53.462 INFO  [nioEventLoopGroup-3-3] SessionHandler - query ok: 0 rows affected in 0 ms
2026-08-13 16:31:53.472 INFO  [nioEventLoopGroup-3-3] SessionHandler - query ok: 1 rows affected in 9 ms
2026-08-13 16:31:53.479 INFO  [nioEventLoopGroup-3-3] SessionHandler - query ok: 1 rows returned in 6 ms
2026-08-13 16:31:53.518 WARN  [nioEventLoopGroup-3-4] SessionHandler - query failed in 22 ms: SELECT * FROM does_not_exist
org.apache.calcite.runtime.CalciteContextException: From line 1, column 15 to line 1, column 28: Object 'does_not_exist' not found
	at java.base/jdk.internal.reflect.NativeConstructorAccessorImpl.newInstance0(Native Method) ~[?:?]
	at java.base/jdk.internal.reflect.NativeConstructorAccessorImpl.newInstance(NativeConstructorAccessorImpl.java:77) ~[?:?]
	at java.base/jdk.internal.reflect.DelegatingConstructorAccessorImpl.newInstance(DelegatingConstructorAccessorImpl.java:45) ~[?:?]
	at java.base/java.lang.reflect.Constructor.newInstanceWithCaller(Constructor.java:500) ~[?:?]
	at java.base/java.lang.reflect.Constructor.newInstance(Constructor.java:481) ~[?:?]
	at org.apache.calcite.runtime.Resources$ExInstWithCause.ex(Resources.java:511) ~[calcite-core-1.42.0.jar:1.42.0]
	at org.apache.calcite.sql.SqlUtil.newContextException(SqlUtil.java:960) ~[calcite-core-1.42.0.jar:1.42.0]
	at org.apache.calcite.sql.SqlUtil.newContextException(SqlUtil.java:945) ~[calcite-core-1.42.0.jar:1.42.0]
	at org.apache.calcite.sql.validate.SqlValidatorImpl.newValidationError(SqlValidatorImpl.java:6376) ~[calcite-core-1.42.0.jar:1.42.0]
	at org.apache.calcite.sql.validate.IdentifierNamespace.resolveImpl(IdentifierNamespace.java:184) ~[calcite-core-1.42.0.jar:1.42.0]
	at org.apache.calcite.sql.validate.IdentifierNamespace.validateImpl(IdentifierNamespace.java:189) ~[calcite-core-1.42.0.jar:1.42.0]
	at org.apache.calcite.sql.validate.AbstractNamespace.validate(AbstractNamespace.java:96) ~[calcite-core-1.42.0.jar:1.42.0]
	at org.apache.calcite.sql.validate.SqlValidatorImpl.validateNamespace(SqlValidatorImpl.java:1491) ~[calcite-core-1.42.0.jar:1.42.0]
	at org.apache.calcite.sql.validate.SqlValidatorImpl.validateQuery(SqlValidatorImpl.java:1462) ~[calcite-core-1.42.0.jar:1.42.0]
	at org.apache.calcite.sql.validate.SqlValidatorImpl.validateFrom(SqlValidatorImpl.java:3924) ~[calcite-core-1.42.0.jar:1.42.0]
	at org.apache.calcite.sql.validate.SqlValidatorImpl.validateFrom(SqlValidatorImpl.java:3903) ~[calcite-core-1.42.0.jar:1.42.0]
	at org.apache.calcite.sql.validate.SqlValidatorImpl.validateSelect(SqlValidatorImpl.java:4437) ~[calcite-core-1.42.0.jar:1.42.0]
	at org.apache.calcite.sql.validate.SelectNamespace.validateImpl(SelectNamespace.java:62) ~[calcite-core-1.42.0.jar:1.42.0]
	at org.apache.calcite.sql.validate.AbstractNamespace.validate(AbstractNamespace.java:96) ~[calcite-core-1.42.0.jar:1.42.0]
	at org.apache.calcite.sql.validate.SqlValidatorImpl.validateNamespace(SqlValidatorImpl.java:1491) ~[calcite-core-1.42.0.jar:1.42.0]
	at org.apache.calcite.sql.validate.SqlValidatorImpl.validateQuery(SqlValidatorImpl.java:1462) ~[calcite-core-1.42.0.jar:1.42.0]
	at org.apache.calcite.sql.SqlSelect.validate(SqlSelect.java:292) ~[calcite-core-1.42.0.jar:1.42.0]
	at org.apache.calcite.sql.validate.SqlValidatorImpl.validateScopedExpression(SqlValidatorImpl.java:1428) ~[calcite-core-1.42.0.jar:1.42.0]
	at org.apache.calcite.sql.validate.SqlValidatorImpl.validate(SqlValidatorImpl.java:1134) ~[calcite-core-1.42.0.jar:1.42.0]
	at com.minidb.server.calcite.CalciteContext.planInCluster(CalciteContext.java:88) ~[classes/:?]
	at com.minidb.server.plan.Planner.plan(Planner.java:51) ~[classes/:?]
	at com.minidb.server.exec.QueryExecutor.execute(QueryExecutor.java:99) ~[classes/:?]
	at com.minidb.server.netty.SessionHandler.handleExecute(SessionHandler.java:55) [classes/:?]
	at com.minidb.server.netty.SessionHandler.channelRead0(SessionHandler.java:37) [classes/:?]
	at com.minidb.server.netty.SessionHandler.channelRead0(SessionHandler.java:19) [classes/:?]
	at io.netty.channel.SimpleChannelInboundHandler.channelRead(SimpleChannelInboundHandler.java:99) [netty-transport-4.1.137.Final.jar:4.1.137.Final]
	at io.netty.channel.AbstractChannelHandlerContext.invokeChannelRead(AbstractChannelHandlerContext.java:444) [netty-transport-4.1.137.Final.jar:4.1.137.Final]
	at io.netty.channel.AbstractChannelHandlerContext.invokeChannelRead(AbstractChannelHandlerContext.java:420) [netty-transport-4.1.137.Final.jar:4.1.137.Final]
	at io.netty.channel.AbstractChannelHandlerContext.fireChannelRead(AbstractChannelHandlerContext.java:412) [netty-transport-4.1.137.Final.jar:4.1.137.Final]
	at io.netty.handler.codec.ByteToMessageDecoder.fireChannelRead(ByteToMessageDecoder.java:361) [netty-codec-4.1.137.Final.jar:4.1.137.Final]
	at io.netty.handler.codec.ByteToMessageDecoder.channelRead(ByteToMessageDecoder.java:325) [netty-codec-4.1.137.Final.jar:4.1.137.Final]
	at io.netty.channel.AbstractChannelHandlerContext.invokeChannelRead(AbstractChannelHandlerContext.java:444) [netty-transport-4.1.137.Final.jar:4.1.137.Final]
	at io.netty.channel.AbstractChannelHandlerContext.invokeChannelRead(AbstractChannelHandlerContext.java:420) [netty-transport-4.1.137.Final.jar:4.1.137.Final]
	at io.netty.channel.AbstractChannelHandlerContext.fireChannelRead(AbstractChannelHandlerContext.java:412) [netty-transport-4.1.137.Final.jar:4.1.137.Final]
	at io.netty.channel.DefaultChannelPipeline$HeadContext.channelRead(DefaultChannelPipeline.java:1357) [netty-transport-4.1.137.Final.jar:4.1.137.Final]
	at io.netty.channel.AbstractChannelHandlerContext.invokeChannelRead(AbstractChannelHandlerContext.java:440) [netty-transport-4.1.137.Final.jar:4.1.137.Final]
	at io.netty.channel.AbstractChannelHandlerContext.invokeChannelRead(AbstractChannelHandlerContext.java:420) [netty-transport-4.1.137.Final.jar:4.1.137.Final]
	at io.netty.channel.DefaultChannelPipeline.fireChannelRead(DefaultChannelPipeline.java:868) [netty-transport-4.1.137.Final.jar:4.1.137.Final]
	at io.netty.channel.nio.AbstractNioByteChannel$NioByteUnsafe.read(AbstractNioByteChannel.java:171) [netty-transport-4.1.137.Final.jar:4.1.137.Final]
	at io.netty.channel.nio.NioEventLoop.processSelectedKey(NioEventLoop.java:796) [netty-transport-4.1.137.Final.jar:4.1.137.Final]
	at io.netty.channel.nio.NioEventLoop.processSelectedKeysOptimized(NioEventLoop.java:732) [netty-transport-4.1.137.Final.jar:4.1.137.Final]
	at io.netty.channel.nio.NioEventLoop.processSelectedKeys(NioEventLoop.java:658) [netty-transport-4.1.137.Final.jar:4.1.137.Final]
	at io.netty.channel.nio.NioEventLoop.run(NioEventLoop.java:562) [netty-transport-4.1.137.Final.jar:4.1.137.Final]
	at io.netty.util.concurrent.SingleThreadEventExecutor$4.run(SingleThreadEventExecutor.java:1007) [netty-common-4.1.137.Final.jar:4.1.137.Final]
	at io.netty.util.internal.ThreadExecutorMap$2.run(ThreadExecutorMap.java:74) [netty-common-4.1.137.Final.jar:4.1.137.Final]
	at io.netty.util.concurrent.FastThreadLocalRunnable.run(FastThreadLocalRunnable.java:30) [netty-common-4.1.137.Final.jar:4.1.137.Final]
	at java.base/java.lang.Thread.run(Thread.java:840) [?:?]
Caused by: org.apache.calcite.sql.validate.SqlValidatorException: Object 'does_not_exist' not found
	at java.base/jdk.internal.reflect.NativeConstructorAccessorImpl.newInstance0(Native Method) ~[?:?]
	at java.base/jdk.internal.reflect.NativeConstructorAccessorImpl.newInstance(NativeConstructorAccessorImpl.java:77) ~[?:?]
	at java.base/jdk.internal.reflect.DelegatingConstructorAccessorImpl.newInstance(DelegatingConstructorAccessorImpl.java:45) ~[?:?]
	at java.base/java.lang.reflect.Constructor.newInstanceWithCaller(Constructor.java:500) ~[?:?]
	at java.base/java.lang.reflect.Constructor.newInstance(Constructor.java:481) ~[?:?]
	at org.apache.calcite.runtime.Resources$ExInstWithCause.ex(Resources.java:511) ~[calcite-core-1.42.0.jar:1.42.0]
	at org.apache.calcite.runtime.Resources$ExInst.ex(Resources.java:605) ~[calcite-core-1.42.0.jar:1.42.0]
	... 46 more
2026-08-13 16:31:53.550 INFO  [nioEventLoopGroup-3-5] SessionHandler - query ok: 0 rows affected in 0 ms
2026-08-13 16:31:53.585 INFO  [nioEventLoopGroup-3-5] SessionHandler - query ok: 2 rows affected in 16 ms
2026-08-13 16:31:53.596 INFO  [nioEventLoopGroup-3-5] SessionHandler - query ok: 2 rows returned in 10 ms
2026-08-13 16:31:53.603 INFO  [main] MiniDbServer - MiniDB server closed
2026-08-13 16:31:53.620 INFO  [main] StorageManager - flushed table public.n
2026-08-13 16:31:53.626 INFO  [main] StorageManager - flushed table public.t
2026-08-13 16:31:53.629 INFO  [main] StorageManager - flushed table public.w
2026-08-13 16:31:53.637 INFO  [main] StorageManager - loaded 0 table(s)
2026-08-13 16:31:53.688 INFO  [main] MiniDbServer - MiniDB server bound to port 0
2026-08-13 16:31:53.696 INFO  [nioEventLoopGroup-10-1] SessionHandler - query ok: 0 rows affected in 0 ms
2026-08-13 16:31:53.703 INFO  [nioEventLoopGroup-10-1] SessionHandler - query ok: 3 rows affected in 6 ms
2026-08-13 16:31:53.705 INFO  [nioEventLoopGroup-10-1] SessionHandler - query ok: 0 rows affected in 0 ms
2026-08-13 16:31:53.711 INFO  [nioEventLoopGroup-10-1] SessionHandler - query ok: 2 rows affected in 4 ms
2026-08-13 16:31:53.721 INFO  [nioEventLoopGroup-10-1] SessionHandler - query ok: 3 rows returned in 7 ms
2026-08-13 16:31:53.729 INFO  [nioEventLoopGroup-10-1] SessionHandler - query ok: 2 rows returned in 7 ms
2026-08-13 16:31:53.736 INFO  [nioEventLoopGroup-10-1] SessionHandler - query ok: 3 rows returned in 6 ms
2026-08-13 16:31:53.743 INFO  [nioEventLoopGroup-10-1] SessionHandler - query ok: 2 rows returned in 6 ms
2026-08-13 16:31:53.751 INFO  [nioEventLoopGroup-10-1] SessionHandler - query ok: 3 rows returned in 6 ms
2026-08-13 16:31:53.757 INFO  [nioEventLoopGroup-10-1] SessionHandler - query ok: 2 rows returned in 5 ms
2026-08-13 16:31:53.764 INFO  [nioEventLoopGroup-10-1] SessionHandler - query ok: 3 rows returned in 7 ms
2026-08-13 16:31:53.770 INFO  [nioEventLoopGroup-10-1] SessionHandler - query ok: 2 rows returned in 4 ms
2026-08-13 16:31:53.771 INFO  [main] MiniDbServer - MiniDB server closed
2026-08-13 16:31:53.777 INFO  [main] StorageManager - flushed table public.a
2026-08-13 16:31:53.781 INFO  [main] StorageManager - flushed table public.b
2026-08-13 16:31:53.784 INFO  [main] StorageManager - loaded 0 table(s)
2026-08-13 16:31:53.830 INFO  [main] MiniDbServer - MiniDB server bound to port 0
2026-08-13 16:31:53.842 INFO  [main] MiniDbServer - MiniDB server closed
2026-08-13 16:31:53.857 INFO  [main] StorageManager - loaded 0 table(s)
2026-08-13 16:31:53.950 INFO  [main] MiniDbServer - MiniDB server bound to port 0
2026-08-13 16:31:53.963 INFO  [main] MiniDbServer - MiniDB server closed
2026-08-13 16:31:53.974 INFO  [main] StorageManager - loaded 0 table(s)
2026-08-13 16:31:54.149 INFO  [main] MiniDbServer - MiniDB server bound to port 0
2026-08-13 16:31:54.158 INFO  [nioEventLoopGroup-19-1] SessionHandler - query ok: 0 rows affected in 1 ms
2026-08-13 16:31:54.181 INFO  [nioEventLoopGroup-19-1] SessionHandler - metadata ok: 2 rows in 2 ms
2026-08-13 16:31:54.185 INFO  [main] MiniDbServer - MiniDB server closed
2026-08-13 16:31:54.190 INFO  [main] StorageManager - loaded 0 table(s)
2026-08-13 16:31:54.235 INFO  [main] MiniDbServer - MiniDB server bound to port 0
2026-08-13 16:31:54.240 INFO  [nioEventLoopGroup-22-1] SessionHandler - query ok: 0 rows affected in 0 ms
2026-08-13 16:31:54.249 INFO  [nioEventLoopGroup-22-1] SessionHandler - metadata ok: 1 rows in 6 ms
2026-08-13 16:31:54.255 INFO  [main] MiniDbServer - MiniDB server closed
2026-08-13 16:31:54.262 INFO  [main] StorageManager - loaded 0 table(s)
2026-08-13 16:31:54.302 INFO  [main] MiniDbServer - MiniDB server bound to port 0
2026-08-13 16:31:54.311 INFO  [nioEventLoopGroup-25-1] SessionHandler - query ok: 0 rows affected in 0 ms
2026-08-13 16:31:54.312 INFO  [nioEventLoopGroup-25-1] SessionHandler - query ok: 0 rows affected in 0 ms
2026-08-13 16:31:54.314 INFO  [nioEventLoopGroup-25-1] SessionHandler - query ok: 0 rows affected in 0 ms
2026-08-13 16:31:54.317 INFO  [nioEventLoopGroup-25-1] SessionHandler - metadata ok: 2 rows in 2 ms
2026-08-13 16:31:54.323 INFO  [nioEventLoopGroup-25-1] SessionHandler - metadata ok: 1 rows in 0 ms
2026-08-13 16:31:54.329 INFO  [nioEventLoopGroup-25-1] SessionHandler - metadata ok: 0 rows in 2 ms
2026-08-13 16:31:54.333 INFO  [nioEventLoopGroup-25-1] SessionHandler - metadata ok: 2 rows in 1 ms
2026-08-13 16:31:54.337 INFO  [main] MiniDbServer - MiniDB server closed
2026-08-13 16:31:54.344 INFO  [main] StorageManager - loaded 0 table(s)
2026-08-13 16:31:54.385 INFO  [main] MiniDbServer - MiniDB server bound to port 0
2026-08-13 16:31:54.393 INFO  [nioEventLoopGroup-28-1] SessionHandler - query ok: 0 rows affected in 0 ms
2026-08-13 16:31:54.399 INFO  [nioEventLoopGroup-28-1] SessionHandler - query ok: 1 rows affected in 4 ms
2026-08-13 16:31:54.400 INFO  [main] MiniDbServer - MiniDB server closed
2026-08-13 16:31:54.405 INFO  [main] StorageManager - flushed table public.keep
2026-08-13 16:31:54.409 INFO  [main] StorageManager - loaded 1 table(s)
2026-08-13 16:31:54.448 INFO  [main] MiniDbServer - MiniDB server bound to port 0
2026-08-13 16:31:54.458 INFO  [nioEventLoopGroup-31-1] SessionHandler - query ok: 1 rows returned in 4 ms
2026-08-13 16:31:54.460 INFO  [main] MiniDbServer - MiniDB server closed
2026-08-13 23:17:12.908 INFO  [main] StorageManager - loaded 0 table(s)
2026-08-13 23:17:13.541 INFO  [main] MiniDbServer - MiniDB server bound to port 0
2026-08-13 23:17:14.023 INFO  [nioEventLoopGroup-3-1] SessionHandler - query ok: 0 rows affected in 284 ms
2026-08-13 23:17:15.483 INFO  [nioEventLoopGroup-3-1] SessionHandler - query ok: 4 rows affected in 1453 ms
2026-08-13 23:17:15.728 INFO  [nioEventLoopGroup-3-1] SessionHandler - query ok: 2 rows returned in 243 ms
2026-08-13 23:17:15.845 INFO  [nioEventLoopGroup-3-2] SessionHandler - query ok: 0 rows affected in 0 ms
2026-08-13 23:17:15.857 INFO  [nioEventLoopGroup-3-2] SessionHandler - query ok: 0 rows returned in 10 ms
2026-08-13 23:17:15.892 INFO  [nioEventLoopGroup-3-3] SessionHandler - query ok: 0 rows affected in 0 ms
2026-08-13 23:17:15.904 INFO  [nioEventLoopGroup-3-3] SessionHandler - query ok: 1 rows affected in 10 ms
2026-08-13 23:17:15.911 INFO  [nioEventLoopGroup-3-3] SessionHandler - query ok: 1 rows returned in 6 ms
2026-08-13 23:17:15.948 WARN  [nioEventLoopGroup-3-4] SessionHandler - query failed in 20 ms: SELECT * FROM does_not_exist
org.apache.calcite.runtime.CalciteContextException: From line 1, column 15 to line 1, column 28: Object 'does_not_exist' not found
	at java.base/jdk.internal.reflect.NativeConstructorAccessorImpl.newInstance0(Native Method) ~[?:?]
	at java.base/jdk.internal.reflect.NativeConstructorAccessorImpl.newInstance(NativeConstructorAccessorImpl.java:77) ~[?:?]
	at java.base/jdk.internal.reflect.DelegatingConstructorAccessorImpl.newInstance(DelegatingConstructorAccessorImpl.java:45) ~[?:?]
	at java.base/java.lang.reflect.Constructor.newInstanceWithCaller(Constructor.java:500) ~[?:?]
	at java.base/java.lang.reflect.Constructor.newInstance(Constructor.java:481) ~[?:?]
	at org.apache.calcite.runtime.Resources$ExInstWithCause.ex(Resources.java:511) ~[calcite-core-1.42.0.jar:1.42.0]
	at org.apache.calcite.sql.SqlUtil.newContextException(SqlUtil.java:960) ~[calcite-core-1.42.0.jar:1.42.0]
	at org.apache.calcite.sql.SqlUtil.newContextException(SqlUtil.java:945) ~[calcite-core-1.42.0.jar:1.42.0]
	at org.apache.calcite.sql.validate.SqlValidatorImpl.newValidationError(SqlValidatorImpl.java:6376) ~[calcite-core-1.42.0.jar:1.42.0]
	at org.apache.calcite.sql.validate.IdentifierNamespace.resolveImpl(IdentifierNamespace.java:184) ~[calcite-core-1.42.0.jar:1.42.0]
	at org.apache.calcite.sql.validate.IdentifierNamespace.validateImpl(IdentifierNamespace.java:189) ~[calcite-core-1.42.0.jar:1.42.0]
	at org.apache.calcite.sql.validate.AbstractNamespace.validate(AbstractNamespace.java:96) ~[calcite-core-1.42.0.jar:1.42.0]
	at org.apache.calcite.sql.validate.SqlValidatorImpl.validateNamespace(SqlValidatorImpl.java:1491) ~[calcite-core-1.42.0.jar:1.42.0]
	at org.apache.calcite.sql.validate.SqlValidatorImpl.validateQuery(SqlValidatorImpl.java:1462) ~[calcite-core-1.42.0.jar:1.42.0]
	at org.apache.calcite.sql.validate.SqlValidatorImpl.validateFrom(SqlValidatorImpl.java:3924) ~[calcite-core-1.42.0.jar:1.42.0]
	at org.apache.calcite.sql.validate.SqlValidatorImpl.validateFrom(SqlValidatorImpl.java:3903) ~[calcite-core-1.42.0.jar:1.42.0]
	at org.apache.calcite.sql.validate.SqlValidatorImpl.validateSelect(SqlValidatorImpl.java:4437) ~[calcite-core-1.42.0.jar:1.42.0]
	at org.apache.calcite.sql.validate.SelectNamespace.validateImpl(SelectNamespace.java:62) ~[calcite-core-1.42.0.jar:1.42.0]
	at org.apache.calcite.sql.validate.AbstractNamespace.validate(AbstractNamespace.java:96) ~[calcite-core-1.42.0.jar:1.42.0]
	at org.apache.calcite.sql.validate.SqlValidatorImpl.validateNamespace(SqlValidatorImpl.java:1491) ~[calcite-core-1.42.0.jar:1.42.0]
	at org.apache.calcite.sql.validate.SqlValidatorImpl.validateQuery(SqlValidatorImpl.java:1462) ~[calcite-core-1.42.0.jar:1.42.0]
	at org.apache.calcite.sql.SqlSelect.validate(SqlSelect.java:292) ~[calcite-core-1.42.0.jar:1.42.0]
	at org.apache.calcite.sql.validate.SqlValidatorImpl.validateScopedExpression(SqlValidatorImpl.java:1428) ~[calcite-core-1.42.0.jar:1.42.0]
	at org.apache.calcite.sql.validate.SqlValidatorImpl.validate(SqlValidatorImpl.java:1134) ~[calcite-core-1.42.0.jar:1.42.0]
	at com.minidb.server.calcite.CalciteContext.planInCluster(CalciteContext.java:88) ~[classes/:?]
	at com.minidb.server.plan.Planner.plan(Planner.java:51) ~[classes/:?]
	at com.minidb.server.exec.QueryExecutor.execute(QueryExecutor.java:99) ~[classes/:?]
	at com.minidb.server.netty.SessionHandler.handleExecute(SessionHandler.java:55) [classes/:?]
	at com.minidb.server.netty.SessionHandler.channelRead0(SessionHandler.java:37) [classes/:?]
	at com.minidb.server.netty.SessionHandler.channelRead0(SessionHandler.java:19) [classes/:?]
	at io.netty.channel.SimpleChannelInboundHandler.channelRead(SimpleChannelInboundHandler.java:99) [netty-transport-4.1.137.Final.jar:4.1.137.Final]
	at io.netty.channel.AbstractChannelHandlerContext.invokeChannelRead(AbstractChannelHandlerContext.java:444) [netty-transport-4.1.137.Final.jar:4.1.137.Final]
	at io.netty.channel.AbstractChannelHandlerContext.invokeChannelRead(AbstractChannelHandlerContext.java:420) [netty-transport-4.1.137.Final.jar:4.1.137.Final]
	at io.netty.channel.AbstractChannelHandlerContext.fireChannelRead(AbstractChannelHandlerContext.java:412) [netty-transport-4.1.137.Final.jar:4.1.137.Final]
	at io.netty.handler.codec.ByteToMessageDecoder.fireChannelRead(ByteToMessageDecoder.java:361) [netty-codec-4.1.137.Final.jar:4.1.137.Final]
	at io.netty.handler.codec.ByteToMessageDecoder.channelRead(ByteToMessageDecoder.java:325) [netty-codec-4.1.137.Final.jar:4.1.137.Final]
	at io.netty.channel.AbstractChannelHandlerContext.invokeChannelRead(AbstractChannelHandlerContext.java:444) [netty-transport-4.1.137.Final.jar:4.1.137.Final]
	at io.netty.channel.AbstractChannelHandlerContext.invokeChannelRead(AbstractChannelHandlerContext.java:420) [netty-transport-4.1.137.Final.jar:4.1.137.Final]
	at io.netty.channel.AbstractChannelHandlerContext.fireChannelRead(AbstractChannelHandlerContext.java:412) [netty-transport-4.1.137.Final.jar:4.1.137.Final]
	at io.netty.channel.DefaultChannelPipeline$HeadContext.channelRead(DefaultChannelPipeline.java:1357) [netty-transport-4.1.137.Final.jar:4.1.137.Final]
	at io.netty.channel.AbstractChannelHandlerContext.invokeChannelRead(AbstractChannelHandlerContext.java:440) [netty-transport-4.1.137.Final.jar:4.1.137.Final]
	at io.netty.channel.AbstractChannelHandlerContext.invokeChannelRead(AbstractChannelHandlerContext.java:420) [netty-transport-4.1.137.Final.jar:4.1.137.Final]
	at io.netty.channel.DefaultChannelPipeline.fireChannelRead(DefaultChannelPipeline.java:868) [netty-transport-4.1.137.Final.jar:4.1.137.Final]
	at io.netty.channel.nio.AbstractNioByteChannel$NioByteUnsafe.read(AbstractNioByteChannel.java:171) [netty-transport-4.1.137.Final.jar:4.1.137.Final]
	at io.netty.channel.nio.NioEventLoop.processSelectedKey(NioEventLoop.java:796) [netty-transport-4.1.137.Final.jar:4.1.137.Final]
	at io.netty.channel.nio.NioEventLoop.processSelectedKeysOptimized(NioEventLoop.java:732) [netty-transport-4.1.137.Final.jar:4.1.137.Final]
	at io.netty.channel.nio.NioEventLoop.processSelectedKeys(NioEventLoop.java:658) [netty-transport-4.1.137.Final.jar:4.1.137.Final]
	at io.netty.channel.nio.NioEventLoop.run(NioEventLoop.java:562) [netty-transport-4.1.137.Final.jar:4.1.137.Final]
	at io.netty.util.concurrent.SingleThreadEventExecutor$4.run(SingleThreadEventExecutor.java:1007) [netty-common-4.1.137.Final.jar:4.1.137.Final]
	at io.netty.util.internal.ThreadExecutorMap$2.run(ThreadExecutorMap.java:74) [netty-common-4.1.137.Final.jar:4.1.137.Final]
	at io.netty.util.concurrent.FastThreadLocalRunnable.run(FastThreadLocalRunnable.java:30) [netty-common-4.1.137.Final.jar:4.1.137.Final]
	at java.base/java.lang.Thread.run(Thread.java:840) [?:?]
Caused by: org.apache.calcite.sql.validate.SqlValidatorException: Object 'does_not_exist' not found
	at java.base/jdk.internal.reflect.NativeConstructorAccessorImpl.newInstance0(Native Method) ~[?:?]
	at java.base/jdk.internal.reflect.NativeConstructorAccessorImpl.newInstance(NativeConstructorAccessorImpl.java:77) ~[?:?]
	at java.base/jdk.internal.reflect.DelegatingConstructorAccessorImpl.newInstance(DelegatingConstructorAccessorImpl.java:45) ~[?:?]
	at java.base/java.lang.reflect.Constructor.newInstanceWithCaller(Constructor.java:500) ~[?:?]
	at java.base/java.lang.reflect.Constructor.newInstance(Constructor.java:481) ~[?:?]
	at org.apache.calcite.runtime.Resources$ExInstWithCause.ex(Resources.java:511) ~[calcite-core-1.42.0.jar:1.42.0]
	at org.apache.calcite.runtime.Resources$ExInst.ex(Resources.java:605) ~[calcite-core-1.42.0.jar:1.42.0]
	... 46 more
2026-08-13 23:17:15.980 INFO  [nioEventLoopGroup-3-5] SessionHandler - query ok: 0 rows affected in 0 ms
2026-08-13 23:17:16.011 INFO  [nioEventLoopGroup-3-5] SessionHandler - query ok: 2 rows affected in 30 ms
2026-08-13 23:17:16.023 INFO  [nioEventLoopGroup-3-5] SessionHandler - query ok: 2 rows returned in 10 ms
2026-08-13 23:17:16.030 INFO  [main] MiniDbServer - MiniDB server closed
2026-08-13 23:17:16.043 INFO  [main] StorageManager - flushed table public.n
2026-08-13 23:17:16.046 INFO  [main] StorageManager - flushed table public.t
2026-08-13 23:17:16.052 INFO  [main] StorageManager - flushed table public.w
2026-08-13 23:17:16.060 INFO  [main] StorageManager - loaded 0 table(s)
2026-08-13 23:17:16.109 INFO  [main] MiniDbServer - MiniDB server bound to port 0
2026-08-13 23:17:16.120 INFO  [nioEventLoopGroup-10-1] SessionHandler - query ok: 0 rows affected in 0 ms
2026-08-13 23:17:16.129 INFO  [nioEventLoopGroup-10-1] SessionHandler - query ok: 3 rows affected in 5 ms
2026-08-13 23:17:16.130 INFO  [nioEventLoopGroup-10-1] SessionHandler - query ok: 0 rows affected in 0 ms
2026-08-13 23:17:16.136 INFO  [nioEventLoopGroup-10-1] SessionHandler - query ok: 2 rows affected in 4 ms
2026-08-13 23:17:16.146 INFO  [nioEventLoopGroup-10-1] SessionHandler - query ok: 3 rows returned in 5 ms
2026-08-13 23:17:16.154 INFO  [nioEventLoopGroup-10-1] SessionHandler - query ok: 2 rows returned in 7 ms
2026-08-13 23:17:16.160 INFO  [nioEventLoopGroup-10-1] SessionHandler - query ok: 3 rows returned in 5 ms
2026-08-13 23:17:16.169 INFO  [nioEventLoopGroup-10-1] SessionHandler - query ok: 2 rows returned in 7 ms
2026-08-13 23:17:16.176 INFO  [nioEventLoopGroup-10-1] SessionHandler - query ok: 3 rows returned in 5 ms
2026-08-13 23:17:16.182 INFO  [nioEventLoopGroup-10-1] SessionHandler - query ok: 2 rows returned in 5 ms
2026-08-13 23:17:16.190 INFO  [nioEventLoopGroup-10-1] SessionHandler - query ok: 2 rows returned in 6 ms
2026-08-13 23:17:16.196 INFO  [nioEventLoopGroup-10-1] SessionHandler - query ok: 3 rows returned in 5 ms
2026-08-13 23:17:16.197 INFO  [main] MiniDbServer - MiniDB server closed
2026-08-13 23:17:16.242 INFO  [main] StorageManager - flushed table public.a
2026-08-13 23:17:16.246 INFO  [main] StorageManager - flushed table public.b
2026-08-13 23:17:16.251 INFO  [main] StorageManager - loaded 0 table(s)
2026-08-13 23:17:16.303 INFO  [main] MiniDbServer - MiniDB server bound to port 0
2026-08-13 23:17:16.312 INFO  [main] MiniDbServer - MiniDB server closed
2026-08-13 23:17:16.323 INFO  [main] StorageManager - loaded 0 table(s)
2026-08-13 23:17:16.367 INFO  [main] MiniDbServer - MiniDB server bound to port 0
2026-08-13 23:17:16.375 INFO  [main] MiniDbServer - MiniDB server closed
2026-08-13 23:17:16.386 INFO  [main] StorageManager - loaded 0 table(s)
2026-08-13 23:17:16.427 INFO  [main] MiniDbServer - MiniDB server bound to port 0
2026-08-13 23:17:16.439 INFO  [nioEventLoopGroup-19-1] SessionHandler - query ok: 0 rows affected in 0 ms
2026-08-13 23:17:16.456 INFO  [nioEventLoopGroup-19-1] SessionHandler - metadata ok: 2 rows in 1 ms
2026-08-13 23:17:16.459 INFO  [main] MiniDbServer - MiniDB server closed
2026-08-13 23:17:16.466 INFO  [main] StorageManager - loaded 0 table(s)
2026-08-13 23:17:16.510 INFO  [main] MiniDbServer - MiniDB server bound to port 0
2026-08-13 23:17:16.517 INFO  [nioEventLoopGroup-22-1] SessionHandler - query ok: 0 rows affected in 0 ms
2026-08-13 23:17:16.524 INFO  [nioEventLoopGroup-22-1] SessionHandler - metadata ok: 1 rows in 5 ms
2026-08-13 23:17:16.529 INFO  [main] MiniDbServer - MiniDB server closed
2026-08-13 23:17:16.535 INFO  [main] StorageManager - loaded 0 table(s)
2026-08-13 23:17:16.576 INFO  [main] MiniDbServer - MiniDB server bound to port 0
2026-08-13 23:17:16.582 INFO  [nioEventLoopGroup-25-1] SessionHandler - query ok: 0 rows affected in 0 ms
2026-08-13 23:17:16.584 INFO  [nioEventLoopGroup-25-1] SessionHandler - query ok: 0 rows affected in 0 ms
2026-08-13 23:17:16.586 INFO  [nioEventLoopGroup-25-1] SessionHandler - query ok: 0 rows affected in 0 ms
2026-08-13 23:17:16.590 INFO  [nioEventLoopGroup-25-1] SessionHandler - metadata ok: 2 rows in 2 ms
2026-08-13 23:17:16.595 INFO  [nioEventLoopGroup-25-1] SessionHandler - metadata ok: 1 rows in 0 ms
2026-08-13 23:17:16.600 INFO  [nioEventLoopGroup-25-1] SessionHandler - metadata ok: 0 rows in 2 ms
2026-08-13 23:17:16.603 INFO  [nioEventLoopGroup-25-1] SessionHandler - metadata ok: 2 rows in 0 ms
2026-08-13 23:17:16.606 INFO  [main] MiniDbServer - MiniDB server closed
2026-08-13 23:17:16.612 INFO  [main] StorageManager - loaded 0 table(s)
2026-08-13 23:17:16.654 INFO  [main] MiniDbServer - MiniDB server bound to port 0
2026-08-13 23:17:16.662 INFO  [nioEventLoopGroup-28-1] SessionHandler - query ok: 0 rows affected in 0 ms
2026-08-13 23:17:16.669 INFO  [nioEventLoopGroup-28-1] SessionHandler - query ok: 1 rows affected in 5 ms
2026-08-13 23:17:16.669 INFO  [main] MiniDbServer - MiniDB server closed
2026-08-13 23:17:16.674 INFO  [main] StorageManager - flushed table public.keep
2026-08-13 23:17:16.679 INFO  [main] StorageManager - loaded 1 table(s)
2026-08-13 23:17:16.720 INFO  [main] MiniDbServer - MiniDB server bound to port 0
2026-08-13 23:17:16.731 INFO  [nioEventLoopGroup-31-1] SessionHandler - query ok: 1 rows returned in 4 ms
2026-08-13 23:17:16.733 INFO  [main] MiniDbServer - MiniDB server closed
