2026-08-10 20:41:01.030 INFO  [main] Main - MiniDB starting on port 8899 with data dir data
2026-08-10 20:41:01.557 INFO  [main] StorageManager - loaded 1 table(s)
2026-08-10 20:41:02.286 INFO  [main] MiniDbServer - MiniDB server bound to port 8899
2026-08-10 20:41:02.287 INFO  [main] Main - MiniDB listening on port 8899
2026-08-10 20:43:01.701 INFO  [nioEventLoopGroup-3-1] SessionHandler - query ok: 0 rows affected in 15334 ms
2026-08-10 20:43:27.233 WARN  [nioEventLoopGroup-3-1] SessionHandler - query failed in 9246 ms: SELECT id, name FROM t ORDER BY id
java.lang.IllegalStateException: sort received no input batches
	at com.minidb.server.plan.MiniDbSort.execute(MiniDbSort.java:60) ~[classes/:?]
	at com.minidb.server.exec.QueryExecutor.execute(QueryExecutor.java:62) ~[classes/:?]
	at com.minidb.server.netty.SessionHandler.handleExecute(SessionHandler.java:40) [classes/:?]
	at com.minidb.server.netty.SessionHandler.channelRead0(SessionHandler.java:30) [classes/:?]
	at com.minidb.server.netty.SessionHandler.channelRead0(SessionHandler.java:15) [classes/:?]
	at io.netty.channel.SimpleChannelInboundHandler.channelRead(SimpleChannelInboundHandler.java:99) [netty-transport-4.1.137.Final.jar:4.1.137.Final]
	at io.netty.channel.AbstractChannelHandlerContext.invokeChannelRead(AbstractChannelHandlerContext.java:444) [netty-transport-4.1.137.Final.jar:4.1.137.Final]
	at io.netty.channel.AbstractChannelHandlerContext.invokeChannelRead(AbstractChannelHandlerContext.java:420) [netty-transport-4.1.137.Final.jar:4.1.137.Final]
	at io.netty.channel.AbstractChannelHandlerContext.fireChannelRead(AbstractChannelHandlerContext.java:412) [netty-transport-4.1.137.Final.jar:4.1.137.Final]
	at io.netty.handler.codec.ByteToMessageDecoder.fireChannelRead(ByteToMessageDecoder.java:361) [netty-codec-4.1.137.Final.jar:4.1.137.Final]
	at io.netty.handler.codec.ByteToMessageDecoder.channelRead(ByteToMessageDecoder.java:325) [netty-codec-4.1.137.Final.jar:4.1.137.Final]
	at io.netty.channel.AbstractChannelHandlerContext.invokeChannelRead(AbstractChannelHandlerContext.java:444) [netty-transport-4.1.137.Final.jar:4.1.137.Final]
	at io.netty.channel.AbstractChannelHandlerContext.invokeChannelRead(AbstractChannelHandlerContext.java:420) [netty-transport-4.1.137.Final.jar:4.1.137.Final]
	at io.netty.channel.AbstractChannelHandlerContext.fireChannelRead(AbstractChannelHandlerContext.java:412) [netty-transport-4.1.137.Final.jar:4.1.137.Final]
	at io.netty.channel.DefaultChannelPipeline$HeadContext.channelRead(DefaultChannelPipeline.java:1357) [netty-transport-4.1.137.Final.jar:4.1.137.Final]
	at io.netty.channel.AbstractChannelHandlerContext.invokeChannelRead(AbstractChannelHandlerContext.java:440) [netty-transport-4.1.137.Final.jar:4.1.137.Final]
	at io.netty.channel.AbstractChannelHandlerContext.invokeChannelRead(AbstractChannelHandlerContext.java:420) [netty-transport-4.1.137.Final.jar:4.1.137.Final]
	at io.netty.channel.DefaultChannelPipeline.fireChannelRead(DefaultChannelPipeline.java:868) [netty-transport-4.1.137.Final.jar:4.1.137.Final]
	at io.netty.channel.nio.AbstractNioByteChannel$NioByteUnsafe.read(AbstractNioByteChannel.java:171) [netty-transport-4.1.137.Final.jar:4.1.137.Final]
	at io.netty.channel.nio.NioEventLoop.processSelectedKey(NioEventLoop.java:796) [netty-transport-4.1.137.Final.jar:4.1.137.Final]
	at io.netty.channel.nio.NioEventLoop.processSelectedKeysOptimized(NioEventLoop.java:732) [netty-transport-4.1.137.Final.jar:4.1.137.Final]
	at io.netty.channel.nio.NioEventLoop.processSelectedKeys(NioEventLoop.java:658) [netty-transport-4.1.137.Final.jar:4.1.137.Final]
	at io.netty.channel.nio.NioEventLoop.run(NioEventLoop.java:562) [netty-transport-4.1.137.Final.jar:4.1.137.Final]
	at io.netty.util.concurrent.SingleThreadEventExecutor$4.run(SingleThreadEventExecutor.java:1007) [netty-common-4.1.137.Final.jar:4.1.137.Final]
	at io.netty.util.internal.ThreadExecutorMap$2.run(ThreadExecutorMap.java:74) [netty-common-4.1.137.Final.jar:4.1.137.Final]
	at io.netty.util.concurrent.FastThreadLocalRunnable.run(FastThreadLocalRunnable.java:30) [netty-common-4.1.137.Final.jar:4.1.137.Final]
	at java.base/java.lang.Thread.run(Thread.java:840) [?:?]
2026-08-10 20:43:38.588 WARN  [nioEventLoopGroup-3-1] SessionHandler - query failed in 1822 ms: SELECT id, name FROM t ORDER BY id
java.lang.IllegalStateException: sort received no input batches
	at com.minidb.server.plan.MiniDbSort.execute(MiniDbSort.java:60) ~[classes/:?]
	at com.minidb.server.exec.QueryExecutor.execute(QueryExecutor.java:62) ~[classes/:?]
	at com.minidb.server.netty.SessionHandler.handleExecute(SessionHandler.java:40) [classes/:?]
	at com.minidb.server.netty.SessionHandler.channelRead0(SessionHandler.java:30) [classes/:?]
	at com.minidb.server.netty.SessionHandler.channelRead0(SessionHandler.java:15) [classes/:?]
	at io.netty.channel.SimpleChannelInboundHandler.channelRead(SimpleChannelInboundHandler.java:99) [netty-transport-4.1.137.Final.jar:4.1.137.Final]
	at io.netty.channel.AbstractChannelHandlerContext.invokeChannelRead(AbstractChannelHandlerContext.java:444) [netty-transport-4.1.137.Final.jar:4.1.137.Final]
	at io.netty.channel.AbstractChannelHandlerContext.invokeChannelRead(AbstractChannelHandlerContext.java:420) [netty-transport-4.1.137.Final.jar:4.1.137.Final]
	at io.netty.channel.AbstractChannelHandlerContext.fireChannelRead(AbstractChannelHandlerContext.java:412) [netty-transport-4.1.137.Final.jar:4.1.137.Final]
	at io.netty.handler.codec.ByteToMessageDecoder.fireChannelRead(ByteToMessageDecoder.java:361) [netty-codec-4.1.137.Final.jar:4.1.137.Final]
	at io.netty.handler.codec.ByteToMessageDecoder.channelRead(ByteToMessageDecoder.java:325) [netty-codec-4.1.137.Final.jar:4.1.137.Final]
	at io.netty.channel.AbstractChannelHandlerContext.invokeChannelRead(AbstractChannelHandlerContext.java:444) [netty-transport-4.1.137.Final.jar:4.1.137.Final]
	at io.netty.channel.AbstractChannelHandlerContext.invokeChannelRead(AbstractChannelHandlerContext.java:420) [netty-transport-4.1.137.Final.jar:4.1.137.Final]
	at io.netty.channel.AbstractChannelHandlerContext.fireChannelRead(AbstractChannelHandlerContext.java:412) [netty-transport-4.1.137.Final.jar:4.1.137.Final]
	at io.netty.channel.DefaultChannelPipeline$HeadContext.channelRead(DefaultChannelPipeline.java:1357) [netty-transport-4.1.137.Final.jar:4.1.137.Final]
	at io.netty.channel.AbstractChannelHandlerContext.invokeChannelRead(AbstractChannelHandlerContext.java:440) [netty-transport-4.1.137.Final.jar:4.1.137.Final]
	at io.netty.channel.AbstractChannelHandlerContext.invokeChannelRead(AbstractChannelHandlerContext.java:420) [netty-transport-4.1.137.Final.jar:4.1.137.Final]
	at io.netty.channel.DefaultChannelPipeline.fireChannelRead(DefaultChannelPipeline.java:868) [netty-transport-4.1.137.Final.jar:4.1.137.Final]
	at io.netty.channel.nio.AbstractNioByteChannel$NioByteUnsafe.read(AbstractNioByteChannel.java:171) [netty-transport-4.1.137.Final.jar:4.1.137.Final]
	at io.netty.channel.nio.NioEventLoop.processSelectedKey(NioEventLoop.java:796) [netty-transport-4.1.137.Final.jar:4.1.137.Final]
	at io.netty.channel.nio.NioEventLoop.processSelectedKeysOptimized(NioEventLoop.java:732) [netty-transport-4.1.137.Final.jar:4.1.137.Final]
	at io.netty.channel.nio.NioEventLoop.processSelectedKeys(NioEventLoop.java:658) [netty-transport-4.1.137.Final.jar:4.1.137.Final]
	at io.netty.channel.nio.NioEventLoop.run(NioEventLoop.java:562) [netty-transport-4.1.137.Final.jar:4.1.137.Final]
	at io.netty.util.concurrent.SingleThreadEventExecutor$4.run(SingleThreadEventExecutor.java:1007) [netty-common-4.1.137.Final.jar:4.1.137.Final]
	at io.netty.util.internal.ThreadExecutorMap$2.run(ThreadExecutorMap.java:74) [netty-common-4.1.137.Final.jar:4.1.137.Final]
	at io.netty.util.concurrent.FastThreadLocalRunnable.run(FastThreadLocalRunnable.java:30) [netty-common-4.1.137.Final.jar:4.1.137.Final]
	at java.base/java.lang.Thread.run(Thread.java:840) [?:?]
2026-08-10 20:45:26.424 WARN  [nioEventLoopGroup-3-1] SessionHandler - query failed in 85933 ms: SELECT id, name FROM t ORDER BY id
java.lang.IllegalStateException: sort received no input batches
	at com.minidb.server.plan.MiniDbSort.execute(MiniDbSort.java:60) ~[classes/:?]
	at com.minidb.server.exec.QueryExecutor.execute(QueryExecutor.java:62) ~[classes/:?]
	at com.minidb.server.netty.SessionHandler.handleExecute(SessionHandler.java:40) [classes/:?]
	at com.minidb.server.netty.SessionHandler.channelRead0(SessionHandler.java:30) [classes/:?]
	at com.minidb.server.netty.SessionHandler.channelRead0(SessionHandler.java:15) [classes/:?]
	at io.netty.channel.SimpleChannelInboundHandler.channelRead(SimpleChannelInboundHandler.java:99) [netty-transport-4.1.137.Final.jar:4.1.137.Final]
	at io.netty.channel.AbstractChannelHandlerContext.invokeChannelRead(AbstractChannelHandlerContext.java:444) [netty-transport-4.1.137.Final.jar:4.1.137.Final]
	at io.netty.channel.AbstractChannelHandlerContext.invokeChannelRead(AbstractChannelHandlerContext.java:420) [netty-transport-4.1.137.Final.jar:4.1.137.Final]
	at io.netty.channel.AbstractChannelHandlerContext.fireChannelRead(AbstractChannelHandlerContext.java:412) [netty-transport-4.1.137.Final.jar:4.1.137.Final]
	at io.netty.handler.codec.ByteToMessageDecoder.fireChannelRead(ByteToMessageDecoder.java:361) [netty-codec-4.1.137.Final.jar:4.1.137.Final]
	at io.netty.handler.codec.ByteToMessageDecoder.channelRead(ByteToMessageDecoder.java:325) [netty-codec-4.1.137.Final.jar:4.1.137.Final]
	at io.netty.channel.AbstractChannelHandlerContext.invokeChannelRead(AbstractChannelHandlerContext.java:444) [netty-transport-4.1.137.Final.jar:4.1.137.Final]
	at io.netty.channel.AbstractChannelHandlerContext.invokeChannelRead(AbstractChannelHandlerContext.java:420) [netty-transport-4.1.137.Final.jar:4.1.137.Final]
	at io.netty.channel.AbstractChannelHandlerContext.fireChannelRead(AbstractChannelHandlerContext.java:412) [netty-transport-4.1.137.Final.jar:4.1.137.Final]
	at io.netty.channel.DefaultChannelPipeline$HeadContext.channelRead(DefaultChannelPipeline.java:1357) [netty-transport-4.1.137.Final.jar:4.1.137.Final]
	at io.netty.channel.AbstractChannelHandlerContext.invokeChannelRead(AbstractChannelHandlerContext.java:440) [netty-transport-4.1.137.Final.jar:4.1.137.Final]
	at io.netty.channel.AbstractChannelHandlerContext.invokeChannelRead(AbstractChannelHandlerContext.java:420) [netty-transport-4.1.137.Final.jar:4.1.137.Final]
	at io.netty.channel.DefaultChannelPipeline.fireChannelRead(DefaultChannelPipeline.java:868) [netty-transport-4.1.137.Final.jar:4.1.137.Final]
	at io.netty.channel.nio.AbstractNioByteChannel$NioByteUnsafe.read(AbstractNioByteChannel.java:171) [netty-transport-4.1.137.Final.jar:4.1.137.Final]
	at io.netty.channel.nio.NioEventLoop.processSelectedKey(NioEventLoop.java:796) [netty-transport-4.1.137.Final.jar:4.1.137.Final]
	at io.netty.channel.nio.NioEventLoop.processSelectedKeysOptimized(NioEventLoop.java:732) [netty-transport-4.1.137.Final.jar:4.1.137.Final]
	at io.netty.channel.nio.NioEventLoop.processSelectedKeys(NioEventLoop.java:658) [netty-transport-4.1.137.Final.jar:4.1.137.Final]
	at io.netty.channel.nio.NioEventLoop.run(NioEventLoop.java:562) [netty-transport-4.1.137.Final.jar:4.1.137.Final]
	at io.netty.util.concurrent.SingleThreadEventExecutor$4.run(SingleThreadEventExecutor.java:1007) [netty-common-4.1.137.Final.jar:4.1.137.Final]
	at io.netty.util.internal.ThreadExecutorMap$2.run(ThreadExecutorMap.java:74) [netty-common-4.1.137.Final.jar:4.1.137.Final]
	at io.netty.util.concurrent.FastThreadLocalRunnable.run(FastThreadLocalRunnable.java:30) [netty-common-4.1.137.Final.jar:4.1.137.Final]
	at java.base/java.lang.Thread.run(Thread.java:840) [?:?]
2026-08-10 20:48:14.166 WARN  [nioEventLoopGroup-3-1] SessionHandler - channel exception, closing
java.net.SocketException: Connection reset
	at java.base/sun.nio.ch.SocketChannelImpl.throwConnectionReset(SocketChannelImpl.java:394) ~[?:?]
	at java.base/sun.nio.ch.SocketChannelImpl.read(SocketChannelImpl.java:426) ~[?:?]
	at io.netty.buffer.PooledByteBuf.setBytes(PooledByteBuf.java:255) ~[netty-buffer-4.1.137.Final.jar:19.0.0]
	at io.netty.buffer.AbstractByteBuf.writeBytes(AbstractByteBuf.java:1132) ~[netty-buffer-4.1.137.Final.jar:19.0.0]
	at io.netty.channel.socket.nio.NioSocketChannel.doReadBytes(NioSocketChannel.java:356) ~[netty-transport-4.1.137.Final.jar:4.1.137.Final]
	at io.netty.channel.nio.AbstractNioByteChannel$NioByteUnsafe.read(AbstractNioByteChannel.java:156) [netty-transport-4.1.137.Final.jar:4.1.137.Final]
	at io.netty.channel.nio.NioEventLoop.processSelectedKey(NioEventLoop.java:796) [netty-transport-4.1.137.Final.jar:4.1.137.Final]
	at io.netty.channel.nio.NioEventLoop.processSelectedKeysOptimized(NioEventLoop.java:732) [netty-transport-4.1.137.Final.jar:4.1.137.Final]
	at io.netty.channel.nio.NioEventLoop.processSelectedKeys(NioEventLoop.java:658) [netty-transport-4.1.137.Final.jar:4.1.137.Final]
	at io.netty.channel.nio.NioEventLoop.run(NioEventLoop.java:562) [netty-transport-4.1.137.Final.jar:4.1.137.Final]
	at io.netty.util.concurrent.SingleThreadEventExecutor$4.run(SingleThreadEventExecutor.java:1007) [netty-common-4.1.137.Final.jar:4.1.137.Final]
	at io.netty.util.internal.ThreadExecutorMap$2.run(ThreadExecutorMap.java:74) [netty-common-4.1.137.Final.jar:4.1.137.Final]
	at io.netty.util.concurrent.FastThreadLocalRunnable.run(FastThreadLocalRunnable.java:30) [netty-common-4.1.137.Final.jar:4.1.137.Final]
	at java.base/java.lang.Thread.run(Thread.java:840) [?:?]
2026-08-10 20:49:56.783 WARN  [nioEventLoopGroup-3-2] SessionHandler - query failed in 1557 ms: SELECT id, name FROM t ORDER BY id
java.lang.NullPointerException: Cannot invoke "org.apache.arrow.vector.VectorSchemaRoot.getSchema()" because "materialized" is null
	at com.minidb.server.plan.MiniDbSort.execute(MiniDbSort.java:72) ~[classes/:?]
	at com.minidb.server.exec.QueryExecutor.execute(QueryExecutor.java:62) ~[classes/:?]
	at com.minidb.server.netty.SessionHandler.handleExecute(SessionHandler.java:40) [classes/:?]
	at com.minidb.server.netty.SessionHandler.channelRead0(SessionHandler.java:30) [classes/:?]
	at com.minidb.server.netty.SessionHandler.channelRead0(SessionHandler.java:15) [classes/:?]
	at io.netty.channel.SimpleChannelInboundHandler.channelRead(SimpleChannelInboundHandler.java:99) [netty-transport-4.1.137.Final.jar:4.1.137.Final]
	at io.netty.channel.AbstractChannelHandlerContext.invokeChannelRead(AbstractChannelHandlerContext.java:444) [netty-transport-4.1.137.Final.jar:4.1.137.Final]
	at io.netty.channel.AbstractChannelHandlerContext.invokeChannelRead(AbstractChannelHandlerContext.java:420) [netty-transport-4.1.137.Final.jar:4.1.137.Final]
	at io.netty.channel.AbstractChannelHandlerContext.fireChannelRead(AbstractChannelHandlerContext.java:412) [netty-transport-4.1.137.Final.jar:4.1.137.Final]
	at io.netty.handler.codec.ByteToMessageDecoder.fireChannelRead(ByteToMessageDecoder.java:361) [netty-codec-4.1.137.Final.jar:4.1.137.Final]
	at io.netty.handler.codec.ByteToMessageDecoder.channelRead(ByteToMessageDecoder.java:325) [netty-codec-4.1.137.Final.jar:4.1.137.Final]
	at io.netty.channel.AbstractChannelHandlerContext.invokeChannelRead(AbstractChannelHandlerContext.java:444) [netty-transport-4.1.137.Final.jar:4.1.137.Final]
	at io.netty.channel.AbstractChannelHandlerContext.invokeChannelRead(AbstractChannelHandlerContext.java:420) [netty-transport-4.1.137.Final.jar:4.1.137.Final]
	at io.netty.channel.AbstractChannelHandlerContext.fireChannelRead(AbstractChannelHandlerContext.java:412) [netty-transport-4.1.137.Final.jar:4.1.137.Final]
	at io.netty.channel.DefaultChannelPipeline$HeadContext.channelRead(DefaultChannelPipeline.java:1357) [netty-transport-4.1.137.Final.jar:4.1.137.Final]
	at io.netty.channel.AbstractChannelHandlerContext.invokeChannelRead(AbstractChannelHandlerContext.java:440) [netty-transport-4.1.137.Final.jar:4.1.137.Final]
	at io.netty.channel.AbstractChannelHandlerContext.invokeChannelRead(AbstractChannelHandlerContext.java:420) [netty-transport-4.1.137.Final.jar:4.1.137.Final]
	at io.netty.channel.DefaultChannelPipeline.fireChannelRead(DefaultChannelPipeline.java:868) [netty-transport-4.1.137.Final.jar:4.1.137.Final]
	at io.netty.channel.nio.AbstractNioByteChannel$NioByteUnsafe.read(AbstractNioByteChannel.java:171) [netty-transport-4.1.137.Final.jar:4.1.137.Final]
	at io.netty.channel.nio.NioEventLoop.processSelectedKey(NioEventLoop.java:796) [netty-transport-4.1.137.Final.jar:4.1.137.Final]
	at io.netty.channel.nio.NioEventLoop.processSelectedKeysOptimized(NioEventLoop.java:732) [netty-transport-4.1.137.Final.jar:4.1.137.Final]
	at io.netty.channel.nio.NioEventLoop.processSelectedKeys(NioEventLoop.java:658) [netty-transport-4.1.137.Final.jar:4.1.137.Final]
	at io.netty.channel.nio.NioEventLoop.run(NioEventLoop.java:562) [netty-transport-4.1.137.Final.jar:4.1.137.Final]
	at io.netty.util.concurrent.SingleThreadEventExecutor$4.run(SingleThreadEventExecutor.java:1007) [netty-common-4.1.137.Final.jar:4.1.137.Final]
	at io.netty.util.internal.ThreadExecutorMap$2.run(ThreadExecutorMap.java:74) [netty-common-4.1.137.Final.jar:4.1.137.Final]
	at io.netty.util.concurrent.FastThreadLocalRunnable.run(FastThreadLocalRunnable.java:30) [netty-common-4.1.137.Final.jar:4.1.137.Final]
	at java.base/java.lang.Thread.run(Thread.java:840) [?:?]
2026-08-10 20:53:50.031 INFO  [Thread-0] Main - MiniDB shutting down
2026-08-10 20:53:55.785 INFO  [main] Main - MiniDB starting on port 8899 with data dir data
2026-08-10 20:53:56.426 INFO  [main] StorageManager - loaded 1 table(s)
2026-08-10 20:53:57.194 INFO  [main] MiniDbServer - MiniDB server bound to port 8899
2026-08-10 20:53:57.195 INFO  [main] Main - MiniDB listening on port 8899
2026-08-10 20:54:54.470 WARN  [nioEventLoopGroup-3-1] SessionHandler - query failed in 3652 ms: SELECT id, name FROM t ORDER BY id
java.lang.IllegalStateException: query produced no batches
	at com.minidb.server.exec.QueryExecutor.materialize(QueryExecutor.java:112) ~[classes/:?]
	at com.minidb.server.exec.QueryExecutor.execute(QueryExecutor.java:63) ~[classes/:?]
	at com.minidb.server.netty.SessionHandler.handleExecute(SessionHandler.java:40) [classes/:?]
	at com.minidb.server.netty.SessionHandler.channelRead0(SessionHandler.java:30) [classes/:?]
	at com.minidb.server.netty.SessionHandler.channelRead0(SessionHandler.java:15) [classes/:?]
	at io.netty.channel.SimpleChannelInboundHandler.channelRead(SimpleChannelInboundHandler.java:99) [netty-transport-4.1.137.Final.jar:4.1.137.Final]
	at io.netty.channel.AbstractChannelHandlerContext.invokeChannelRead(AbstractChannelHandlerContext.java:444) [netty-transport-4.1.137.Final.jar:4.1.137.Final]
	at io.netty.channel.AbstractChannelHandlerContext.invokeChannelRead(AbstractChannelHandlerContext.java:420) [netty-transport-4.1.137.Final.jar:4.1.137.Final]
	at io.netty.channel.AbstractChannelHandlerContext.fireChannelRead(AbstractChannelHandlerContext.java:412) [netty-transport-4.1.137.Final.jar:4.1.137.Final]
	at io.netty.handler.codec.ByteToMessageDecoder.fireChannelRead(ByteToMessageDecoder.java:361) [netty-codec-4.1.137.Final.jar:4.1.137.Final]
	at io.netty.handler.codec.ByteToMessageDecoder.channelRead(ByteToMessageDecoder.java:325) [netty-codec-4.1.137.Final.jar:4.1.137.Final]
	at io.netty.channel.AbstractChannelHandlerContext.invokeChannelRead(AbstractChannelHandlerContext.java:444) [netty-transport-4.1.137.Final.jar:4.1.137.Final]
	at io.netty.channel.AbstractChannelHandlerContext.invokeChannelRead(AbstractChannelHandlerContext.java:420) [netty-transport-4.1.137.Final.jar:4.1.137.Final]
	at io.netty.channel.AbstractChannelHandlerContext.fireChannelRead(AbstractChannelHandlerContext.java:412) [netty-transport-4.1.137.Final.jar:4.1.137.Final]
	at io.netty.channel.DefaultChannelPipeline$HeadContext.channelRead(DefaultChannelPipeline.java:1357) [netty-transport-4.1.137.Final.jar:4.1.137.Final]
	at io.netty.channel.AbstractChannelHandlerContext.invokeChannelRead(AbstractChannelHandlerContext.java:440) [netty-transport-4.1.137.Final.jar:4.1.137.Final]
	at io.netty.channel.AbstractChannelHandlerContext.invokeChannelRead(AbstractChannelHandlerContext.java:420) [netty-transport-4.1.137.Final.jar:4.1.137.Final]
	at io.netty.channel.DefaultChannelPipeline.fireChannelRead(DefaultChannelPipeline.java:868) [netty-transport-4.1.137.Final.jar:4.1.137.Final]
	at io.netty.channel.nio.AbstractNioByteChannel$NioByteUnsafe.read(AbstractNioByteChannel.java:171) [netty-transport-4.1.137.Final.jar:4.1.137.Final]
	at io.netty.channel.nio.NioEventLoop.processSelectedKey(NioEventLoop.java:796) [netty-transport-4.1.137.Final.jar:4.1.137.Final]
	at io.netty.channel.nio.NioEventLoop.processSelectedKeysOptimized(NioEventLoop.java:732) [netty-transport-4.1.137.Final.jar:4.1.137.Final]
	at io.netty.channel.nio.NioEventLoop.processSelectedKeys(NioEventLoop.java:658) [netty-transport-4.1.137.Final.jar:4.1.137.Final]
	at io.netty.channel.nio.NioEventLoop.run(NioEventLoop.java:562) [netty-transport-4.1.137.Final.jar:4.1.137.Final]
	at io.netty.util.concurrent.SingleThreadEventExecutor$4.run(SingleThreadEventExecutor.java:1007) [netty-common-4.1.137.Final.jar:4.1.137.Final]
	at io.netty.util.internal.ThreadExecutorMap$2.run(ThreadExecutorMap.java:74) [netty-common-4.1.137.Final.jar:4.1.137.Final]
	at io.netty.util.concurrent.FastThreadLocalRunnable.run(FastThreadLocalRunnable.java:30) [netty-common-4.1.137.Final.jar:4.1.137.Final]
	at java.base/java.lang.Thread.run(Thread.java:840) [?:?]
2026-08-11 07:11:51.872 WARN  [nioEventLoopGroup-3-1] SessionHandler - channel exception, closing
java.net.SocketException: Connection reset
	at java.base/sun.nio.ch.SocketChannelImpl.throwConnectionReset(SocketChannelImpl.java:394) ~[?:?]
	at java.base/sun.nio.ch.SocketChannelImpl.read(SocketChannelImpl.java:426) ~[?:?]
	at io.netty.buffer.PooledByteBuf.setBytes(PooledByteBuf.java:255) ~[netty-buffer-4.1.137.Final.jar:19.0.0]
	at io.netty.buffer.AbstractByteBuf.writeBytes(AbstractByteBuf.java:1132) ~[netty-buffer-4.1.137.Final.jar:19.0.0]
	at io.netty.channel.socket.nio.NioSocketChannel.doReadBytes(NioSocketChannel.java:356) ~[netty-transport-4.1.137.Final.jar:4.1.137.Final]
	at io.netty.channel.nio.AbstractNioByteChannel$NioByteUnsafe.read(AbstractNioByteChannel.java:156) [netty-transport-4.1.137.Final.jar:4.1.137.Final]
	at io.netty.channel.nio.NioEventLoop.processSelectedKey(NioEventLoop.java:796) [netty-transport-4.1.137.Final.jar:4.1.137.Final]
	at io.netty.channel.nio.NioEventLoop.processSelectedKeysOptimized(NioEventLoop.java:732) [netty-transport-4.1.137.Final.jar:4.1.137.Final]
	at io.netty.channel.nio.NioEventLoop.processSelectedKeys(NioEventLoop.java:658) [netty-transport-4.1.137.Final.jar:4.1.137.Final]
	at io.netty.channel.nio.NioEventLoop.run(NioEventLoop.java:562) [netty-transport-4.1.137.Final.jar:4.1.137.Final]
	at io.netty.util.concurrent.SingleThreadEventExecutor$4.run(SingleThreadEventExecutor.java:1007) [netty-common-4.1.137.Final.jar:4.1.137.Final]
	at io.netty.util.internal.ThreadExecutorMap$2.run(ThreadExecutorMap.java:74) [netty-common-4.1.137.Final.jar:4.1.137.Final]
	at io.netty.util.concurrent.FastThreadLocalRunnable.run(FastThreadLocalRunnable.java:30) [netty-common-4.1.137.Final.jar:4.1.137.Final]
	at java.base/java.lang.Thread.run(Thread.java:840) [?:?]
2026-08-11 09:45:25.363 WARN  [nioEventLoopGroup-3-2] SessionHandler - query failed in 44 ms: SELECT id, name FROM t ORDER BY id
java.lang.IllegalStateException: query produced no batches
	at com.minidb.server.exec.QueryExecutor.materialize(QueryExecutor.java:112) ~[classes/:?]
	at com.minidb.server.exec.QueryExecutor.execute(QueryExecutor.java:63) ~[classes/:?]
	at com.minidb.server.netty.SessionHandler.handleExecute(SessionHandler.java:40) [classes/:?]
	at com.minidb.server.netty.SessionHandler.channelRead0(SessionHandler.java:30) [classes/:?]
	at com.minidb.server.netty.SessionHandler.channelRead0(SessionHandler.java:15) [classes/:?]
	at io.netty.channel.SimpleChannelInboundHandler.channelRead(SimpleChannelInboundHandler.java:99) [netty-transport-4.1.137.Final.jar:4.1.137.Final]
	at io.netty.channel.AbstractChannelHandlerContext.invokeChannelRead(AbstractChannelHandlerContext.java:444) [netty-transport-4.1.137.Final.jar:4.1.137.Final]
	at io.netty.channel.AbstractChannelHandlerContext.invokeChannelRead(AbstractChannelHandlerContext.java:420) [netty-transport-4.1.137.Final.jar:4.1.137.Final]
	at io.netty.channel.AbstractChannelHandlerContext.fireChannelRead(AbstractChannelHandlerContext.java:412) [netty-transport-4.1.137.Final.jar:4.1.137.Final]
	at io.netty.handler.codec.ByteToMessageDecoder.fireChannelRead(ByteToMessageDecoder.java:361) [netty-codec-4.1.137.Final.jar:4.1.137.Final]
	at io.netty.handler.codec.ByteToMessageDecoder.channelRead(ByteToMessageDecoder.java:325) [netty-codec-4.1.137.Final.jar:4.1.137.Final]
	at io.netty.channel.AbstractChannelHandlerContext.invokeChannelRead(AbstractChannelHandlerContext.java:444) [netty-transport-4.1.137.Final.jar:4.1.137.Final]
	at io.netty.channel.AbstractChannelHandlerContext.invokeChannelRead(AbstractChannelHandlerContext.java:420) [netty-transport-4.1.137.Final.jar:4.1.137.Final]
	at io.netty.channel.AbstractChannelHandlerContext.fireChannelRead(AbstractChannelHandlerContext.java:412) [netty-transport-4.1.137.Final.jar:4.1.137.Final]
	at io.netty.channel.DefaultChannelPipeline$HeadContext.channelRead(DefaultChannelPipeline.java:1357) [netty-transport-4.1.137.Final.jar:4.1.137.Final]
	at io.netty.channel.AbstractChannelHandlerContext.invokeChannelRead(AbstractChannelHandlerContext.java:440) [netty-transport-4.1.137.Final.jar:4.1.137.Final]
	at io.netty.channel.AbstractChannelHandlerContext.invokeChannelRead(AbstractChannelHandlerContext.java:420) [netty-transport-4.1.137.Final.jar:4.1.137.Final]
	at io.netty.channel.DefaultChannelPipeline.fireChannelRead(DefaultChannelPipeline.java:868) [netty-transport-4.1.137.Final.jar:4.1.137.Final]
	at io.netty.channel.nio.AbstractNioByteChannel$NioByteUnsafe.read(AbstractNioByteChannel.java:171) [netty-transport-4.1.137.Final.jar:4.1.137.Final]
	at io.netty.channel.nio.NioEventLoop.processSelectedKey(NioEventLoop.java:796) [netty-transport-4.1.137.Final.jar:4.1.137.Final]
	at io.netty.channel.nio.NioEventLoop.processSelectedKeysOptimized(NioEventLoop.java:732) [netty-transport-4.1.137.Final.jar:4.1.137.Final]
	at io.netty.channel.nio.NioEventLoop.processSelectedKeys(NioEventLoop.java:658) [netty-transport-4.1.137.Final.jar:4.1.137.Final]
	at io.netty.channel.nio.NioEventLoop.run(NioEventLoop.java:562) [netty-transport-4.1.137.Final.jar:4.1.137.Final]
	at io.netty.util.concurrent.SingleThreadEventExecutor$4.run(SingleThreadEventExecutor.java:1007) [netty-common-4.1.137.Final.jar:4.1.137.Final]
	at io.netty.util.internal.ThreadExecutorMap$2.run(ThreadExecutorMap.java:74) [netty-common-4.1.137.Final.jar:4.1.137.Final]
	at io.netty.util.concurrent.FastThreadLocalRunnable.run(FastThreadLocalRunnable.java:30) [netty-common-4.1.137.Final.jar:4.1.137.Final]
	at java.base/java.lang.Thread.run(Thread.java:840) [?:?]
2026-08-11 09:59:58.886 INFO  [Thread-0] Main - MiniDB shutting down
2026-08-11 09:59:58.905 INFO  [Thread-0] MiniDbServer - MiniDB server closed
2026-08-11 10:00:05.209 INFO  [main] Main - MiniDB starting on port 8899 with data dir data
2026-08-11 10:00:06.044 INFO  [main] StorageManager - loaded 1 table(s)
2026-08-11 10:00:06.709 INFO  [main] MiniDbServer - MiniDB server bound to port 8899
2026-08-11 10:00:06.710 INFO  [main] Main - MiniDB listening on port 8899
2026-08-11 10:08:28.383 INFO  [nioEventLoopGroup-3-1] SessionHandler - query ok: 0 rows returned in 1173 ms
2026-08-11 10:08:36.127 INFO  [nioEventLoopGroup-3-1] SessionHandler - query ok: 0 rows returned in 7 ms
2026-08-11 10:08:43.566 INFO  [nioEventLoopGroup-3-1] SessionHandler - query ok: 0 rows returned in 11 ms
2026-08-11 10:08:46.665 INFO  [nioEventLoopGroup-3-1] SessionHandler - query ok: 0 rows returned in 6 ms
2026-08-11 10:08:54.975 INFO  [nioEventLoopGroup-3-1] SessionHandler - query ok: 0 rows returned in 4 ms
2026-08-11 10:09:02.264 INFO  [nioEventLoopGroup-3-1] SessionHandler - query ok: 0 rows returned in 7 ms
2026-08-11 10:09:43.787 INFO  [nioEventLoopGroup-3-1] SessionHandler - query ok: 1 rows affected in 52 ms
2026-08-11 10:09:43.812 INFO  [nioEventLoopGroup-3-1] SessionHandler - query ok: 1 rows affected in 5 ms
2026-08-11 10:09:43.850 INFO  [nioEventLoopGroup-3-1] SessionHandler - query ok: 1 rows affected in 5 ms
2026-08-11 10:09:48.469 INFO  [nioEventLoopGroup-3-1] SessionHandler - query ok: 3 rows returned in 12 ms
2026-08-11 13:56:25.529 INFO  [Thread-0] Main - MiniDB shutting down
2026-08-11 13:56:32.258 INFO  [main] Main - MiniDB starting on port 8899 with data dir data
2026-08-11 13:56:33.114 INFO  [main] StorageManager - loaded 1 table(s)
2026-08-11 13:56:33.779 INFO  [main] MiniDbServer - MiniDB server bound to port 8899
2026-08-11 13:56:33.780 INFO  [main] Main - MiniDB listening on port 8899
2026-08-11 13:58:06.527 INFO  [nioEventLoopGroup-3-1] SessionHandler - query ok: 3 rows returned in 1424 ms
2026-08-11 13:58:13.306 INFO  [nioEventLoopGroup-3-1] SessionHandler - query ok: 0 rows affected in 4 ms
2026-08-11 13:58:19.925 INFO  [nioEventLoopGroup-3-1] SessionHandler - query ok: 0 rows returned in 9 ms
2026-08-11 13:58:41.012 INFO  [main] Main - MiniDB starting on port 8899 with data dir data
2026-08-11 13:58:41.760 INFO  [main] StorageManager - loaded 1 table(s)
2026-08-11 13:58:42.415 INFO  [main] MiniDbServer - MiniDB server bound to port 8899
2026-08-11 13:58:42.416 INFO  [main] Main - MiniDB listening on port 8899
2026-08-11 14:05:21.550 INFO  [nioEventLoopGroup-3-1] SessionHandler - query ok: 0 rows returned in 1674 ms
2026-08-11 14:05:32.016 INFO  [Thread-0] Main - MiniDB shutting down
2026-08-11 14:05:43.645 INFO  [main] Main - MiniDB starting on port 8899 with data dir data
2026-08-11 14:05:44.539 INFO  [main] StorageManager - loaded 1 table(s)
2026-08-11 14:05:45.265 INFO  [main] MiniDbServer - MiniDB server bound to port 8899
2026-08-11 14:05:45.266 INFO  [main] Main - MiniDB listening on port 8899
2026-08-11 14:06:07.392 INFO  [nioEventLoopGroup-3-1] SessionHandler - query ok: 0 rows returned in 1214 ms
2026-08-11 14:26:21.364 INFO  [main] Main - MiniDB starting on port 8899 with data dir data
2026-08-11 14:26:22.201 INFO  [main] StorageManager - loaded 1 table(s)
2026-08-11 14:26:22.903 INFO  [main] MiniDbServer - MiniDB server bound to port 8899
2026-08-11 14:26:22.904 INFO  [main] Main - MiniDB listening on port 8899
2026-08-11 14:26:36.090 INFO  [nioEventLoopGroup-3-1] SessionHandler - query ok: 0 rows returned in 1630 ms
2026-08-11 14:26:39.249 INFO  [Thread-0] Main - MiniDB shutting down
2026-08-11 14:26:50.693 INFO  [main] Main - MiniDB starting on port 8899 with data dir data
2026-08-11 14:26:51.401 INFO  [main] StorageManager - loaded 1 table(s)
2026-08-11 14:26:52.057 INFO  [main] MiniDbServer - MiniDB server bound to port 8899
2026-08-11 14:26:52.057 INFO  [main] Main - MiniDB listening on port 8899
2026-08-11 14:26:55.316 INFO  [nioEventLoopGroup-3-1] SessionHandler - query ok: 0 rows returned in 1192 ms
2026-08-11 14:27:03.206 INFO  [nioEventLoopGroup-3-1] SessionHandler - query ok: 1 rows affected in 78 ms
2026-08-11 14:27:03.231 INFO  [nioEventLoopGroup-3-1] SessionHandler - query ok: 1 rows affected in 7 ms
2026-08-11 14:27:03.255 INFO  [nioEventLoopGroup-3-1] SessionHandler - query ok: 1 rows affected in 6 ms
2026-08-11 14:27:21.480 INFO  [nioEventLoopGroup-3-1] SessionHandler - query ok: 3 rows returned in 22 ms
2026-08-11 14:27:52.818 WARN  [nioEventLoopGroup-3-1] SessionHandler - query failed in 64 ms: explan plan for SELECT * FROM t ORDER BY id
java.lang.IllegalArgumentException: Non-query expression encountered in illegal context
	at com.minidb.server.calcite.CalciteContext.parse(CalciteContext.java:56) ~[classes/:?]
	at com.minidb.server.exec.QueryExecutor.execute(QueryExecutor.java:44) ~[classes/:?]
	at com.minidb.server.netty.SessionHandler.handleExecute(SessionHandler.java:41) [classes/:?]
	at com.minidb.server.netty.SessionHandler.channelRead0(SessionHandler.java:31) [classes/:?]
	at com.minidb.server.netty.SessionHandler.channelRead0(SessionHandler.java:16) [classes/:?]
	at io.netty.channel.SimpleChannelInboundHandler.channelRead(SimpleChannelInboundHandler.java:99) [netty-transport-4.1.137.Final.jar:4.1.137.Final]
	at io.netty.channel.AbstractChannelHandlerContext.invokeChannelRead(AbstractChannelHandlerContext.java:444) [netty-transport-4.1.137.Final.jar:4.1.137.Final]
	at io.netty.channel.AbstractChannelHandlerContext.invokeChannelRead(AbstractChannelHandlerContext.java:420) [netty-transport-4.1.137.Final.jar:4.1.137.Final]
	at io.netty.channel.AbstractChannelHandlerContext.fireChannelRead(AbstractChannelHandlerContext.java:412) [netty-transport-4.1.137.Final.jar:4.1.137.Final]
	at io.netty.handler.codec.ByteToMessageDecoder.fireChannelRead(ByteToMessageDecoder.java:361) [netty-codec-4.1.137.Final.jar:4.1.137.Final]
	at io.netty.handler.codec.ByteToMessageDecoder.channelRead(ByteToMessageDecoder.java:325) [netty-codec-4.1.137.Final.jar:4.1.137.Final]
	at io.netty.channel.AbstractChannelHandlerContext.invokeChannelRead(AbstractChannelHandlerContext.java:444) [netty-transport-4.1.137.Final.jar:4.1.137.Final]
	at io.netty.channel.AbstractChannelHandlerContext.invokeChannelRead(AbstractChannelHandlerContext.java:420) [netty-transport-4.1.137.Final.jar:4.1.137.Final]
	at io.netty.channel.AbstractChannelHandlerContext.fireChannelRead(AbstractChannelHandlerContext.java:412) [netty-transport-4.1.137.Final.jar:4.1.137.Final]
	at io.netty.channel.DefaultChannelPipeline$HeadContext.channelRead(DefaultChannelPipeline.java:1357) [netty-transport-4.1.137.Final.jar:4.1.137.Final]
	at io.netty.channel.AbstractChannelHandlerContext.invokeChannelRead(AbstractChannelHandlerContext.java:440) [netty-transport-4.1.137.Final.jar:4.1.137.Final]
	at io.netty.channel.AbstractChannelHandlerContext.invokeChannelRead(AbstractChannelHandlerContext.java:420) [netty-transport-4.1.137.Final.jar:4.1.137.Final]
	at io.netty.channel.DefaultChannelPipeline.fireChannelRead(DefaultChannelPipeline.java:868) [netty-transport-4.1.137.Final.jar:4.1.137.Final]
	at io.netty.channel.nio.AbstractNioByteChannel$NioByteUnsafe.read(AbstractNioByteChannel.java:171) [netty-transport-4.1.137.Final.jar:4.1.137.Final]
	at io.netty.channel.nio.NioEventLoop.processSelectedKey(NioEventLoop.java:796) [netty-transport-4.1.137.Final.jar:4.1.137.Final]
	at io.netty.channel.nio.NioEventLoop.processSelectedKeysOptimized(NioEventLoop.java:732) [netty-transport-4.1.137.Final.jar:4.1.137.Final]
	at io.netty.channel.nio.NioEventLoop.processSelectedKeys(NioEventLoop.java:658) [netty-transport-4.1.137.Final.jar:4.1.137.Final]
	at io.netty.channel.nio.NioEventLoop.run(NioEventLoop.java:562) [netty-transport-4.1.137.Final.jar:4.1.137.Final]
	at io.netty.util.concurrent.SingleThreadEventExecutor$4.run(SingleThreadEventExecutor.java:1007) [netty-common-4.1.137.Final.jar:4.1.137.Final]
	at io.netty.util.internal.ThreadExecutorMap$2.run(ThreadExecutorMap.java:74) [netty-common-4.1.137.Final.jar:4.1.137.Final]
	at io.netty.util.concurrent.FastThreadLocalRunnable.run(FastThreadLocalRunnable.java:30) [netty-common-4.1.137.Final.jar:4.1.137.Final]
	at java.base/java.lang.Thread.run(Thread.java:840) [?:?]
Caused by: org.apache.calcite.sql.parser.SqlParseException: Non-query expression encountered in illegal context
	at org.apache.calcite.sql.parser.ddl.SqlDdlParserImpl.convertException(SqlDdlParserImpl.java:438) ~[calcite-server-1.42.0.jar:1.42.0]
	at org.apache.calcite.sql.parser.ddl.SqlDdlParserImpl.normalizeException(SqlDdlParserImpl.java:184) ~[calcite-server-1.42.0.jar:1.42.0]
	at org.apache.calcite.sql.parser.SqlParser.handleException(SqlParser.java:159) ~[calcite-core-1.42.0.jar:1.42.0]
	at org.apache.calcite.sql.parser.SqlParser.parseQuery(SqlParser.java:174) ~[calcite-core-1.42.0.jar:1.42.0]
	at org.apache.calcite.sql.parser.SqlParser.parseStmt(SqlParser.java:199) ~[calcite-core-1.42.0.jar:1.42.0]
	at com.minidb.server.calcite.CalciteContext.parse(CalciteContext.java:54) ~[classes/:?]
	... 26 more
Caused by: org.apache.calcite.runtime.CalciteException: Non-query expression encountered in illegal context
	at java.base/jdk.internal.reflect.NativeConstructorAccessorImpl.newInstance0(Native Method) ~[?:?]
	at java.base/jdk.internal.reflect.NativeConstructorAccessorImpl.newInstance(NativeConstructorAccessorImpl.java:77) ~[?:?]
	at java.base/jdk.internal.reflect.DelegatingConstructorAccessorImpl.newInstance(DelegatingConstructorAccessorImpl.java:45) ~[?:?]
	at java.base/java.lang.reflect.Constructor.newInstanceWithCaller(Constructor.java:500) ~[?:?]
	at java.base/java.lang.reflect.Constructor.newInstance(Constructor.java:481) ~[?:?]
	at org.apache.calcite.runtime.Resources$ExInstWithCause.ex(Resources.java:511) ~[calcite-core-1.42.0.jar:1.42.0]
	at org.apache.calcite.runtime.Resources$ExInst.ex(Resources.java:605) ~[calcite-core-1.42.0.jar:1.42.0]
	at org.apache.calcite.sql.SqlUtil.newContextException(SqlUtil.java:960) ~[calcite-core-1.42.0.jar:1.42.0]
	at org.apache.calcite.sql.SqlUtil.newContextException(SqlUtil.java:945) ~[calcite-core-1.42.0.jar:1.42.0]
	at org.apache.calcite.sql.parser.ddl.SqlDdlParserImpl.checkNonQueryExpression(SqlDdlParserImpl.java:354) ~[calcite-server-1.42.0.jar:1.42.0]
	at org.apache.calcite.sql.parser.ddl.SqlDdlParserImpl.Expression3(SqlDdlParserImpl.java:12942) ~[calcite-server-1.42.0.jar:1.42.0]
	at org.apache.calcite.sql.parser.ddl.SqlDdlParserImpl.AddExpression2b(SqlDdlParserImpl.java:12556) ~[calcite-server-1.42.0.jar:1.42.0]
	at org.apache.calcite.sql.parser.ddl.SqlDdlParserImpl.Expression2(SqlDdlParserImpl.java:12599) ~[calcite-server-1.42.0.jar:1.42.0]
	at org.apache.calcite.sql.parser.ddl.SqlDdlParserImpl.Expression(SqlDdlParserImpl.java:12075) ~[calcite-server-1.42.0.jar:1.42.0]
	at org.apache.calcite.sql.parser.ddl.SqlDdlParserImpl.LeafQueryOrExpr(SqlDdlParserImpl.java:12053) ~[calcite-server-1.42.0.jar:1.42.0]
	at org.apache.calcite.sql.parser.ddl.SqlDdlParserImpl.QueryOrExpr(SqlDdlParserImpl.java:11873) ~[calcite-server-1.42.0.jar:1.42.0]
	at org.apache.calcite.sql.parser.ddl.SqlDdlParserImpl.OrderedQueryOrExpr(SqlDdlParserImpl.java:609) ~[calcite-server-1.42.0.jar:1.42.0]
	at org.apache.calcite.sql.parser.ddl.SqlDdlParserImpl.SqlStmt(SqlDdlParserImpl.java:1238) ~[calcite-server-1.42.0.jar:1.42.0]
	at org.apache.calcite.sql.parser.ddl.SqlDdlParserImpl.SqlStmtEof(SqlDdlParserImpl.java:1279) ~[calcite-server-1.42.0.jar:1.42.0]
	at org.apache.calcite.sql.parser.ddl.SqlDdlParserImpl.parseSqlStmtEof(SqlDdlParserImpl.java:232) ~[calcite-server-1.42.0.jar:1.42.0]
	at org.apache.calcite.sql.parser.SqlParser.parseQuery(SqlParser.java:172) ~[calcite-core-1.42.0.jar:1.42.0]
	at org.apache.calcite.sql.parser.SqlParser.parseStmt(SqlParser.java:199) ~[calcite-core-1.42.0.jar:1.42.0]
	at com.minidb.server.calcite.CalciteContext.parse(CalciteContext.java:54) ~[classes/:?]
	... 26 more
2026-08-11 14:28:12.870 WARN  [nioEventLoopGroup-3-1] SessionHandler - query failed in 0 ms: explan plan for SELECT * FROM t ORDER BY id
java.lang.IllegalArgumentException: Non-query expression encountered in illegal context
	at com.minidb.server.calcite.CalciteContext.parse(CalciteContext.java:56) ~[classes/:?]
	at com.minidb.server.exec.QueryExecutor.execute(QueryExecutor.java:44) ~[classes/:?]
	at com.minidb.server.netty.SessionHandler.handleExecute(SessionHandler.java:41) [classes/:?]
	at com.minidb.server.netty.SessionHandler.channelRead0(SessionHandler.java:31) [classes/:?]
	at com.minidb.server.netty.SessionHandler.channelRead0(SessionHandler.java:16) [classes/:?]
	at io.netty.channel.SimpleChannelInboundHandler.channelRead(SimpleChannelInboundHandler.java:99) [netty-transport-4.1.137.Final.jar:4.1.137.Final]
	at io.netty.channel.AbstractChannelHandlerContext.invokeChannelRead(AbstractChannelHandlerContext.java:444) [netty-transport-4.1.137.Final.jar:4.1.137.Final]
	at io.netty.channel.AbstractChannelHandlerContext.invokeChannelRead(AbstractChannelHandlerContext.java:420) [netty-transport-4.1.137.Final.jar:4.1.137.Final]
	at io.netty.channel.AbstractChannelHandlerContext.fireChannelRead(AbstractChannelHandlerContext.java:412) [netty-transport-4.1.137.Final.jar:4.1.137.Final]
	at io.netty.handler.codec.ByteToMessageDecoder.fireChannelRead(ByteToMessageDecoder.java:361) [netty-codec-4.1.137.Final.jar:4.1.137.Final]
	at io.netty.handler.codec.ByteToMessageDecoder.channelRead(ByteToMessageDecoder.java:325) [netty-codec-4.1.137.Final.jar:4.1.137.Final]
	at io.netty.channel.AbstractChannelHandlerContext.invokeChannelRead(AbstractChannelHandlerContext.java:444) [netty-transport-4.1.137.Final.jar:4.1.137.Final]
	at io.netty.channel.AbstractChannelHandlerContext.invokeChannelRead(AbstractChannelHandlerContext.java:420) [netty-transport-4.1.137.Final.jar:4.1.137.Final]
	at io.netty.channel.AbstractChannelHandlerContext.fireChannelRead(AbstractChannelHandlerContext.java:412) [netty-transport-4.1.137.Final.jar:4.1.137.Final]
	at io.netty.channel.DefaultChannelPipeline$HeadContext.channelRead(DefaultChannelPipeline.java:1357) [netty-transport-4.1.137.Final.jar:4.1.137.Final]
	at io.netty.channel.AbstractChannelHandlerContext.invokeChannelRead(AbstractChannelHandlerContext.java:440) [netty-transport-4.1.137.Final.jar:4.1.137.Final]
	at io.netty.channel.AbstractChannelHandlerContext.invokeChannelRead(AbstractChannelHandlerContext.java:420) [netty-transport-4.1.137.Final.jar:4.1.137.Final]
	at io.netty.channel.DefaultChannelPipeline.fireChannelRead(DefaultChannelPipeline.java:868) [netty-transport-4.1.137.Final.jar:4.1.137.Final]
	at io.netty.channel.nio.AbstractNioByteChannel$NioByteUnsafe.read(AbstractNioByteChannel.java:171) [netty-transport-4.1.137.Final.jar:4.1.137.Final]
	at io.netty.channel.nio.NioEventLoop.processSelectedKey(NioEventLoop.java:796) [netty-transport-4.1.137.Final.jar:4.1.137.Final]
	at io.netty.channel.nio.NioEventLoop.processSelectedKeysOptimized(NioEventLoop.java:732) [netty-transport-4.1.137.Final.jar:4.1.137.Final]
	at io.netty.channel.nio.NioEventLoop.processSelectedKeys(NioEventLoop.java:658) [netty-transport-4.1.137.Final.jar:4.1.137.Final]
	at io.netty.channel.nio.NioEventLoop.run(NioEventLoop.java:562) [netty-transport-4.1.137.Final.jar:4.1.137.Final]
	at io.netty.util.concurrent.SingleThreadEventExecutor$4.run(SingleThreadEventExecutor.java:1007) [netty-common-4.1.137.Final.jar:4.1.137.Final]
	at io.netty.util.internal.ThreadExecutorMap$2.run(ThreadExecutorMap.java:74) [netty-common-4.1.137.Final.jar:4.1.137.Final]
	at io.netty.util.concurrent.FastThreadLocalRunnable.run(FastThreadLocalRunnable.java:30) [netty-common-4.1.137.Final.jar:4.1.137.Final]
	at java.base/java.lang.Thread.run(Thread.java:840) [?:?]
Caused by: org.apache.calcite.sql.parser.SqlParseException: Non-query expression encountered in illegal context
	at org.apache.calcite.sql.parser.ddl.SqlDdlParserImpl.convertException(SqlDdlParserImpl.java:438) ~[calcite-server-1.42.0.jar:1.42.0]
	at org.apache.calcite.sql.parser.ddl.SqlDdlParserImpl.normalizeException(SqlDdlParserImpl.java:184) ~[calcite-server-1.42.0.jar:1.42.0]
	at org.apache.calcite.sql.parser.SqlParser.handleException(SqlParser.java:159) ~[calcite-core-1.42.0.jar:1.42.0]
	at org.apache.calcite.sql.parser.SqlParser.parseQuery(SqlParser.java:174) ~[calcite-core-1.42.0.jar:1.42.0]
	at org.apache.calcite.sql.parser.SqlParser.parseStmt(SqlParser.java:199) ~[calcite-core-1.42.0.jar:1.42.0]
	at com.minidb.server.calcite.CalciteContext.parse(CalciteContext.java:54) ~[classes/:?]
	... 26 more
Caused by: org.apache.calcite.runtime.CalciteException: Non-query expression encountered in illegal context
	at java.base/jdk.internal.reflect.NativeConstructorAccessorImpl.newInstance0(Native Method) ~[?:?]
	at java.base/jdk.internal.reflect.NativeConstructorAccessorImpl.newInstance(NativeConstructorAccessorImpl.java:77) ~[?:?]
	at java.base/jdk.internal.reflect.DelegatingConstructorAccessorImpl.newInstance(DelegatingConstructorAccessorImpl.java:45) ~[?:?]
	at java.base/java.lang.reflect.Constructor.newInstanceWithCaller(Constructor.java:500) ~[?:?]
	at java.base/java.lang.reflect.Constructor.newInstance(Constructor.java:481) ~[?:?]
	at org.apache.calcite.runtime.Resources$ExInstWithCause.ex(Resources.java:511) ~[calcite-core-1.42.0.jar:1.42.0]
	at org.apache.calcite.runtime.Resources$ExInst.ex(Resources.java:605) ~[calcite-core-1.42.0.jar:1.42.0]
	at org.apache.calcite.sql.SqlUtil.newContextException(SqlUtil.java:960) ~[calcite-core-1.42.0.jar:1.42.0]
	at org.apache.calcite.sql.SqlUtil.newContextException(SqlUtil.java:945) ~[calcite-core-1.42.0.jar:1.42.0]
	at org.apache.calcite.sql.parser.ddl.SqlDdlParserImpl.checkNonQueryExpression(SqlDdlParserImpl.java:354) ~[calcite-server-1.42.0.jar:1.42.0]
	at org.apache.calcite.sql.parser.ddl.SqlDdlParserImpl.Expression3(SqlDdlParserImpl.java:12942) ~[calcite-server-1.42.0.jar:1.42.0]
	at org.apache.calcite.sql.parser.ddl.SqlDdlParserImpl.AddExpression2b(SqlDdlParserImpl.java:12556) ~[calcite-server-1.42.0.jar:1.42.0]
	at org.apache.calcite.sql.parser.ddl.SqlDdlParserImpl.Expression2(SqlDdlParserImpl.java:12599) ~[calcite-server-1.42.0.jar:1.42.0]
	at org.apache.calcite.sql.parser.ddl.SqlDdlParserImpl.Expression(SqlDdlParserImpl.java:12075) ~[calcite-server-1.42.0.jar:1.42.0]
	at org.apache.calcite.sql.parser.ddl.SqlDdlParserImpl.LeafQueryOrExpr(SqlDdlParserImpl.java:12053) ~[calcite-server-1.42.0.jar:1.42.0]
	at org.apache.calcite.sql.parser.ddl.SqlDdlParserImpl.QueryOrExpr(SqlDdlParserImpl.java:11873) ~[calcite-server-1.42.0.jar:1.42.0]
	at org.apache.calcite.sql.parser.ddl.SqlDdlParserImpl.OrderedQueryOrExpr(SqlDdlParserImpl.java:609) ~[calcite-server-1.42.0.jar:1.42.0]
	at org.apache.calcite.sql.parser.ddl.SqlDdlParserImpl.SqlStmt(SqlDdlParserImpl.java:1238) ~[calcite-server-1.42.0.jar:1.42.0]
	at org.apache.calcite.sql.parser.ddl.SqlDdlParserImpl.SqlStmtEof(SqlDdlParserImpl.java:1279) ~[calcite-server-1.42.0.jar:1.42.0]
	at org.apache.calcite.sql.parser.ddl.SqlDdlParserImpl.parseSqlStmtEof(SqlDdlParserImpl.java:232) ~[calcite-server-1.42.0.jar:1.42.0]
	at org.apache.calcite.sql.parser.SqlParser.parseQuery(SqlParser.java:172) ~[calcite-core-1.42.0.jar:1.42.0]
	at org.apache.calcite.sql.parser.SqlParser.parseStmt(SqlParser.java:199) ~[calcite-core-1.42.0.jar:1.42.0]
	at com.minidb.server.calcite.CalciteContext.parse(CalciteContext.java:54) ~[classes/:?]
	... 26 more
2026-08-11 14:28:17.805 WARN  [nioEventLoopGroup-3-1] SessionHandler - query failed in 0 ms: explan plan for SELECT * FROM t ORDER BY id
java.lang.IllegalArgumentException: Non-query expression encountered in illegal context
	at com.minidb.server.calcite.CalciteContext.parse(CalciteContext.java:56) ~[classes/:?]
	at com.minidb.server.exec.QueryExecutor.execute(QueryExecutor.java:44) ~[classes/:?]
	at com.minidb.server.netty.SessionHandler.handleExecute(SessionHandler.java:41) [classes/:?]
	at com.minidb.server.netty.SessionHandler.channelRead0(SessionHandler.java:31) [classes/:?]
	at com.minidb.server.netty.SessionHandler.channelRead0(SessionHandler.java:16) [classes/:?]
	at io.netty.channel.SimpleChannelInboundHandler.channelRead(SimpleChannelInboundHandler.java:99) [netty-transport-4.1.137.Final.jar:4.1.137.Final]
	at io.netty.channel.AbstractChannelHandlerContext.invokeChannelRead(AbstractChannelHandlerContext.java:444) [netty-transport-4.1.137.Final.jar:4.1.137.Final]
	at io.netty.channel.AbstractChannelHandlerContext.invokeChannelRead(AbstractChannelHandlerContext.java:420) [netty-transport-4.1.137.Final.jar:4.1.137.Final]
	at io.netty.channel.AbstractChannelHandlerContext.fireChannelRead(AbstractChannelHandlerContext.java:412) [netty-transport-4.1.137.Final.jar:4.1.137.Final]
	at io.netty.handler.codec.ByteToMessageDecoder.fireChannelRead(ByteToMessageDecoder.java:361) [netty-codec-4.1.137.Final.jar:4.1.137.Final]
	at io.netty.handler.codec.ByteToMessageDecoder.channelRead(ByteToMessageDecoder.java:325) [netty-codec-4.1.137.Final.jar:4.1.137.Final]
	at io.netty.channel.AbstractChannelHandlerContext.invokeChannelRead(AbstractChannelHandlerContext.java:444) [netty-transport-4.1.137.Final.jar:4.1.137.Final]
	at io.netty.channel.AbstractChannelHandlerContext.invokeChannelRead(AbstractChannelHandlerContext.java:420) [netty-transport-4.1.137.Final.jar:4.1.137.Final]
	at io.netty.channel.AbstractChannelHandlerContext.fireChannelRead(AbstractChannelHandlerContext.java:412) [netty-transport-4.1.137.Final.jar:4.1.137.Final]
	at io.netty.channel.DefaultChannelPipeline$HeadContext.channelRead(DefaultChannelPipeline.java:1357) [netty-transport-4.1.137.Final.jar:4.1.137.Final]
	at io.netty.channel.AbstractChannelHandlerContext.invokeChannelRead(AbstractChannelHandlerContext.java:440) [netty-transport-4.1.137.Final.jar:4.1.137.Final]
	at io.netty.channel.AbstractChannelHandlerContext.invokeChannelRead(AbstractChannelHandlerContext.java:420) [netty-transport-4.1.137.Final.jar:4.1.137.Final]
	at io.netty.channel.DefaultChannelPipeline.fireChannelRead(DefaultChannelPipeline.java:868) [netty-transport-4.1.137.Final.jar:4.1.137.Final]
	at io.netty.channel.nio.AbstractNioByteChannel$NioByteUnsafe.read(AbstractNioByteChannel.java:171) [netty-transport-4.1.137.Final.jar:4.1.137.Final]
	at io.netty.channel.nio.NioEventLoop.processSelectedKey(NioEventLoop.java:796) [netty-transport-4.1.137.Final.jar:4.1.137.Final]
	at io.netty.channel.nio.NioEventLoop.processSelectedKeysOptimized(NioEventLoop.java:732) [netty-transport-4.1.137.Final.jar:4.1.137.Final]
	at io.netty.channel.nio.NioEventLoop.processSelectedKeys(NioEventLoop.java:658) [netty-transport-4.1.137.Final.jar:4.1.137.Final]
	at io.netty.channel.nio.NioEventLoop.run(NioEventLoop.java:562) [netty-transport-4.1.137.Final.jar:4.1.137.Final]
	at io.netty.util.concurrent.SingleThreadEventExecutor$4.run(SingleThreadEventExecutor.java:1007) [netty-common-4.1.137.Final.jar:4.1.137.Final]
	at io.netty.util.internal.ThreadExecutorMap$2.run(ThreadExecutorMap.java:74) [netty-common-4.1.137.Final.jar:4.1.137.Final]
	at io.netty.util.concurrent.FastThreadLocalRunnable.run(FastThreadLocalRunnable.java:30) [netty-common-4.1.137.Final.jar:4.1.137.Final]
	at java.base/java.lang.Thread.run(Thread.java:840) [?:?]
Caused by: org.apache.calcite.sql.parser.SqlParseException: Non-query expression encountered in illegal context
	at org.apache.calcite.sql.parser.ddl.SqlDdlParserImpl.convertException(SqlDdlParserImpl.java:438) ~[calcite-server-1.42.0.jar:1.42.0]
	at org.apache.calcite.sql.parser.ddl.SqlDdlParserImpl.normalizeException(SqlDdlParserImpl.java:184) ~[calcite-server-1.42.0.jar:1.42.0]
	at org.apache.calcite.sql.parser.SqlParser.handleException(SqlParser.java:159) ~[calcite-core-1.42.0.jar:1.42.0]
	at org.apache.calcite.sql.parser.SqlParser.parseQuery(SqlParser.java:174) ~[calcite-core-1.42.0.jar:1.42.0]
	at org.apache.calcite.sql.parser.SqlParser.parseStmt(SqlParser.java:199) ~[calcite-core-1.42.0.jar:1.42.0]
	at com.minidb.server.calcite.CalciteContext.parse(CalciteContext.java:54) ~[classes/:?]
	... 26 more
Caused by: org.apache.calcite.runtime.CalciteException: Non-query expression encountered in illegal context
	at java.base/jdk.internal.reflect.NativeConstructorAccessorImpl.newInstance0(Native Method) ~[?:?]
	at java.base/jdk.internal.reflect.NativeConstructorAccessorImpl.newInstance(NativeConstructorAccessorImpl.java:77) ~[?:?]
	at java.base/jdk.internal.reflect.DelegatingConstructorAccessorImpl.newInstance(DelegatingConstructorAccessorImpl.java:45) ~[?:?]
	at java.base/java.lang.reflect.Constructor.newInstanceWithCaller(Constructor.java:500) ~[?:?]
	at java.base/java.lang.reflect.Constructor.newInstance(Constructor.java:481) ~[?:?]
	at org.apache.calcite.runtime.Resources$ExInstWithCause.ex(Resources.java:511) ~[calcite-core-1.42.0.jar:1.42.0]
	at org.apache.calcite.runtime.Resources$ExInst.ex(Resources.java:605) ~[calcite-core-1.42.0.jar:1.42.0]
	at org.apache.calcite.sql.SqlUtil.newContextException(SqlUtil.java:960) ~[calcite-core-1.42.0.jar:1.42.0]
	at org.apache.calcite.sql.SqlUtil.newContextException(SqlUtil.java:945) ~[calcite-core-1.42.0.jar:1.42.0]
	at org.apache.calcite.sql.parser.ddl.SqlDdlParserImpl.checkNonQueryExpression(SqlDdlParserImpl.java:354) ~[calcite-server-1.42.0.jar:1.42.0]
	at org.apache.calcite.sql.parser.ddl.SqlDdlParserImpl.Expression3(SqlDdlParserImpl.java:12942) ~[calcite-server-1.42.0.jar:1.42.0]
	at org.apache.calcite.sql.parser.ddl.SqlDdlParserImpl.AddExpression2b(SqlDdlParserImpl.java:12556) ~[calcite-server-1.42.0.jar:1.42.0]
	at org.apache.calcite.sql.parser.ddl.SqlDdlParserImpl.Expression2(SqlDdlParserImpl.java:12599) ~[calcite-server-1.42.0.jar:1.42.0]
	at org.apache.calcite.sql.parser.ddl.SqlDdlParserImpl.Expression(SqlDdlParserImpl.java:12075) ~[calcite-server-1.42.0.jar:1.42.0]
	at org.apache.calcite.sql.parser.ddl.SqlDdlParserImpl.LeafQueryOrExpr(SqlDdlParserImpl.java:12053) ~[calcite-server-1.42.0.jar:1.42.0]
	at org.apache.calcite.sql.parser.ddl.SqlDdlParserImpl.QueryOrExpr(SqlDdlParserImpl.java:11873) ~[calcite-server-1.42.0.jar:1.42.0]
	at org.apache.calcite.sql.parser.ddl.SqlDdlParserImpl.OrderedQueryOrExpr(SqlDdlParserImpl.java:609) ~[calcite-server-1.42.0.jar:1.42.0]
	at org.apache.calcite.sql.parser.ddl.SqlDdlParserImpl.SqlStmt(SqlDdlParserImpl.java:1238) ~[calcite-server-1.42.0.jar:1.42.0]
	at org.apache.calcite.sql.parser.ddl.SqlDdlParserImpl.SqlStmtEof(SqlDdlParserImpl.java:1279) ~[calcite-server-1.42.0.jar:1.42.0]
	at org.apache.calcite.sql.parser.ddl.SqlDdlParserImpl.parseSqlStmtEof(SqlDdlParserImpl.java:232) ~[calcite-server-1.42.0.jar:1.42.0]
	at org.apache.calcite.sql.parser.SqlParser.parseQuery(SqlParser.java:172) ~[calcite-core-1.42.0.jar:1.42.0]
	at org.apache.calcite.sql.parser.SqlParser.parseStmt(SqlParser.java:199) ~[calcite-core-1.42.0.jar:1.42.0]
	at com.minidb.server.calcite.CalciteContext.parse(CalciteContext.java:54) ~[classes/:?]
	... 26 more
2026-08-11 14:29:17.060 WARN  [nioEventLoopGroup-3-1] SessionHandler - query failed in 34241 ms: explain plan for SELECT * FROM t ORDER BY id
java.lang.NullPointerException: namespace for SELECT *
FROM `t`
ORDER BY `id`, scope org.apache.calcite.sql.validate.CatalogScope@197c1916
	at java.base/java.util.Objects.requireNonNull(Objects.java:336) ~[?:?]
	at org.apache.calcite.sql.validate.SqlValidatorImpl.getNamespaceOrThrow(SqlValidatorImpl.java:1716) ~[calcite-core-1.42.0.jar:1.42.0]
	at org.apache.calcite.sql.validate.SqlValidatorImpl.validateQuery(SqlValidatorImpl.java:1440) ~[calcite-core-1.42.0.jar:1.42.0]
	at org.apache.calcite.sql.SqlSelect.validate(SqlSelect.java:292) ~[calcite-core-1.42.0.jar:1.42.0]
	at org.apache.calcite.sql.SqlNode.validateExpr(SqlNode.java:276) ~[calcite-core-1.42.0.jar:1.42.0]
	at org.apache.calcite.sql.SqlOperator.validateCall(SqlOperator.java:503) ~[calcite-core-1.42.0.jar:1.42.0]
	at org.apache.calcite.sql.validate.SqlValidatorImpl.validateCall(SqlValidatorImpl.java:7101) ~[calcite-core-1.42.0.jar:1.42.0]
	at org.apache.calcite.sql.SqlCall.validate(SqlCall.java:152) ~[calcite-core-1.42.0.jar:1.42.0]
	at org.apache.calcite.sql.validate.SqlValidatorImpl.validateScopedExpression(SqlValidatorImpl.java:1428) ~[calcite-core-1.42.0.jar:1.42.0]
	at org.apache.calcite.sql.validate.SqlValidatorImpl.validate(SqlValidatorImpl.java:1134) ~[calcite-core-1.42.0.jar:1.42.0]
	at com.minidb.server.calcite.CalciteContext.planInCluster(CalciteContext.java:76) ~[classes/:?]
	at com.minidb.server.plan.Planner.plan(Planner.java:32) ~[classes/:?]
	at com.minidb.server.exec.QueryExecutor.execute(QueryExecutor.java:54) ~[classes/:?]
	at com.minidb.server.netty.SessionHandler.handleExecute(SessionHandler.java:41) [classes/:?]
	at com.minidb.server.netty.SessionHandler.channelRead0(SessionHandler.java:31) [classes/:?]
	at com.minidb.server.netty.SessionHandler.channelRead0(SessionHandler.java:16) [classes/:?]
	at io.netty.channel.SimpleChannelInboundHandler.channelRead(SimpleChannelInboundHandler.java:99) [netty-transport-4.1.137.Final.jar:4.1.137.Final]
	at io.netty.channel.AbstractChannelHandlerContext.invokeChannelRead(AbstractChannelHandlerContext.java:444) [netty-transport-4.1.137.Final.jar:4.1.137.Final]
	at io.netty.channel.AbstractChannelHandlerContext.invokeChannelRead(AbstractChannelHandlerContext.java:420) [netty-transport-4.1.137.Final.jar:4.1.137.Final]
	at io.netty.channel.AbstractChannelHandlerContext.fireChannelRead(AbstractChannelHandlerContext.java:412) [netty-transport-4.1.137.Final.jar:4.1.137.Final]
	at io.netty.handler.codec.ByteToMessageDecoder.fireChannelRead(ByteToMessageDecoder.java:361) [netty-codec-4.1.137.Final.jar:4.1.137.Final]
	at io.netty.handler.codec.ByteToMessageDecoder.channelRead(ByteToMessageDecoder.java:325) [netty-codec-4.1.137.Final.jar:4.1.137.Final]
	at io.netty.channel.AbstractChannelHandlerContext.invokeChannelRead(AbstractChannelHandlerContext.java:444) [netty-transport-4.1.137.Final.jar:4.1.137.Final]
	at io.netty.channel.AbstractChannelHandlerContext.invokeChannelRead(AbstractChannelHandlerContext.java:420) [netty-transport-4.1.137.Final.jar:4.1.137.Final]
	at io.netty.channel.AbstractChannelHandlerContext.fireChannelRead(AbstractChannelHandlerContext.java:412) [netty-transport-4.1.137.Final.jar:4.1.137.Final]
	at io.netty.channel.DefaultChannelPipeline$HeadContext.channelRead(DefaultChannelPipeline.java:1357) [netty-transport-4.1.137.Final.jar:4.1.137.Final]
	at io.netty.channel.AbstractChannelHandlerContext.invokeChannelRead(AbstractChannelHandlerContext.java:440) [netty-transport-4.1.137.Final.jar:4.1.137.Final]
	at io.netty.channel.AbstractChannelHandlerContext.invokeChannelRead(AbstractChannelHandlerContext.java:420) [netty-transport-4.1.137.Final.jar:4.1.137.Final]
	at io.netty.channel.DefaultChannelPipeline.fireChannelRead(DefaultChannelPipeline.java:868) [netty-transport-4.1.137.Final.jar:4.1.137.Final]
	at io.netty.channel.nio.AbstractNioByteChannel$NioByteUnsafe.read(AbstractNioByteChannel.java:171) [netty-transport-4.1.137.Final.jar:4.1.137.Final]
	at io.netty.channel.nio.NioEventLoop.processSelectedKey(NioEventLoop.java:796) [netty-transport-4.1.137.Final.jar:4.1.137.Final]
	at io.netty.channel.nio.NioEventLoop.processSelectedKeysOptimized(NioEventLoop.java:732) [netty-transport-4.1.137.Final.jar:4.1.137.Final]
	at io.netty.channel.nio.NioEventLoop.processSelectedKeys(NioEventLoop.java:658) [netty-transport-4.1.137.Final.jar:4.1.137.Final]
	at io.netty.channel.nio.NioEventLoop.run(NioEventLoop.java:562) [netty-transport-4.1.137.Final.jar:4.1.137.Final]
	at io.netty.util.concurrent.SingleThreadEventExecutor$4.run(SingleThreadEventExecutor.java:1007) [netty-common-4.1.137.Final.jar:4.1.137.Final]
	at io.netty.util.internal.ThreadExecutorMap$2.run(ThreadExecutorMap.java:74) [netty-common-4.1.137.Final.jar:4.1.137.Final]
	at io.netty.util.concurrent.FastThreadLocalRunnable.run(FastThreadLocalRunnable.java:30) [netty-common-4.1.137.Final.jar:4.1.137.Final]
	at java.base/java.lang.Thread.run(Thread.java:840) [?:?]
2026-08-11 14:47:38.781 INFO  [nioEventLoopGroup-3-1] SessionHandler - query ok: 3 rows returned in 2981 ms
2026-08-11 14:47:45.460 INFO  [nioEventLoopGroup-3-1] SessionHandler - query ok: 3 rows returned in 9 ms
2026-08-11 16:10:02.008 INFO  [Thread-0] Main - MiniDB shutting down
2026-08-11 16:10:05.083 INFO  [main] Main - MiniDB starting on port 8899 with data dir data
2026-08-11 16:10:05.823 INFO  [main] StorageManager - loaded 1 table(s)
2026-08-11 16:10:06.512 INFO  [main] MiniDbServer - MiniDB server bound to port 8899
2026-08-11 16:10:06.513 INFO  [main] Main - MiniDB listening on port 8899
2026-08-11 16:10:23.814 WARN  [nioEventLoopGroup-3-1] SessionHandler - query failed in 766 ms: explain plan for SELECT * FROM t ORDER BY id
java.lang.NullPointerException: namespace for SELECT *
FROM `t`
ORDER BY `id`, scope org.apache.calcite.sql.validate.CatalogScope@1df4f17d
	at java.base/java.util.Objects.requireNonNull(Objects.java:336) ~[?:?]
	at org.apache.calcite.sql.validate.SqlValidatorImpl.getNamespaceOrThrow(SqlValidatorImpl.java:1716) ~[calcite-core-1.42.0.jar:1.42.0]
	at org.apache.calcite.sql.validate.SqlValidatorImpl.validateQuery(SqlValidatorImpl.java:1440) ~[calcite-core-1.42.0.jar:1.42.0]
	at org.apache.calcite.sql.SqlSelect.validate(SqlSelect.java:292) ~[calcite-core-1.42.0.jar:1.42.0]
	at org.apache.calcite.sql.SqlNode.validateExpr(SqlNode.java:276) ~[calcite-core-1.42.0.jar:1.42.0]
	at org.apache.calcite.sql.SqlOperator.validateCall(SqlOperator.java:503) ~[calcite-core-1.42.0.jar:1.42.0]
	at org.apache.calcite.sql.validate.SqlValidatorImpl.validateCall(SqlValidatorImpl.java:7101) ~[calcite-core-1.42.0.jar:1.42.0]
	at org.apache.calcite.sql.SqlCall.validate(SqlCall.java:152) ~[calcite-core-1.42.0.jar:1.42.0]
	at org.apache.calcite.sql.validate.SqlValidatorImpl.validateScopedExpression(SqlValidatorImpl.java:1428) ~[calcite-core-1.42.0.jar:1.42.0]
	at org.apache.calcite.sql.validate.SqlValidatorImpl.validate(SqlValidatorImpl.java:1134) ~[calcite-core-1.42.0.jar:1.42.0]
	at com.minidb.server.calcite.CalciteContext.planInCluster(CalciteContext.java:76) ~[classes/:?]
	at com.minidb.server.plan.Planner.plan(Planner.java:32) ~[classes/:?]
	at com.minidb.server.exec.QueryExecutor.execute(QueryExecutor.java:60) ~[classes/:?]
	at com.minidb.server.netty.SessionHandler.handleExecute(SessionHandler.java:41) [classes/:?]
	at com.minidb.server.netty.SessionHandler.channelRead0(SessionHandler.java:31) [classes/:?]
	at com.minidb.server.netty.SessionHandler.channelRead0(SessionHandler.java:16) [classes/:?]
	at io.netty.channel.SimpleChannelInboundHandler.channelRead(SimpleChannelInboundHandler.java:99) [netty-transport-4.1.137.Final.jar:4.1.137.Final]
	at io.netty.channel.AbstractChannelHandlerContext.invokeChannelRead(AbstractChannelHandlerContext.java:444) [netty-transport-4.1.137.Final.jar:4.1.137.Final]
	at io.netty.channel.AbstractChannelHandlerContext.invokeChannelRead(AbstractChannelHandlerContext.java:420) [netty-transport-4.1.137.Final.jar:4.1.137.Final]
	at io.netty.channel.AbstractChannelHandlerContext.fireChannelRead(AbstractChannelHandlerContext.java:412) [netty-transport-4.1.137.Final.jar:4.1.137.Final]
	at io.netty.handler.codec.ByteToMessageDecoder.fireChannelRead(ByteToMessageDecoder.java:361) [netty-codec-4.1.137.Final.jar:4.1.137.Final]
	at io.netty.handler.codec.ByteToMessageDecoder.channelRead(ByteToMessageDecoder.java:325) [netty-codec-4.1.137.Final.jar:4.1.137.Final]
	at io.netty.channel.AbstractChannelHandlerContext.invokeChannelRead(AbstractChannelHandlerContext.java:444) [netty-transport-4.1.137.Final.jar:4.1.137.Final]
	at io.netty.channel.AbstractChannelHandlerContext.invokeChannelRead(AbstractChannelHandlerContext.java:420) [netty-transport-4.1.137.Final.jar:4.1.137.Final]
	at io.netty.channel.AbstractChannelHandlerContext.fireChannelRead(AbstractChannelHandlerContext.java:412) [netty-transport-4.1.137.Final.jar:4.1.137.Final]
	at io.netty.channel.DefaultChannelPipeline$HeadContext.channelRead(DefaultChannelPipeline.java:1357) [netty-transport-4.1.137.Final.jar:4.1.137.Final]
	at io.netty.channel.AbstractChannelHandlerContext.invokeChannelRead(AbstractChannelHandlerContext.java:440) [netty-transport-4.1.137.Final.jar:4.1.137.Final]
	at io.netty.channel.AbstractChannelHandlerContext.invokeChannelRead(AbstractChannelHandlerContext.java:420) [netty-transport-4.1.137.Final.jar:4.1.137.Final]
	at io.netty.channel.DefaultChannelPipeline.fireChannelRead(DefaultChannelPipeline.java:868) [netty-transport-4.1.137.Final.jar:4.1.137.Final]
	at io.netty.channel.nio.AbstractNioByteChannel$NioByteUnsafe.read(AbstractNioByteChannel.java:171) [netty-transport-4.1.137.Final.jar:4.1.137.Final]
	at io.netty.channel.nio.NioEventLoop.processSelectedKey(NioEventLoop.java:796) [netty-transport-4.1.137.Final.jar:4.1.137.Final]
	at io.netty.channel.nio.NioEventLoop.processSelectedKeysOptimized(NioEventLoop.java:732) [netty-transport-4.1.137.Final.jar:4.1.137.Final]
	at io.netty.channel.nio.NioEventLoop.processSelectedKeys(NioEventLoop.java:658) [netty-transport-4.1.137.Final.jar:4.1.137.Final]
	at io.netty.channel.nio.NioEventLoop.run(NioEventLoop.java:562) [netty-transport-4.1.137.Final.jar:4.1.137.Final]
	at io.netty.util.concurrent.SingleThreadEventExecutor$4.run(SingleThreadEventExecutor.java:1007) [netty-common-4.1.137.Final.jar:4.1.137.Final]
	at io.netty.util.internal.ThreadExecutorMap$2.run(ThreadExecutorMap.java:74) [netty-common-4.1.137.Final.jar:4.1.137.Final]
	at io.netty.util.concurrent.FastThreadLocalRunnable.run(FastThreadLocalRunnable.java:30) [netty-common-4.1.137.Final.jar:4.1.137.Final]
	at java.base/java.lang.Thread.run(Thread.java:840) [?:?]
2026-08-11 16:10:33.912 INFO  [nioEventLoopGroup-3-1] SessionHandler - query ok: 3 rows returned in 622 ms
2026-08-11 16:10:39.107 WARN  [nioEventLoopGroup-3-1] SessionHandler - query failed in 1 ms: explain plan for SELECT * FROM t ORDER BY id
java.lang.NullPointerException: namespace for SELECT *
FROM `t`
ORDER BY `id`, scope org.apache.calcite.sql.validate.CatalogScope@5eb1bb9f
	at java.base/java.util.Objects.requireNonNull(Objects.java:336) ~[?:?]
	at org.apache.calcite.sql.validate.SqlValidatorImpl.getNamespaceOrThrow(SqlValidatorImpl.java:1716) ~[calcite-core-1.42.0.jar:1.42.0]
	at org.apache.calcite.sql.validate.SqlValidatorImpl.validateQuery(SqlValidatorImpl.java:1440) ~[calcite-core-1.42.0.jar:1.42.0]
	at org.apache.calcite.sql.SqlSelect.validate(SqlSelect.java:292) ~[calcite-core-1.42.0.jar:1.42.0]
	at org.apache.calcite.sql.SqlNode.validateExpr(SqlNode.java:276) ~[calcite-core-1.42.0.jar:1.42.0]
	at org.apache.calcite.sql.SqlOperator.validateCall(SqlOperator.java:503) ~[calcite-core-1.42.0.jar:1.42.0]
	at org.apache.calcite.sql.validate.SqlValidatorImpl.validateCall(SqlValidatorImpl.java:7101) ~[calcite-core-1.42.0.jar:1.42.0]
	at org.apache.calcite.sql.SqlCall.validate(SqlCall.java:152) ~[calcite-core-1.42.0.jar:1.42.0]
	at org.apache.calcite.sql.validate.SqlValidatorImpl.validateScopedExpression(SqlValidatorImpl.java:1428) ~[calcite-core-1.42.0.jar:1.42.0]
	at org.apache.calcite.sql.validate.SqlValidatorImpl.validate(SqlValidatorImpl.java:1134) ~[calcite-core-1.42.0.jar:1.42.0]
	at com.minidb.server.calcite.CalciteContext.planInCluster(CalciteContext.java:76) ~[classes/:?]
	at com.minidb.server.plan.Planner.plan(Planner.java:32) ~[classes/:?]
	at com.minidb.server.exec.QueryExecutor.execute(QueryExecutor.java:60) ~[classes/:?]
	at com.minidb.server.netty.SessionHandler.handleExecute(SessionHandler.java:41) [classes/:?]
	at com.minidb.server.netty.SessionHandler.channelRead0(SessionHandler.java:31) [classes/:?]
	at com.minidb.server.netty.SessionHandler.channelRead0(SessionHandler.java:16) [classes/:?]
	at io.netty.channel.SimpleChannelInboundHandler.channelRead(SimpleChannelInboundHandler.java:99) [netty-transport-4.1.137.Final.jar:4.1.137.Final]
	at io.netty.channel.AbstractChannelHandlerContext.invokeChannelRead(AbstractChannelHandlerContext.java:444) [netty-transport-4.1.137.Final.jar:4.1.137.Final]
	at io.netty.channel.AbstractChannelHandlerContext.invokeChannelRead(AbstractChannelHandlerContext.java:420) [netty-transport-4.1.137.Final.jar:4.1.137.Final]
	at io.netty.channel.AbstractChannelHandlerContext.fireChannelRead(AbstractChannelHandlerContext.java:412) [netty-transport-4.1.137.Final.jar:4.1.137.Final]
	at io.netty.handler.codec.ByteToMessageDecoder.fireChannelRead(ByteToMessageDecoder.java:361) [netty-codec-4.1.137.Final.jar:4.1.137.Final]
	at io.netty.handler.codec.ByteToMessageDecoder.channelRead(ByteToMessageDecoder.java:325) [netty-codec-4.1.137.Final.jar:4.1.137.Final]
	at io.netty.channel.AbstractChannelHandlerContext.invokeChannelRead(AbstractChannelHandlerContext.java:444) [netty-transport-4.1.137.Final.jar:4.1.137.Final]
	at io.netty.channel.AbstractChannelHandlerContext.invokeChannelRead(AbstractChannelHandlerContext.java:420) [netty-transport-4.1.137.Final.jar:4.1.137.Final]
	at io.netty.channel.AbstractChannelHandlerContext.fireChannelRead(AbstractChannelHandlerContext.java:412) [netty-transport-4.1.137.Final.jar:4.1.137.Final]
	at io.netty.channel.DefaultChannelPipeline$HeadContext.channelRead(DefaultChannelPipeline.java:1357) [netty-transport-4.1.137.Final.jar:4.1.137.Final]
	at io.netty.channel.AbstractChannelHandlerContext.invokeChannelRead(AbstractChannelHandlerContext.java:440) [netty-transport-4.1.137.Final.jar:4.1.137.Final]
	at io.netty.channel.AbstractChannelHandlerContext.invokeChannelRead(AbstractChannelHandlerContext.java:420) [netty-transport-4.1.137.Final.jar:4.1.137.Final]
	at io.netty.channel.DefaultChannelPipeline.fireChannelRead(DefaultChannelPipeline.java:868) [netty-transport-4.1.137.Final.jar:4.1.137.Final]
	at io.netty.channel.nio.AbstractNioByteChannel$NioByteUnsafe.read(AbstractNioByteChannel.java:171) [netty-transport-4.1.137.Final.jar:4.1.137.Final]
	at io.netty.channel.nio.NioEventLoop.processSelectedKey(NioEventLoop.java:796) [netty-transport-4.1.137.Final.jar:4.1.137.Final]
	at io.netty.channel.nio.NioEventLoop.processSelectedKeysOptimized(NioEventLoop.java:732) [netty-transport-4.1.137.Final.jar:4.1.137.Final]
	at io.netty.channel.nio.NioEventLoop.processSelectedKeys(NioEventLoop.java:658) [netty-transport-4.1.137.Final.jar:4.1.137.Final]
	at io.netty.channel.nio.NioEventLoop.run(NioEventLoop.java:562) [netty-transport-4.1.137.Final.jar:4.1.137.Final]
	at io.netty.util.concurrent.SingleThreadEventExecutor$4.run(SingleThreadEventExecutor.java:1007) [netty-common-4.1.137.Final.jar:4.1.137.Final]
	at io.netty.util.internal.ThreadExecutorMap$2.run(ThreadExecutorMap.java:74) [netty-common-4.1.137.Final.jar:4.1.137.Final]
	at io.netty.util.concurrent.FastThreadLocalRunnable.run(FastThreadLocalRunnable.java:30) [netty-common-4.1.137.Final.jar:4.1.137.Final]
	at java.base/java.lang.Thread.run(Thread.java:840) [?:?]
2026-08-11 16:11:27.614 INFO  [Thread-0] Main - MiniDB shutting down
2026-08-11 16:11:30.404 INFO  [main] Main - MiniDB starting on port 8899 with data dir data
2026-08-11 16:11:31.078 INFO  [main] StorageManager - loaded 1 table(s)
2026-08-11 16:11:31.705 INFO  [main] MiniDbServer - MiniDB server bound to port 8899
2026-08-11 16:11:31.705 INFO  [main] Main - MiniDB listening on port 8899
2026-08-11 16:11:54.587 WARN  [nioEventLoopGroup-3-1] SessionHandler - query failed in 16010 ms: explain plan for SELECT * FROM t ORDER BY id
java.lang.NullPointerException: namespace for SELECT *
FROM `t`
ORDER BY `id`, scope org.apache.calcite.sql.validate.CatalogScope@643b5008
	at java.base/java.util.Objects.requireNonNull(Objects.java:336) ~[?:?]
	at org.apache.calcite.sql.validate.SqlValidatorImpl.getNamespaceOrThrow(SqlValidatorImpl.java:1716) ~[calcite-core-1.42.0.jar:1.42.0]
	at org.apache.calcite.sql.validate.SqlValidatorImpl.validateQuery(SqlValidatorImpl.java:1440) ~[calcite-core-1.42.0.jar:1.42.0]
	at org.apache.calcite.sql.SqlSelect.validate(SqlSelect.java:292) ~[calcite-core-1.42.0.jar:1.42.0]
	at org.apache.calcite.sql.SqlNode.validateExpr(SqlNode.java:276) ~[calcite-core-1.42.0.jar:1.42.0]
	at org.apache.calcite.sql.SqlOperator.validateCall(SqlOperator.java:503) ~[calcite-core-1.42.0.jar:1.42.0]
	at org.apache.calcite.sql.validate.SqlValidatorImpl.validateCall(SqlValidatorImpl.java:7101) ~[calcite-core-1.42.0.jar:1.42.0]
	at org.apache.calcite.sql.SqlCall.validate(SqlCall.java:152) ~[calcite-core-1.42.0.jar:1.42.0]
	at org.apache.calcite.sql.validate.SqlValidatorImpl.validateScopedExpression(SqlValidatorImpl.java:1428) ~[calcite-core-1.42.0.jar:1.42.0]
	at org.apache.calcite.sql.validate.SqlValidatorImpl.validate(SqlValidatorImpl.java:1134) ~[calcite-core-1.42.0.jar:1.42.0]
	at com.minidb.server.calcite.CalciteContext.planInCluster(CalciteContext.java:76) ~[classes/:?]
	at com.minidb.server.plan.Planner.plan(Planner.java:32) ~[classes/:?]
	at com.minidb.server.exec.QueryExecutor.execute(QueryExecutor.java:60) ~[classes/:?]
	at com.minidb.server.netty.SessionHandler.handleExecute(SessionHandler.java:41) [classes/:?]
	at com.minidb.server.netty.SessionHandler.channelRead0(SessionHandler.java:31) [classes/:?]
	at com.minidb.server.netty.SessionHandler.channelRead0(SessionHandler.java:16) [classes/:?]
	at io.netty.channel.SimpleChannelInboundHandler.channelRead(SimpleChannelInboundHandler.java:99) [netty-transport-4.1.137.Final.jar:4.1.137.Final]
	at io.netty.channel.AbstractChannelHandlerContext.invokeChannelRead(AbstractChannelHandlerContext.java:444) [netty-transport-4.1.137.Final.jar:4.1.137.Final]
	at io.netty.channel.AbstractChannelHandlerContext.invokeChannelRead(AbstractChannelHandlerContext.java:420) [netty-transport-4.1.137.Final.jar:4.1.137.Final]
	at io.netty.channel.AbstractChannelHandlerContext.fireChannelRead(AbstractChannelHandlerContext.java:412) [netty-transport-4.1.137.Final.jar:4.1.137.Final]
	at io.netty.handler.codec.ByteToMessageDecoder.fireChannelRead(ByteToMessageDecoder.java:361) [netty-codec-4.1.137.Final.jar:4.1.137.Final]
	at io.netty.handler.codec.ByteToMessageDecoder.channelRead(ByteToMessageDecoder.java:325) [netty-codec-4.1.137.Final.jar:4.1.137.Final]
	at io.netty.channel.AbstractChannelHandlerContext.invokeChannelRead(AbstractChannelHandlerContext.java:444) [netty-transport-4.1.137.Final.jar:4.1.137.Final]
	at io.netty.channel.AbstractChannelHandlerContext.invokeChannelRead(AbstractChannelHandlerContext.java:420) [netty-transport-4.1.137.Final.jar:4.1.137.Final]
	at io.netty.channel.AbstractChannelHandlerContext.fireChannelRead(AbstractChannelHandlerContext.java:412) [netty-transport-4.1.137.Final.jar:4.1.137.Final]
	at io.netty.channel.DefaultChannelPipeline$HeadContext.channelRead(DefaultChannelPipeline.java:1357) [netty-transport-4.1.137.Final.jar:4.1.137.Final]
	at io.netty.channel.AbstractChannelHandlerContext.invokeChannelRead(AbstractChannelHandlerContext.java:440) [netty-transport-4.1.137.Final.jar:4.1.137.Final]
	at io.netty.channel.AbstractChannelHandlerContext.invokeChannelRead(AbstractChannelHandlerContext.java:420) [netty-transport-4.1.137.Final.jar:4.1.137.Final]
	at io.netty.channel.DefaultChannelPipeline.fireChannelRead(DefaultChannelPipeline.java:868) [netty-transport-4.1.137.Final.jar:4.1.137.Final]
	at io.netty.channel.nio.AbstractNioByteChannel$NioByteUnsafe.read(AbstractNioByteChannel.java:171) [netty-transport-4.1.137.Final.jar:4.1.137.Final]
	at io.netty.channel.nio.NioEventLoop.processSelectedKey(NioEventLoop.java:796) [netty-transport-4.1.137.Final.jar:4.1.137.Final]
	at io.netty.channel.nio.NioEventLoop.processSelectedKeysOptimized(NioEventLoop.java:732) [netty-transport-4.1.137.Final.jar:4.1.137.Final]
	at io.netty.channel.nio.NioEventLoop.processSelectedKeys(NioEventLoop.java:658) [netty-transport-4.1.137.Final.jar:4.1.137.Final]
	at io.netty.channel.nio.NioEventLoop.run(NioEventLoop.java:562) [netty-transport-4.1.137.Final.jar:4.1.137.Final]
	at io.netty.util.concurrent.SingleThreadEventExecutor$4.run(SingleThreadEventExecutor.java:1007) [netty-common-4.1.137.Final.jar:4.1.137.Final]
	at io.netty.util.internal.ThreadExecutorMap$2.run(ThreadExecutorMap.java:74) [netty-common-4.1.137.Final.jar:4.1.137.Final]
	at io.netty.util.concurrent.FastThreadLocalRunnable.run(FastThreadLocalRunnable.java:30) [netty-common-4.1.137.Final.jar:4.1.137.Final]
	at java.base/java.lang.Thread.run(Thread.java:840) [?:?]
2026-08-11 16:13:25.353 WARN  [nioEventLoopGroup-3-1] SessionHandler - query failed in 90573 ms: explain plan for SELECT * FROM t ORDER BY id
java.lang.NullPointerException: namespace for SELECT *
FROM `t`
ORDER BY `id`, scope org.apache.calcite.sql.validate.CatalogScope@76e2414c
	at java.base/java.util.Objects.requireNonNull(Objects.java:336) ~[?:?]
	at org.apache.calcite.sql.validate.SqlValidatorImpl.getNamespaceOrThrow(SqlValidatorImpl.java:1716) ~[calcite-core-1.42.0.jar:1.42.0]
	at org.apache.calcite.sql.validate.SqlValidatorImpl.validateQuery(SqlValidatorImpl.java:1440) ~[calcite-core-1.42.0.jar:1.42.0]
	at org.apache.calcite.sql.SqlSelect.validate(SqlSelect.java:292) ~[calcite-core-1.42.0.jar:1.42.0]
	at org.apache.calcite.sql.SqlNode.validateExpr(SqlNode.java:276) ~[calcite-core-1.42.0.jar:1.42.0]
	at org.apache.calcite.sql.SqlOperator.validateCall(SqlOperator.java:503) ~[calcite-core-1.42.0.jar:1.42.0]
	at org.apache.calcite.sql.validate.SqlValidatorImpl.validateCall(SqlValidatorImpl.java:7101) ~[calcite-core-1.42.0.jar:1.42.0]
	at org.apache.calcite.sql.SqlCall.validate(SqlCall.java:152) ~[calcite-core-1.42.0.jar:1.42.0]
	at org.apache.calcite.sql.validate.SqlValidatorImpl.validateScopedExpression(SqlValidatorImpl.java:1428) ~[calcite-core-1.42.0.jar:1.42.0]
	at org.apache.calcite.sql.validate.SqlValidatorImpl.validate(SqlValidatorImpl.java:1134) ~[calcite-core-1.42.0.jar:1.42.0]
	at com.minidb.server.calcite.CalciteContext.planInCluster(CalciteContext.java:76) ~[classes/:?]
	at com.minidb.server.plan.Planner.plan(Planner.java:32) ~[classes/:?]
	at com.minidb.server.exec.QueryExecutor.execute(QueryExecutor.java:60) ~[classes/:?]
	at com.minidb.server.netty.SessionHandler.handleExecute(SessionHandler.java:41) [classes/:?]
	at com.minidb.server.netty.SessionHandler.channelRead0(SessionHandler.java:31) [classes/:?]
	at com.minidb.server.netty.SessionHandler.channelRead0(SessionHandler.java:16) [classes/:?]
	at io.netty.channel.SimpleChannelInboundHandler.channelRead(SimpleChannelInboundHandler.java:99) [netty-transport-4.1.137.Final.jar:4.1.137.Final]
	at io.netty.channel.AbstractChannelHandlerContext.invokeChannelRead(AbstractChannelHandlerContext.java:444) [netty-transport-4.1.137.Final.jar:4.1.137.Final]
	at io.netty.channel.AbstractChannelHandlerContext.invokeChannelRead(AbstractChannelHandlerContext.java:420) [netty-transport-4.1.137.Final.jar:4.1.137.Final]
	at io.netty.channel.AbstractChannelHandlerContext.fireChannelRead(AbstractChannelHandlerContext.java:412) [netty-transport-4.1.137.Final.jar:4.1.137.Final]
	at io.netty.handler.codec.ByteToMessageDecoder.fireChannelRead(ByteToMessageDecoder.java:361) [netty-codec-4.1.137.Final.jar:4.1.137.Final]
	at io.netty.handler.codec.ByteToMessageDecoder.channelRead(ByteToMessageDecoder.java:325) [netty-codec-4.1.137.Final.jar:4.1.137.Final]
	at io.netty.channel.AbstractChannelHandlerContext.invokeChannelRead(AbstractChannelHandlerContext.java:444) [netty-transport-4.1.137.Final.jar:4.1.137.Final]
	at io.netty.channel.AbstractChannelHandlerContext.invokeChannelRead(AbstractChannelHandlerContext.java:420) [netty-transport-4.1.137.Final.jar:4.1.137.Final]
	at io.netty.channel.AbstractChannelHandlerContext.fireChannelRead(AbstractChannelHandlerContext.java:412) [netty-transport-4.1.137.Final.jar:4.1.137.Final]
	at io.netty.channel.DefaultChannelPipeline$HeadContext.channelRead(DefaultChannelPipeline.java:1357) [netty-transport-4.1.137.Final.jar:4.1.137.Final]
	at io.netty.channel.AbstractChannelHandlerContext.invokeChannelRead(AbstractChannelHandlerContext.java:440) [netty-transport-4.1.137.Final.jar:4.1.137.Final]
	at io.netty.channel.AbstractChannelHandlerContext.invokeChannelRead(AbstractChannelHandlerContext.java:420) [netty-transport-4.1.137.Final.jar:4.1.137.Final]
	at io.netty.channel.DefaultChannelPipeline.fireChannelRead(DefaultChannelPipeline.java:868) [netty-transport-4.1.137.Final.jar:4.1.137.Final]
	at io.netty.channel.nio.AbstractNioByteChannel$NioByteUnsafe.read(AbstractNioByteChannel.java:171) [netty-transport-4.1.137.Final.jar:4.1.137.Final]
	at io.netty.channel.nio.NioEventLoop.processSelectedKey(NioEventLoop.java:796) [netty-transport-4.1.137.Final.jar:4.1.137.Final]
	at io.netty.channel.nio.NioEventLoop.processSelectedKeysOptimized(NioEventLoop.java:732) [netty-transport-4.1.137.Final.jar:4.1.137.Final]
	at io.netty.channel.nio.NioEventLoop.processSelectedKeys(NioEventLoop.java:658) [netty-transport-4.1.137.Final.jar:4.1.137.Final]
	at io.netty.channel.nio.NioEventLoop.run(NioEventLoop.java:562) [netty-transport-4.1.137.Final.jar:4.1.137.Final]
	at io.netty.util.concurrent.SingleThreadEventExecutor$4.run(SingleThreadEventExecutor.java:1007) [netty-common-4.1.137.Final.jar:4.1.137.Final]
	at io.netty.util.internal.ThreadExecutorMap$2.run(ThreadExecutorMap.java:74) [netty-common-4.1.137.Final.jar:4.1.137.Final]
	at io.netty.util.concurrent.FastThreadLocalRunnable.run(FastThreadLocalRunnable.java:30) [netty-common-4.1.137.Final.jar:4.1.137.Final]
	at java.base/java.lang.Thread.run(Thread.java:840) [?:?]
2026-08-11 16:13:25.393 INFO  [Thread-0] Main - MiniDB shutting down
2026-08-11 16:13:25.393 INFO  [Thread-0] MiniDbServer - MiniDB server closed
2026-08-11 16:51:46.856 INFO  [main] Main - MiniDB starting on port 8899 with data dir data
2026-08-11 16:51:47.790 INFO  [main] StorageManager - loaded 1 table(s)
2026-08-11 16:51:48.537 INFO  [main] MiniDbServer - MiniDB server bound to port 8899
2026-08-11 16:51:48.538 INFO  [main] Main - MiniDB listening on port 8899
2026-08-11 16:51:57.961 INFO  [nioEventLoopGroup-3-1] SessionHandler - query ok: 3 rows returned in 1342 ms
2026-08-11 16:52:01.490 WARN  [nioEventLoopGroup-3-1] SessionHandler - query failed in 50 ms: explain plan for SELECT * FROM t ORDER BY id
java.lang.IllegalArgumentException: Non-query expression encountered in illegal context
	at com.minidb.server.calcite.CalciteContext.parse(CalciteContext.java:56) ~[classes/:?]
	at com.minidb.server.exec.QueryExecutor.handleExplain(QueryExecutor.java:81) ~[classes/:?]
	at com.minidb.server.exec.QueryExecutor.execute(QueryExecutor.java:53) ~[classes/:?]
	at com.minidb.server.netty.SessionHandler.handleExecute(SessionHandler.java:41) [classes/:?]
	at com.minidb.server.netty.SessionHandler.channelRead0(SessionHandler.java:31) [classes/:?]
	at com.minidb.server.netty.SessionHandler.channelRead0(SessionHandler.java:16) [classes/:?]
	at io.netty.channel.SimpleChannelInboundHandler.channelRead(SimpleChannelInboundHandler.java:99) [netty-transport-4.1.137.Final.jar:4.1.137.Final]
	at io.netty.channel.AbstractChannelHandlerContext.invokeChannelRead(AbstractChannelHandlerContext.java:444) [netty-transport-4.1.137.Final.jar:4.1.137.Final]
	at io.netty.channel.AbstractChannelHandlerContext.invokeChannelRead(AbstractChannelHandlerContext.java:420) [netty-transport-4.1.137.Final.jar:4.1.137.Final]
	at io.netty.channel.AbstractChannelHandlerContext.fireChannelRead(AbstractChannelHandlerContext.java:412) [netty-transport-4.1.137.Final.jar:4.1.137.Final]
	at io.netty.handler.codec.ByteToMessageDecoder.fireChannelRead(ByteToMessageDecoder.java:361) [netty-codec-4.1.137.Final.jar:4.1.137.Final]
	at io.netty.handler.codec.ByteToMessageDecoder.channelRead(ByteToMessageDecoder.java:325) [netty-codec-4.1.137.Final.jar:4.1.137.Final]
	at io.netty.channel.AbstractChannelHandlerContext.invokeChannelRead(AbstractChannelHandlerContext.java:444) [netty-transport-4.1.137.Final.jar:4.1.137.Final]
	at io.netty.channel.AbstractChannelHandlerContext.invokeChannelRead(AbstractChannelHandlerContext.java:420) [netty-transport-4.1.137.Final.jar:4.1.137.Final]
	at io.netty.channel.AbstractChannelHandlerContext.fireChannelRead(AbstractChannelHandlerContext.java:412) [netty-transport-4.1.137.Final.jar:4.1.137.Final]
	at io.netty.channel.DefaultChannelPipeline$HeadContext.channelRead(DefaultChannelPipeline.java:1357) [netty-transport-4.1.137.Final.jar:4.1.137.Final]
	at io.netty.channel.AbstractChannelHandlerContext.invokeChannelRead(AbstractChannelHandlerContext.java:440) [netty-transport-4.1.137.Final.jar:4.1.137.Final]
	at io.netty.channel.AbstractChannelHandlerContext.invokeChannelRead(AbstractChannelHandlerContext.java:420) [netty-transport-4.1.137.Final.jar:4.1.137.Final]
	at io.netty.channel.DefaultChannelPipeline.fireChannelRead(DefaultChannelPipeline.java:868) [netty-transport-4.1.137.Final.jar:4.1.137.Final]
	at io.netty.channel.nio.AbstractNioByteChannel$NioByteUnsafe.read(AbstractNioByteChannel.java:171) [netty-transport-4.1.137.Final.jar:4.1.137.Final]
	at io.netty.channel.nio.NioEventLoop.processSelectedKey(NioEventLoop.java:796) [netty-transport-4.1.137.Final.jar:4.1.137.Final]
	at io.netty.channel.nio.NioEventLoop.processSelectedKeysOptimized(NioEventLoop.java:732) [netty-transport-4.1.137.Final.jar:4.1.137.Final]
	at io.netty.channel.nio.NioEventLoop.processSelectedKeys(NioEventLoop.java:658) [netty-transport-4.1.137.Final.jar:4.1.137.Final]
	at io.netty.channel.nio.NioEventLoop.run(NioEventLoop.java:562) [netty-transport-4.1.137.Final.jar:4.1.137.Final]
	at io.netty.util.concurrent.SingleThreadEventExecutor$4.run(SingleThreadEventExecutor.java:1007) [netty-common-4.1.137.Final.jar:4.1.137.Final]
	at io.netty.util.internal.ThreadExecutorMap$2.run(ThreadExecutorMap.java:74) [netty-common-4.1.137.Final.jar:4.1.137.Final]
	at io.netty.util.concurrent.FastThreadLocalRunnable.run(FastThreadLocalRunnable.java:30) [netty-common-4.1.137.Final.jar:4.1.137.Final]
	at java.base/java.lang.Thread.run(Thread.java:840) [?:?]
Caused by: org.apache.calcite.sql.parser.SqlParseException: Non-query expression encountered in illegal context
	at org.apache.calcite.sql.parser.ddl.SqlDdlParserImpl.convertException(SqlDdlParserImpl.java:438) ~[calcite-server-1.42.0.jar:1.42.0]
	at org.apache.calcite.sql.parser.ddl.SqlDdlParserImpl.normalizeException(SqlDdlParserImpl.java:184) ~[calcite-server-1.42.0.jar:1.42.0]
	at org.apache.calcite.sql.parser.SqlParser.handleException(SqlParser.java:159) ~[calcite-core-1.42.0.jar:1.42.0]
	at org.apache.calcite.sql.parser.SqlParser.parseQuery(SqlParser.java:174) ~[calcite-core-1.42.0.jar:1.42.0]
	at org.apache.calcite.sql.parser.SqlParser.parseStmt(SqlParser.java:199) ~[calcite-core-1.42.0.jar:1.42.0]
	at com.minidb.server.calcite.CalciteContext.parse(CalciteContext.java:54) ~[classes/:?]
	... 27 more
Caused by: org.apache.calcite.runtime.CalciteException: Non-query expression encountered in illegal context
	at java.base/jdk.internal.reflect.NativeConstructorAccessorImpl.newInstance0(Native Method) ~[?:?]
	at java.base/jdk.internal.reflect.NativeConstructorAccessorImpl.newInstance(NativeConstructorAccessorImpl.java:77) ~[?:?]
	at java.base/jdk.internal.reflect.DelegatingConstructorAccessorImpl.newInstance(DelegatingConstructorAccessorImpl.java:45) ~[?:?]
	at java.base/java.lang.reflect.Constructor.newInstanceWithCaller(Constructor.java:500) ~[?:?]
	at java.base/java.lang.reflect.Constructor.newInstance(Constructor.java:481) ~[?:?]
	at org.apache.calcite.runtime.Resources$ExInstWithCause.ex(Resources.java:511) ~[calcite-core-1.42.0.jar:1.42.0]
	at org.apache.calcite.runtime.Resources$ExInst.ex(Resources.java:605) ~[calcite-core-1.42.0.jar:1.42.0]
	at org.apache.calcite.sql.SqlUtil.newContextException(SqlUtil.java:960) ~[calcite-core-1.42.0.jar:1.42.0]
	at org.apache.calcite.sql.SqlUtil.newContextException(SqlUtil.java:945) ~[calcite-core-1.42.0.jar:1.42.0]
	at org.apache.calcite.sql.parser.ddl.SqlDdlParserImpl.checkNonQueryExpression(SqlDdlParserImpl.java:354) ~[calcite-server-1.42.0.jar:1.42.0]
	at org.apache.calcite.sql.parser.ddl.SqlDdlParserImpl.Expression3(SqlDdlParserImpl.java:12942) ~[calcite-server-1.42.0.jar:1.42.0]
	at org.apache.calcite.sql.parser.ddl.SqlDdlParserImpl.AddExpression2b(SqlDdlParserImpl.java:12556) ~[calcite-server-1.42.0.jar:1.42.0]
	at org.apache.calcite.sql.parser.ddl.SqlDdlParserImpl.Expression2(SqlDdlParserImpl.java:12599) ~[calcite-server-1.42.0.jar:1.42.0]
	at org.apache.calcite.sql.parser.ddl.SqlDdlParserImpl.Expression(SqlDdlParserImpl.java:12075) ~[calcite-server-1.42.0.jar:1.42.0]
	at org.apache.calcite.sql.parser.ddl.SqlDdlParserImpl.LeafQueryOrExpr(SqlDdlParserImpl.java:12053) ~[calcite-server-1.42.0.jar:1.42.0]
	at org.apache.calcite.sql.parser.ddl.SqlDdlParserImpl.QueryOrExpr(SqlDdlParserImpl.java:11873) ~[calcite-server-1.42.0.jar:1.42.0]
	at org.apache.calcite.sql.parser.ddl.SqlDdlParserImpl.OrderedQueryOrExpr(SqlDdlParserImpl.java:609) ~[calcite-server-1.42.0.jar:1.42.0]
	at org.apache.calcite.sql.parser.ddl.SqlDdlParserImpl.SqlStmt(SqlDdlParserImpl.java:1238) ~[calcite-server-1.42.0.jar:1.42.0]
	at org.apache.calcite.sql.parser.ddl.SqlDdlParserImpl.SqlStmtEof(SqlDdlParserImpl.java:1279) ~[calcite-server-1.42.0.jar:1.42.0]
	at org.apache.calcite.sql.parser.ddl.SqlDdlParserImpl.parseSqlStmtEof(SqlDdlParserImpl.java:232) ~[calcite-server-1.42.0.jar:1.42.0]
	at org.apache.calcite.sql.parser.SqlParser.parseQuery(SqlParser.java:172) ~[calcite-core-1.42.0.jar:1.42.0]
	at org.apache.calcite.sql.parser.SqlParser.parseStmt(SqlParser.java:199) ~[calcite-core-1.42.0.jar:1.42.0]
	at com.minidb.server.calcite.CalciteContext.parse(CalciteContext.java:54) ~[classes/:?]
	... 27 more
2026-08-11 16:52:13.526 INFO  [nioEventLoopGroup-3-1] SessionHandler - explain ok in 41 ms
2026-08-11 16:54:48.620 WARN  [nioEventLoopGroup-3-1] SessionHandler - query failed in 1 ms: explain anylize SELECT * FROM t ORDER BY id
java.lang.IllegalArgumentException: Non-query expression encountered in illegal context
	at com.minidb.server.calcite.CalciteContext.parse(CalciteContext.java:56) ~[classes/:?]
	at com.minidb.server.exec.QueryExecutor.handleExplain(QueryExecutor.java:81) ~[classes/:?]
	at com.minidb.server.exec.QueryExecutor.execute(QueryExecutor.java:53) ~[classes/:?]
	at com.minidb.server.netty.SessionHandler.handleExecute(SessionHandler.java:41) [classes/:?]
	at com.minidb.server.netty.SessionHandler.channelRead0(SessionHandler.java:31) [classes/:?]
	at com.minidb.server.netty.SessionHandler.channelRead0(SessionHandler.java:16) [classes/:?]
	at io.netty.channel.SimpleChannelInboundHandler.channelRead(SimpleChannelInboundHandler.java:99) [netty-transport-4.1.137.Final.jar:4.1.137.Final]
	at io.netty.channel.AbstractChannelHandlerContext.invokeChannelRead(AbstractChannelHandlerContext.java:444) [netty-transport-4.1.137.Final.jar:4.1.137.Final]
	at io.netty.channel.AbstractChannelHandlerContext.invokeChannelRead(AbstractChannelHandlerContext.java:420) [netty-transport-4.1.137.Final.jar:4.1.137.Final]
	at io.netty.channel.AbstractChannelHandlerContext.fireChannelRead(AbstractChannelHandlerContext.java:412) [netty-transport-4.1.137.Final.jar:4.1.137.Final]
	at io.netty.handler.codec.ByteToMessageDecoder.fireChannelRead(ByteToMessageDecoder.java:361) [netty-codec-4.1.137.Final.jar:4.1.137.Final]
	at io.netty.handler.codec.ByteToMessageDecoder.channelRead(ByteToMessageDecoder.java:325) [netty-codec-4.1.137.Final.jar:4.1.137.Final]
	at io.netty.channel.AbstractChannelHandlerContext.invokeChannelRead(AbstractChannelHandlerContext.java:444) [netty-transport-4.1.137.Final.jar:4.1.137.Final]
	at io.netty.channel.AbstractChannelHandlerContext.invokeChannelRead(AbstractChannelHandlerContext.java:420) [netty-transport-4.1.137.Final.jar:4.1.137.Final]
	at io.netty.channel.AbstractChannelHandlerContext.fireChannelRead(AbstractChannelHandlerContext.java:412) [netty-transport-4.1.137.Final.jar:4.1.137.Final]
	at io.netty.channel.DefaultChannelPipeline$HeadContext.channelRead(DefaultChannelPipeline.java:1357) [netty-transport-4.1.137.Final.jar:4.1.137.Final]
	at io.netty.channel.AbstractChannelHandlerContext.invokeChannelRead(AbstractChannelHandlerContext.java:440) [netty-transport-4.1.137.Final.jar:4.1.137.Final]
	at io.netty.channel.AbstractChannelHandlerContext.invokeChannelRead(AbstractChannelHandlerContext.java:420) [netty-transport-4.1.137.Final.jar:4.1.137.Final]
	at io.netty.channel.DefaultChannelPipeline.fireChannelRead(DefaultChannelPipeline.java:868) [netty-transport-4.1.137.Final.jar:4.1.137.Final]
	at io.netty.channel.nio.AbstractNioByteChannel$NioByteUnsafe.read(AbstractNioByteChannel.java:171) [netty-transport-4.1.137.Final.jar:4.1.137.Final]
	at io.netty.channel.nio.NioEventLoop.processSelectedKey(NioEventLoop.java:796) [netty-transport-4.1.137.Final.jar:4.1.137.Final]
	at io.netty.channel.nio.NioEventLoop.processSelectedKeysOptimized(NioEventLoop.java:732) [netty-transport-4.1.137.Final.jar:4.1.137.Final]
	at io.netty.channel.nio.NioEventLoop.processSelectedKeys(NioEventLoop.java:658) [netty-transport-4.1.137.Final.jar:4.1.137.Final]
	at io.netty.channel.nio.NioEventLoop.run(NioEventLoop.java:562) [netty-transport-4.1.137.Final.jar:4.1.137.Final]
	at io.netty.util.concurrent.SingleThreadEventExecutor$4.run(SingleThreadEventExecutor.java:1007) [netty-common-4.1.137.Final.jar:4.1.137.Final]
	at io.netty.util.internal.ThreadExecutorMap$2.run(ThreadExecutorMap.java:74) [netty-common-4.1.137.Final.jar:4.1.137.Final]
	at io.netty.util.concurrent.FastThreadLocalRunnable.run(FastThreadLocalRunnable.java:30) [netty-common-4.1.137.Final.jar:4.1.137.Final]
	at java.base/java.lang.Thread.run(Thread.java:840) [?:?]
Caused by: org.apache.calcite.sql.parser.SqlParseException: Non-query expression encountered in illegal context
	at org.apache.calcite.sql.parser.ddl.SqlDdlParserImpl.convertException(SqlDdlParserImpl.java:438) ~[calcite-server-1.42.0.jar:1.42.0]
	at org.apache.calcite.sql.parser.ddl.SqlDdlParserImpl.normalizeException(SqlDdlParserImpl.java:184) ~[calcite-server-1.42.0.jar:1.42.0]
	at org.apache.calcite.sql.parser.SqlParser.handleException(SqlParser.java:159) ~[calcite-core-1.42.0.jar:1.42.0]
	at org.apache.calcite.sql.parser.SqlParser.parseQuery(SqlParser.java:174) ~[calcite-core-1.42.0.jar:1.42.0]
	at org.apache.calcite.sql.parser.SqlParser.parseStmt(SqlParser.java:199) ~[calcite-core-1.42.0.jar:1.42.0]
	at com.minidb.server.calcite.CalciteContext.parse(CalciteContext.java:54) ~[classes/:?]
	... 27 more
Caused by: org.apache.calcite.runtime.CalciteException: Non-query expression encountered in illegal context
	at java.base/jdk.internal.reflect.NativeConstructorAccessorImpl.newInstance0(Native Method) ~[?:?]
	at java.base/jdk.internal.reflect.NativeConstructorAccessorImpl.newInstance(NativeConstructorAccessorImpl.java:77) ~[?:?]
	at java.base/jdk.internal.reflect.DelegatingConstructorAccessorImpl.newInstance(DelegatingConstructorAccessorImpl.java:45) ~[?:?]
	at java.base/java.lang.reflect.Constructor.newInstanceWithCaller(Constructor.java:500) ~[?:?]
	at java.base/java.lang.reflect.Constructor.newInstance(Constructor.java:481) ~[?:?]
	at org.apache.calcite.runtime.Resources$ExInstWithCause.ex(Resources.java:511) ~[calcite-core-1.42.0.jar:1.42.0]
	at org.apache.calcite.runtime.Resources$ExInst.ex(Resources.java:605) ~[calcite-core-1.42.0.jar:1.42.0]
	at org.apache.calcite.sql.SqlUtil.newContextException(SqlUtil.java:960) ~[calcite-core-1.42.0.jar:1.42.0]
	at org.apache.calcite.sql.SqlUtil.newContextException(SqlUtil.java:945) ~[calcite-core-1.42.0.jar:1.42.0]
	at org.apache.calcite.sql.parser.ddl.SqlDdlParserImpl.checkNonQueryExpression(SqlDdlParserImpl.java:354) ~[calcite-server-1.42.0.jar:1.42.0]
	at org.apache.calcite.sql.parser.ddl.SqlDdlParserImpl.Expression3(SqlDdlParserImpl.java:12942) ~[calcite-server-1.42.0.jar:1.42.0]
	at org.apache.calcite.sql.parser.ddl.SqlDdlParserImpl.AddExpression2b(SqlDdlParserImpl.java:12556) ~[calcite-server-1.42.0.jar:1.42.0]
	at org.apache.calcite.sql.parser.ddl.SqlDdlParserImpl.Expression2(SqlDdlParserImpl.java:12599) ~[calcite-server-1.42.0.jar:1.42.0]
	at org.apache.calcite.sql.parser.ddl.SqlDdlParserImpl.Expression(SqlDdlParserImpl.java:12075) ~[calcite-server-1.42.0.jar:1.42.0]
	at org.apache.calcite.sql.parser.ddl.SqlDdlParserImpl.LeafQueryOrExpr(SqlDdlParserImpl.java:12053) ~[calcite-server-1.42.0.jar:1.42.0]
	at org.apache.calcite.sql.parser.ddl.SqlDdlParserImpl.QueryOrExpr(SqlDdlParserImpl.java:11873) ~[calcite-server-1.42.0.jar:1.42.0]
	at org.apache.calcite.sql.parser.ddl.SqlDdlParserImpl.OrderedQueryOrExpr(SqlDdlParserImpl.java:609) ~[calcite-server-1.42.0.jar:1.42.0]
	at org.apache.calcite.sql.parser.ddl.SqlDdlParserImpl.SqlStmt(SqlDdlParserImpl.java:1238) ~[calcite-server-1.42.0.jar:1.42.0]
	at org.apache.calcite.sql.parser.ddl.SqlDdlParserImpl.SqlStmtEof(SqlDdlParserImpl.java:1279) ~[calcite-server-1.42.0.jar:1.42.0]
	at org.apache.calcite.sql.parser.ddl.SqlDdlParserImpl.parseSqlStmtEof(SqlDdlParserImpl.java:232) ~[calcite-server-1.42.0.jar:1.42.0]
	at org.apache.calcite.sql.parser.SqlParser.parseQuery(SqlParser.java:172) ~[calcite-core-1.42.0.jar:1.42.0]
	at org.apache.calcite.sql.parser.SqlParser.parseStmt(SqlParser.java:199) ~[calcite-core-1.42.0.jar:1.42.0]
	at com.minidb.server.calcite.CalciteContext.parse(CalciteContext.java:54) ~[classes/:?]
	... 27 more
2026-08-11 16:55:11.252 INFO  [nioEventLoopGroup-3-1] SessionHandler - explain ok in 22 ms
2026-08-11 16:55:17.882 INFO  [nioEventLoopGroup-3-1] SessionHandler - explain ok in 7 ms
2026-08-11 16:55:22.726 INFO  [nioEventLoopGroup-3-1] SessionHandler - explain ok in 9 ms
2026-08-11 16:55:27.413 INFO  [nioEventLoopGroup-3-1] SessionHandler - explain ok in 6 ms
2026-08-11 16:56:10.442 WARN  [nioEventLoopGroup-3-1] SessionHandler - query failed in 0 ms: explain analyze plan for SELECT * FROM t ORDER BY id
java.lang.IllegalArgumentException: Non-query expression encountered in illegal context
	at com.minidb.server.calcite.CalciteContext.parse(CalciteContext.java:56) ~[classes/:?]
	at com.minidb.server.exec.QueryExecutor.handleExplain(QueryExecutor.java:81) ~[classes/:?]
	at com.minidb.server.exec.QueryExecutor.execute(QueryExecutor.java:53) ~[classes/:?]
	at com.minidb.server.netty.SessionHandler.handleExecute(SessionHandler.java:41) [classes/:?]
	at com.minidb.server.netty.SessionHandler.channelRead0(SessionHandler.java:31) [classes/:?]
	at com.minidb.server.netty.SessionHandler.channelRead0(SessionHandler.java:16) [classes/:?]
	at io.netty.channel.SimpleChannelInboundHandler.channelRead(SimpleChannelInboundHandler.java:99) [netty-transport-4.1.137.Final.jar:4.1.137.Final]
	at io.netty.channel.AbstractChannelHandlerContext.invokeChannelRead(AbstractChannelHandlerContext.java:444) [netty-transport-4.1.137.Final.jar:4.1.137.Final]
	at io.netty.channel.AbstractChannelHandlerContext.invokeChannelRead(AbstractChannelHandlerContext.java:420) [netty-transport-4.1.137.Final.jar:4.1.137.Final]
	at io.netty.channel.AbstractChannelHandlerContext.fireChannelRead(AbstractChannelHandlerContext.java:412) [netty-transport-4.1.137.Final.jar:4.1.137.Final]
	at io.netty.handler.codec.ByteToMessageDecoder.fireChannelRead(ByteToMessageDecoder.java:361) [netty-codec-4.1.137.Final.jar:4.1.137.Final]
	at io.netty.handler.codec.ByteToMessageDecoder.channelRead(ByteToMessageDecoder.java:325) [netty-codec-4.1.137.Final.jar:4.1.137.Final]
	at io.netty.channel.AbstractChannelHandlerContext.invokeChannelRead(AbstractChannelHandlerContext.java:444) [netty-transport-4.1.137.Final.jar:4.1.137.Final]
	at io.netty.channel.AbstractChannelHandlerContext.invokeChannelRead(AbstractChannelHandlerContext.java:420) [netty-transport-4.1.137.Final.jar:4.1.137.Final]
	at io.netty.channel.AbstractChannelHandlerContext.fireChannelRead(AbstractChannelHandlerContext.java:412) [netty-transport-4.1.137.Final.jar:4.1.137.Final]
	at io.netty.channel.DefaultChannelPipeline$HeadContext.channelRead(DefaultChannelPipeline.java:1357) [netty-transport-4.1.137.Final.jar:4.1.137.Final]
	at io.netty.channel.AbstractChannelHandlerContext.invokeChannelRead(AbstractChannelHandlerContext.java:440) [netty-transport-4.1.137.Final.jar:4.1.137.Final]
	at io.netty.channel.AbstractChannelHandlerContext.invokeChannelRead(AbstractChannelHandlerContext.java:420) [netty-transport-4.1.137.Final.jar:4.1.137.Final]
	at io.netty.channel.DefaultChannelPipeline.fireChannelRead(DefaultChannelPipeline.java:868) [netty-transport-4.1.137.Final.jar:4.1.137.Final]
	at io.netty.channel.nio.AbstractNioByteChannel$NioByteUnsafe.read(AbstractNioByteChannel.java:171) [netty-transport-4.1.137.Final.jar:4.1.137.Final]
	at io.netty.channel.nio.NioEventLoop.processSelectedKey(NioEventLoop.java:796) [netty-transport-4.1.137.Final.jar:4.1.137.Final]
	at io.netty.channel.nio.NioEventLoop.processSelectedKeysOptimized(NioEventLoop.java:732) [netty-transport-4.1.137.Final.jar:4.1.137.Final]
	at io.netty.channel.nio.NioEventLoop.processSelectedKeys(NioEventLoop.java:658) [netty-transport-4.1.137.Final.jar:4.1.137.Final]
	at io.netty.channel.nio.NioEventLoop.run(NioEventLoop.java:562) [netty-transport-4.1.137.Final.jar:4.1.137.Final]
	at io.netty.util.concurrent.SingleThreadEventExecutor$4.run(SingleThreadEventExecutor.java:1007) [netty-common-4.1.137.Final.jar:4.1.137.Final]
	at io.netty.util.internal.ThreadExecutorMap$2.run(ThreadExecutorMap.java:74) [netty-common-4.1.137.Final.jar:4.1.137.Final]
	at io.netty.util.concurrent.FastThreadLocalRunnable.run(FastThreadLocalRunnable.java:30) [netty-common-4.1.137.Final.jar:4.1.137.Final]
	at java.base/java.lang.Thread.run(Thread.java:840) [?:?]
Caused by: org.apache.calcite.sql.parser.SqlParseException: Non-query expression encountered in illegal context
	at org.apache.calcite.sql.parser.ddl.SqlDdlParserImpl.convertException(SqlDdlParserImpl.java:438) ~[calcite-server-1.42.0.jar:1.42.0]
	at org.apache.calcite.sql.parser.ddl.SqlDdlParserImpl.normalizeException(SqlDdlParserImpl.java:184) ~[calcite-server-1.42.0.jar:1.42.0]
	at org.apache.calcite.sql.parser.SqlParser.handleException(SqlParser.java:159) ~[calcite-core-1.42.0.jar:1.42.0]
	at org.apache.calcite.sql.parser.SqlParser.parseQuery(SqlParser.java:174) ~[calcite-core-1.42.0.jar:1.42.0]
	at org.apache.calcite.sql.parser.SqlParser.parseStmt(SqlParser.java:199) ~[calcite-core-1.42.0.jar:1.42.0]
	at com.minidb.server.calcite.CalciteContext.parse(CalciteContext.java:54) ~[classes/:?]
	... 27 more
Caused by: org.apache.calcite.runtime.CalciteException: Non-query expression encountered in illegal context
	at java.base/jdk.internal.reflect.NativeConstructorAccessorImpl.newInstance0(Native Method) ~[?:?]
	at java.base/jdk.internal.reflect.NativeConstructorAccessorImpl.newInstance(NativeConstructorAccessorImpl.java:77) ~[?:?]
	at java.base/jdk.internal.reflect.DelegatingConstructorAccessorImpl.newInstance(DelegatingConstructorAccessorImpl.java:45) ~[?:?]
	at java.base/java.lang.reflect.Constructor.newInstanceWithCaller(Constructor.java:500) ~[?:?]
	at java.base/java.lang.reflect.Constructor.newInstance(Constructor.java:481) ~[?:?]
	at org.apache.calcite.runtime.Resources$ExInstWithCause.ex(Resources.java:511) ~[calcite-core-1.42.0.jar:1.42.0]
	at org.apache.calcite.runtime.Resources$ExInst.ex(Resources.java:605) ~[calcite-core-1.42.0.jar:1.42.0]
	at org.apache.calcite.sql.SqlUtil.newContextException(SqlUtil.java:960) ~[calcite-core-1.42.0.jar:1.42.0]
	at org.apache.calcite.sql.SqlUtil.newContextException(SqlUtil.java:945) ~[calcite-core-1.42.0.jar:1.42.0]
	at org.apache.calcite.sql.parser.ddl.SqlDdlParserImpl.checkNonQueryExpression(SqlDdlParserImpl.java:354) ~[calcite-server-1.42.0.jar:1.42.0]
	at org.apache.calcite.sql.parser.ddl.SqlDdlParserImpl.Expression3(SqlDdlParserImpl.java:12942) ~[calcite-server-1.42.0.jar:1.42.0]
	at org.apache.calcite.sql.parser.ddl.SqlDdlParserImpl.AddExpression2b(SqlDdlParserImpl.java:12556) ~[calcite-server-1.42.0.jar:1.42.0]
	at org.apache.calcite.sql.parser.ddl.SqlDdlParserImpl.Expression2(SqlDdlParserImpl.java:12599) ~[calcite-server-1.42.0.jar:1.42.0]
	at org.apache.calcite.sql.parser.ddl.SqlDdlParserImpl.Expression(SqlDdlParserImpl.java:12075) ~[calcite-server-1.42.0.jar:1.42.0]
	at org.apache.calcite.sql.parser.ddl.SqlDdlParserImpl.LeafQueryOrExpr(SqlDdlParserImpl.java:12053) ~[calcite-server-1.42.0.jar:1.42.0]
	at org.apache.calcite.sql.parser.ddl.SqlDdlParserImpl.QueryOrExpr(SqlDdlParserImpl.java:11873) ~[calcite-server-1.42.0.jar:1.42.0]
	at org.apache.calcite.sql.parser.ddl.SqlDdlParserImpl.OrderedQueryOrExpr(SqlDdlParserImpl.java:609) ~[calcite-server-1.42.0.jar:1.42.0]
	at org.apache.calcite.sql.parser.ddl.SqlDdlParserImpl.SqlStmt(SqlDdlParserImpl.java:1238) ~[calcite-server-1.42.0.jar:1.42.0]
	at org.apache.calcite.sql.parser.ddl.SqlDdlParserImpl.SqlStmtEof(SqlDdlParserImpl.java:1279) ~[calcite-server-1.42.0.jar:1.42.0]
	at org.apache.calcite.sql.parser.ddl.SqlDdlParserImpl.parseSqlStmtEof(SqlDdlParserImpl.java:232) ~[calcite-server-1.42.0.jar:1.42.0]
	at org.apache.calcite.sql.parser.SqlParser.parseQuery(SqlParser.java:172) ~[calcite-core-1.42.0.jar:1.42.0]
	at org.apache.calcite.sql.parser.SqlParser.parseStmt(SqlParser.java:199) ~[calcite-core-1.42.0.jar:1.42.0]
	at com.minidb.server.calcite.CalciteContext.parse(CalciteContext.java:54) ~[classes/:?]
	... 27 more
2026-08-11 17:05:06.743 WARN  [nioEventLoopGroup-3-1] SessionHandler - query failed in 520453 ms: explain analyze plan for SELECT * FROM t ORDER BY id
java.lang.IllegalArgumentException: Non-query expression encountered in illegal context
	at com.minidb.server.calcite.CalciteContext.parse(CalciteContext.java:56) ~[classes/:?]
	at com.minidb.server.exec.QueryExecutor.handleExplain(QueryExecutor.java:81) ~[classes/:?]
	at com.minidb.server.exec.QueryExecutor.execute(QueryExecutor.java:53) ~[classes/:?]
	at com.minidb.server.netty.SessionHandler.handleExecute(SessionHandler.java:41) [classes/:?]
	at com.minidb.server.netty.SessionHandler.channelRead0(SessionHandler.java:31) [classes/:?]
	at com.minidb.server.netty.SessionHandler.channelRead0(SessionHandler.java:16) [classes/:?]
	at io.netty.channel.SimpleChannelInboundHandler.channelRead(SimpleChannelInboundHandler.java:99) [netty-transport-4.1.137.Final.jar:4.1.137.Final]
	at io.netty.channel.AbstractChannelHandlerContext.invokeChannelRead(AbstractChannelHandlerContext.java:444) [netty-transport-4.1.137.Final.jar:4.1.137.Final]
	at io.netty.channel.AbstractChannelHandlerContext.invokeChannelRead(AbstractChannelHandlerContext.java:420) [netty-transport-4.1.137.Final.jar:4.1.137.Final]
	at io.netty.channel.AbstractChannelHandlerContext.fireChannelRead(AbstractChannelHandlerContext.java:412) [netty-transport-4.1.137.Final.jar:4.1.137.Final]
	at io.netty.handler.codec.ByteToMessageDecoder.fireChannelRead(ByteToMessageDecoder.java:361) [netty-codec-4.1.137.Final.jar:4.1.137.Final]
	at io.netty.handler.codec.ByteToMessageDecoder.channelRead(ByteToMessageDecoder.java:325) [netty-codec-4.1.137.Final.jar:4.1.137.Final]
	at io.netty.channel.AbstractChannelHandlerContext.invokeChannelRead(AbstractChannelHandlerContext.java:444) [netty-transport-4.1.137.Final.jar:4.1.137.Final]
	at io.netty.channel.AbstractChannelHandlerContext.invokeChannelRead(AbstractChannelHandlerContext.java:420) [netty-transport-4.1.137.Final.jar:4.1.137.Final]
	at io.netty.channel.AbstractChannelHandlerContext.fireChannelRead(AbstractChannelHandlerContext.java:412) [netty-transport-4.1.137.Final.jar:4.1.137.Final]
	at io.netty.channel.DefaultChannelPipeline$HeadContext.channelRead(DefaultChannelPipeline.java:1357) [netty-transport-4.1.137.Final.jar:4.1.137.Final]
	at io.netty.channel.AbstractChannelHandlerContext.invokeChannelRead(AbstractChannelHandlerContext.java:440) [netty-transport-4.1.137.Final.jar:4.1.137.Final]
	at io.netty.channel.AbstractChannelHandlerContext.invokeChannelRead(AbstractChannelHandlerContext.java:420) [netty-transport-4.1.137.Final.jar:4.1.137.Final]
	at io.netty.channel.DefaultChannelPipeline.fireChannelRead(DefaultChannelPipeline.java:868) [netty-transport-4.1.137.Final.jar:4.1.137.Final]
	at io.netty.channel.nio.AbstractNioByteChannel$NioByteUnsafe.read(AbstractNioByteChannel.java:171) [netty-transport-4.1.137.Final.jar:4.1.137.Final]
	at io.netty.channel.nio.NioEventLoop.processSelectedKey(NioEventLoop.java:796) [netty-transport-4.1.137.Final.jar:4.1.137.Final]
	at io.netty.channel.nio.NioEventLoop.processSelectedKeysOptimized(NioEventLoop.java:732) [netty-transport-4.1.137.Final.jar:4.1.137.Final]
	at io.netty.channel.nio.NioEventLoop.processSelectedKeys(NioEventLoop.java:658) [netty-transport-4.1.137.Final.jar:4.1.137.Final]
	at io.netty.channel.nio.NioEventLoop.run(NioEventLoop.java:562) [netty-transport-4.1.137.Final.jar:4.1.137.Final]
	at io.netty.util.concurrent.SingleThreadEventExecutor$4.run(SingleThreadEventExecutor.java:1007) [netty-common-4.1.137.Final.jar:4.1.137.Final]
	at io.netty.util.internal.ThreadExecutorMap$2.run(ThreadExecutorMap.java:74) [netty-common-4.1.137.Final.jar:4.1.137.Final]
	at io.netty.util.concurrent.FastThreadLocalRunnable.run(FastThreadLocalRunnable.java:30) [netty-common-4.1.137.Final.jar:4.1.137.Final]
	at java.base/java.lang.Thread.run(Thread.java:840) [?:?]
Caused by: org.apache.calcite.sql.parser.SqlParseException: Non-query expression encountered in illegal context
	at org.apache.calcite.sql.parser.ddl.SqlDdlParserImpl.convertException(SqlDdlParserImpl.java:438) ~[calcite-server-1.42.0.jar:1.42.0]
	at org.apache.calcite.sql.parser.ddl.SqlDdlParserImpl.normalizeException(SqlDdlParserImpl.java:184) ~[calcite-server-1.42.0.jar:1.42.0]
	at org.apache.calcite.sql.parser.SqlParser.handleException(SqlParser.java:159) ~[calcite-core-1.42.0.jar:1.42.0]
	at org.apache.calcite.sql.parser.SqlParser.parseQuery(SqlParser.java:174) ~[calcite-core-1.42.0.jar:1.42.0]
	at org.apache.calcite.sql.parser.SqlParser.parseStmt(SqlParser.java:199) ~[calcite-core-1.42.0.jar:1.42.0]
	at com.minidb.server.calcite.CalciteContext.parse(CalciteContext.java:54) ~[classes/:?]
	... 27 more
Caused by: org.apache.calcite.runtime.CalciteException: Non-query expression encountered in illegal context
	at java.base/jdk.internal.reflect.NativeConstructorAccessorImpl.newInstance0(Native Method) ~[?:?]
	at java.base/jdk.internal.reflect.NativeConstructorAccessorImpl.newInstance(NativeConstructorAccessorImpl.java:77) ~[?:?]
	at java.base/jdk.internal.reflect.DelegatingConstructorAccessorImpl.newInstance(DelegatingConstructorAccessorImpl.java:45) ~[?:?]
	at java.base/java.lang.reflect.Constructor.newInstanceWithCaller(Constructor.java:500) ~[?:?]
	at java.base/java.lang.reflect.Constructor.newInstance(Constructor.java:481) ~[?:?]
	at org.apache.calcite.runtime.Resources$ExInstWithCause.ex(Resources.java:511) ~[calcite-core-1.42.0.jar:1.42.0]
	at org.apache.calcite.runtime.Resources$ExInst.ex(Resources.java:605) ~[calcite-core-1.42.0.jar:1.42.0]
	at org.apache.calcite.sql.SqlUtil.newContextException(SqlUtil.java:960) ~[calcite-core-1.42.0.jar:1.42.0]
	at org.apache.calcite.sql.SqlUtil.newContextException(SqlUtil.java:945) ~[calcite-core-1.42.0.jar:1.42.0]
	at org.apache.calcite.sql.parser.ddl.SqlDdlParserImpl.checkNonQueryExpression(SqlDdlParserImpl.java:354) ~[calcite-server-1.42.0.jar:1.42.0]
	at org.apache.calcite.sql.parser.ddl.SqlDdlParserImpl.Expression3(SqlDdlParserImpl.java:12942) ~[calcite-server-1.42.0.jar:1.42.0]
	at org.apache.calcite.sql.parser.ddl.SqlDdlParserImpl.AddExpression2b(SqlDdlParserImpl.java:12556) ~[calcite-server-1.42.0.jar:1.42.0]
	at org.apache.calcite.sql.parser.ddl.SqlDdlParserImpl.Expression2(SqlDdlParserImpl.java:12599) ~[calcite-server-1.42.0.jar:1.42.0]
	at org.apache.calcite.sql.parser.ddl.SqlDdlParserImpl.Expression(SqlDdlParserImpl.java:12075) ~[calcite-server-1.42.0.jar:1.42.0]
	at org.apache.calcite.sql.parser.ddl.SqlDdlParserImpl.LeafQueryOrExpr(SqlDdlParserImpl.java:12053) ~[calcite-server-1.42.0.jar:1.42.0]
	at org.apache.calcite.sql.parser.ddl.SqlDdlParserImpl.QueryOrExpr(SqlDdlParserImpl.java:11873) ~[calcite-server-1.42.0.jar:1.42.0]
	at org.apache.calcite.sql.parser.ddl.SqlDdlParserImpl.OrderedQueryOrExpr(SqlDdlParserImpl.java:609) ~[calcite-server-1.42.0.jar:1.42.0]
	at org.apache.calcite.sql.parser.ddl.SqlDdlParserImpl.SqlStmt(SqlDdlParserImpl.java:1238) ~[calcite-server-1.42.0.jar:1.42.0]
	at org.apache.calcite.sql.parser.ddl.SqlDdlParserImpl.SqlStmtEof(SqlDdlParserImpl.java:1279) ~[calcite-server-1.42.0.jar:1.42.0]
	at org.apache.calcite.sql.parser.ddl.SqlDdlParserImpl.parseSqlStmtEof(SqlDdlParserImpl.java:232) ~[calcite-server-1.42.0.jar:1.42.0]
	at org.apache.calcite.sql.parser.SqlParser.parseQuery(SqlParser.java:172) ~[calcite-core-1.42.0.jar:1.42.0]
	at org.apache.calcite.sql.parser.SqlParser.parseStmt(SqlParser.java:199) ~[calcite-core-1.42.0.jar:1.42.0]
	at com.minidb.server.calcite.CalciteContext.parse(CalciteContext.java:54) ~[classes/:?]
	... 27 more
2026-08-11 17:05:20.167 INFO  [nioEventLoopGroup-3-1] SessionHandler - explain ok in 3815 ms
2026-08-11 17:10:55.100 INFO  [Thread-0] Main - MiniDB shutting down
2026-08-11 17:10:55.100 INFO  [Thread-0] MiniDbServer - MiniDB server closed
2026-08-11 17:11:01.423 INFO  [main] Main - MiniDB starting on port 8899 with data dir data
2026-08-11 17:11:02.141 INFO  [main] StorageManager - loaded 1 table(s)
2026-08-11 17:11:02.840 INFO  [main] MiniDbServer - MiniDB server bound to port 8899
2026-08-11 17:11:02.841 INFO  [main] Main - MiniDB listening on port 8899
2026-08-11 17:11:20.554 INFO  [nioEventLoopGroup-3-1] SessionHandler - query ok: 1 rows returned in 1344 ms
2026-08-11 17:34:48.308 INFO  [nioEventLoopGroup-3-1] SessionHandler - query ok: 1 rows returned in 10 ms
2026-08-11 17:34:52.676 INFO  [nioEventLoopGroup-3-1] SessionHandler - query ok: 1 rows returned in 7 ms
2026-08-11 17:34:58.851 INFO  [nioEventLoopGroup-3-1] SessionHandler - query ok: 1 rows returned in 7 ms
2026-08-11 17:35:05.104 INFO  [nioEventLoopGroup-3-1] SessionHandler - query ok: 1 rows affected in 340 ms
2026-08-11 17:35:05.121 INFO  [nioEventLoopGroup-3-1] SessionHandler - query ok: 1 rows affected in 5 ms
2026-08-11 17:35:05.143 INFO  [nioEventLoopGroup-3-1] SessionHandler - query ok: 1 rows affected in 6 ms
2026-08-11 17:35:09.013 INFO  [nioEventLoopGroup-3-1] SessionHandler - query ok: 1 rows returned in 9 ms
2026-08-11 17:35:11.152 INFO  [nioEventLoopGroup-3-1] SessionHandler - query ok: 1 rows returned in 8 ms
2026-08-11 17:35:11.530 INFO  [nioEventLoopGroup-3-1] SessionHandler - query ok: 1 rows returned in 8 ms
2026-08-11 17:36:22.877 INFO  [nioEventLoopGroup-3-1] SessionHandler - query ok: 6 rows returned in 7 ms
2026-08-11 17:36:28.238 INFO  [nioEventLoopGroup-3-1] SessionHandler - query ok: 1 rows returned in 7 ms
2026-08-11 17:37:02.706 WARN  [nioEventLoopGroup-3-1] SessionHandler - query failed in 132 ms: select count(*) from t
org.apache.calcite.plan.RelOptPlanner$CannotPlanException: There are not enough rules to produce a node with desired properties: convention=MINIDB.
Missing conversion is LogicalAggregate[convention: NONE -> MINIDB]
There is 1 empty subset: rel#250:RelSubset#1.MINIDB, the relevant part of the original plan is as follows
248:LogicalAggregate(group=[{}], EXPR$0=[COUNT()])
  244:LogicalTableScan(subset=[rel#247:RelSubset#0.NONE], table=[[minidb, t]])

Root: rel#250:RelSubset#1.MINIDB
Original rel:
LogicalAggregate(subset=[rel#250:RelSubset#1.MINIDB], group=[{}], EXPR$0=[COUNT()]): rowcount = 1.0, cumulative cost = {1.125 rows, 0.0 cpu, 0.0 io}, id = 248
  LogicalTableScan(subset=[rel#247:RelSubset#0.NONE], table=[[minidb, t]]): rowcount = 100.0, cumulative cost = {100.0 rows, 101.0 cpu, 0.0 io}, id = 244

Sets:
Set#0, type: RecordType(INTEGER id, VARCHAR(65536) name)
	rel#247:RelSubset#0.NONE, best=null
		rel#244:LogicalTableScan.NONE(table=[minidb, t]), rowcount=100.0, cumulative cost={inf}
	rel#253:RelSubset#0.MINIDB, best=rel#252
		rel#252:MiniDbScan.MINIDB(table=[minidb, t]), rowcount=100.0, cumulative cost={100.0 rows, 101.0 cpu, 0.0 io}
Set#1, type: RecordType(BIGINT EXPR$0)
	rel#249:RelSubset#1.NONE, best=null
		rel#248:LogicalAggregate.NONE(input=RelSubset#247,group={},EXPR$0=COUNT()), rowcount=1.0, cumulative cost={inf}
	rel#250:RelSubset#1.MINIDB, best=null
		rel#251:AbstractConverter.MINIDB(input=RelSubset#249,convention=MINIDB), rowcount=1.0, cumulative cost={inf}

Graphviz:
digraph G {
	root [style=filled,label="Root"];
	subgraph cluster0{
		label="Set 0 RecordType(INTEGER id, VARCHAR(65536) name)";
		rel244 [label="rel#244:LogicalTableScan\ntable=[minidb, t]\nrows=100.0, cost={inf}",shape=box]
		rel252 [label="rel#252:MiniDbScan\ntable=[minidb, t]\nrows=100.0, cost={100.0 rows, 101.0 cpu, 0.0 io}",color=blue,shape=box]
		subset247 [label="rel#247:RelSubset#0.NONE"]
		subset253 [label="rel#253:RelSubset#0.MINIDB"]
	}
	subgraph cluster1{
		label="Set 1 RecordType(BIGINT EXPR$0)";
		rel248 [label="rel#248:LogicalAggregate\ninput=RelSubset#247,group={},EXPR$0=COUNT()\nrows=1.0, cost={inf}",shape=box]
		rel251 [label="rel#251:AbstractConverter\ninput=RelSubset#249,convention=MINIDB\nrows=1.0, cost={inf}",shape=box]
		subset249 [label="rel#249:RelSubset#1.NONE"]
		subset250 [label="rel#250:RelSubset#1.MINIDB",color=red]
	}
	root -> subset250;
	subset247 -> rel244;
	subset253 -> rel252[color=blue];
	subset249 -> rel248; rel248 -> subset247;
	subset250 -> rel251; rel251 -> subset249;
}
	at org.apache.calcite.plan.volcano.RelSubset$CheapestPlanReplacer.visit(RelSubset.java:718) ~[calcite-core-1.42.0.jar:1.42.0]
	at org.apache.calcite.plan.volcano.RelSubset.buildCheapestPlan(RelSubset.java:391) ~[calcite-core-1.42.0.jar:1.42.0]
	at org.apache.calcite.plan.volcano.VolcanoPlanner.findBestExp(VolcanoPlanner.java:535) ~[calcite-core-1.42.0.jar:1.42.0]
	at com.minidb.server.plan.Planner.plan(Planner.java:37) ~[classes/:?]
	at com.minidb.server.exec.QueryExecutor.execute(QueryExecutor.java:65) ~[classes/:?]
	at com.minidb.server.netty.SessionHandler.handleExecute(SessionHandler.java:41) [classes/:?]
	at com.minidb.server.netty.SessionHandler.channelRead0(SessionHandler.java:31) [classes/:?]
	at com.minidb.server.netty.SessionHandler.channelRead0(SessionHandler.java:16) [classes/:?]
	at io.netty.channel.SimpleChannelInboundHandler.channelRead(SimpleChannelInboundHandler.java:99) [netty-transport-4.1.137.Final.jar:4.1.137.Final]
	at io.netty.channel.AbstractChannelHandlerContext.invokeChannelRead(AbstractChannelHandlerContext.java:444) [netty-transport-4.1.137.Final.jar:4.1.137.Final]
	at io.netty.channel.AbstractChannelHandlerContext.invokeChannelRead(AbstractChannelHandlerContext.java:420) [netty-transport-4.1.137.Final.jar:4.1.137.Final]
	at io.netty.channel.AbstractChannelHandlerContext.fireChannelRead(AbstractChannelHandlerContext.java:412) [netty-transport-4.1.137.Final.jar:4.1.137.Final]
	at io.netty.handler.codec.ByteToMessageDecoder.fireChannelRead(ByteToMessageDecoder.java:361) [netty-codec-4.1.137.Final.jar:4.1.137.Final]
	at io.netty.handler.codec.ByteToMessageDecoder.channelRead(ByteToMessageDecoder.java:325) [netty-codec-4.1.137.Final.jar:4.1.137.Final]
	at io.netty.channel.AbstractChannelHandlerContext.invokeChannelRead(AbstractChannelHandlerContext.java:444) [netty-transport-4.1.137.Final.jar:4.1.137.Final]
	at io.netty.channel.AbstractChannelHandlerContext.invokeChannelRead(AbstractChannelHandlerContext.java:420) [netty-transport-4.1.137.Final.jar:4.1.137.Final]
	at io.netty.channel.AbstractChannelHandlerContext.fireChannelRead(AbstractChannelHandlerContext.java:412) [netty-transport-4.1.137.Final.jar:4.1.137.Final]
	at io.netty.channel.DefaultChannelPipeline$HeadContext.channelRead(DefaultChannelPipeline.java:1357) [netty-transport-4.1.137.Final.jar:4.1.137.Final]
	at io.netty.channel.AbstractChannelHandlerContext.invokeChannelRead(AbstractChannelHandlerContext.java:440) [netty-transport-4.1.137.Final.jar:4.1.137.Final]
	at io.netty.channel.AbstractChannelHandlerContext.invokeChannelRead(AbstractChannelHandlerContext.java:420) [netty-transport-4.1.137.Final.jar:4.1.137.Final]
	at io.netty.channel.DefaultChannelPipeline.fireChannelRead(DefaultChannelPipeline.java:868) [netty-transport-4.1.137.Final.jar:4.1.137.Final]
	at io.netty.channel.nio.AbstractNioByteChannel$NioByteUnsafe.read(AbstractNioByteChannel.java:171) [netty-transport-4.1.137.Final.jar:4.1.137.Final]
	at io.netty.channel.nio.NioEventLoop.processSelectedKey(NioEventLoop.java:796) [netty-transport-4.1.137.Final.jar:4.1.137.Final]
	at io.netty.channel.nio.NioEventLoop.processSelectedKeysOptimized(NioEventLoop.java:732) [netty-transport-4.1.137.Final.jar:4.1.137.Final]
	at io.netty.channel.nio.NioEventLoop.processSelectedKeys(NioEventLoop.java:658) [netty-transport-4.1.137.Final.jar:4.1.137.Final]
	at io.netty.channel.nio.NioEventLoop.run(NioEventLoop.java:562) [netty-transport-4.1.137.Final.jar:4.1.137.Final]
	at io.netty.util.concurrent.SingleThreadEventExecutor$4.run(SingleThreadEventExecutor.java:1007) [netty-common-4.1.137.Final.jar:4.1.137.Final]
	at io.netty.util.internal.ThreadExecutorMap$2.run(ThreadExecutorMap.java:74) [netty-common-4.1.137.Final.jar:4.1.137.Final]
	at io.netty.util.concurrent.FastThreadLocalRunnable.run(FastThreadLocalRunnable.java:30) [netty-common-4.1.137.Final.jar:4.1.137.Final]
	at java.base/java.lang.Thread.run(Thread.java:840) [?:?]
2026-08-11 19:46:33.430 INFO  [nioEventLoopGroup-3-1] SessionHandler - query ok: 1 rows returned in 125 ms
2026-08-11 22:53:06.004 INFO  [Thread-0] Main - MiniDB shutting down
2026-08-11 22:53:06.015 INFO  [Thread-0] MiniDbServer - MiniDB server closed
2026-08-11 23:04:52.721 INFO  [main] Main - MiniDB starting on port 8899 with data dir data
2026-08-11 23:04:53.594 INFO  [main] StorageManager - loaded 1 table(s)
2026-08-11 23:04:54.740 INFO  [main] MiniDbServer - MiniDB server bound to port 8899
2026-08-11 23:04:54.740 INFO  [main] Main - MiniDB listening on port 8899
2026-08-11 23:05:30.541 INFO  [Thread-0] Main - MiniDB shutting down
2026-08-11 23:05:30.542 INFO  [Thread-0] MiniDbServer - MiniDB server closed
2026-08-11 23:05:52.483 INFO  [main] Main - MiniDB starting on port 8899 with data dir data
2026-08-11 23:05:53.430 INFO  [main] StorageManager - loaded 1 table(s)
2026-08-11 23:05:54.297 INFO  [main] MiniDbServer - MiniDB server bound to port 8899
2026-08-11 23:05:54.298 INFO  [main] Main - MiniDB listening on port 8899
2026-08-11 23:06:04.813 INFO  [nioEventLoopGroup-3-1] SessionHandler - query ok: 6 rows returned in 1208 ms
2026-08-11 23:06:32.064 INFO  [nioEventLoopGroup-3-1] SessionHandler - query ok: 1 rows affected in 56 ms
2026-08-11 23:06:32.109 INFO  [nioEventLoopGroup-3-1] SessionHandler - query ok: 1 rows affected in 6 ms
2026-08-11 23:06:32.139 INFO  [nioEventLoopGroup-3-1] SessionHandler - query ok: 1 rows affected in 7 ms
2026-08-11 23:06:35.198 INFO  [Thread-0] Main - MiniDB shutting down
2026-08-11 23:06:38.730 INFO  [main] Main - MiniDB starting on port 8899 with data dir data
2026-08-11 23:06:39.402 INFO  [main] StorageManager - loaded 1 table(s)
2026-08-11 23:06:40.187 INFO  [main] MiniDbServer - MiniDB server bound to port 8899
2026-08-11 23:06:40.188 INFO  [main] Main - MiniDB listening on port 8899
2026-08-11 23:06:46.035 INFO  [nioEventLoopGroup-3-1] SessionHandler - query ok: 6 rows returned in 1257 ms
2026-08-11 23:06:55.008 INFO  [Thread-0] Main - MiniDB shutting down
2026-08-11 23:07:01.009 INFO  [main] Main - MiniDB starting on port 8899 with data dir data
2026-08-11 23:07:01.850 INFO  [main] StorageManager - loaded 1 table(s)
2026-08-11 23:07:02.576 INFO  [main] MiniDbServer - MiniDB server bound to port 8899
2026-08-11 23:07:02.578 INFO  [main] Main - MiniDB listening on port 8899
2026-08-12 00:00:15.519 WARN  [nioEventLoopGroup-3-1] SessionHandler - query failed in 162 ms: analyze t
java.lang.IllegalArgumentException: Non-query expression encountered in illegal context
	at com.minidb.server.calcite.CalciteContext.parse(CalciteContext.java:56) ~[classes/:?]
	at com.minidb.server.exec.QueryExecutor.execute(QueryExecutor.java:44) ~[classes/:?]
	at com.minidb.server.netty.SessionHandler.handleExecute(SessionHandler.java:41) [classes/:?]
	at com.minidb.server.netty.SessionHandler.channelRead0(SessionHandler.java:31) [classes/:?]
	at com.minidb.server.netty.SessionHandler.channelRead0(SessionHandler.java:16) [classes/:?]
	at io.netty.channel.SimpleChannelInboundHandler.channelRead(SimpleChannelInboundHandler.java:99) [netty-transport-4.1.137.Final.jar:4.1.137.Final]
	at io.netty.channel.AbstractChannelHandlerContext.invokeChannelRead(AbstractChannelHandlerContext.java:444) [netty-transport-4.1.137.Final.jar:4.1.137.Final]
	at io.netty.channel.AbstractChannelHandlerContext.invokeChannelRead(AbstractChannelHandlerContext.java:420) [netty-transport-4.1.137.Final.jar:4.1.137.Final]
	at io.netty.channel.AbstractChannelHandlerContext.fireChannelRead(AbstractChannelHandlerContext.java:412) [netty-transport-4.1.137.Final.jar:4.1.137.Final]
	at io.netty.handler.codec.ByteToMessageDecoder.fireChannelRead(ByteToMessageDecoder.java:361) [netty-codec-4.1.137.Final.jar:4.1.137.Final]
	at io.netty.handler.codec.ByteToMessageDecoder.channelRead(ByteToMessageDecoder.java:325) [netty-codec-4.1.137.Final.jar:4.1.137.Final]
	at io.netty.channel.AbstractChannelHandlerContext.invokeChannelRead(AbstractChannelHandlerContext.java:444) [netty-transport-4.1.137.Final.jar:4.1.137.Final]
	at io.netty.channel.AbstractChannelHandlerContext.invokeChannelRead(AbstractChannelHandlerContext.java:420) [netty-transport-4.1.137.Final.jar:4.1.137.Final]
	at io.netty.channel.AbstractChannelHandlerContext.fireChannelRead(AbstractChannelHandlerContext.java:412) [netty-transport-4.1.137.Final.jar:4.1.137.Final]
	at io.netty.channel.DefaultChannelPipeline$HeadContext.channelRead(DefaultChannelPipeline.java:1357) [netty-transport-4.1.137.Final.jar:4.1.137.Final]
	at io.netty.channel.AbstractChannelHandlerContext.invokeChannelRead(AbstractChannelHandlerContext.java:440) [netty-transport-4.1.137.Final.jar:4.1.137.Final]
	at io.netty.channel.AbstractChannelHandlerContext.invokeChannelRead(AbstractChannelHandlerContext.java:420) [netty-transport-4.1.137.Final.jar:4.1.137.Final]
	at io.netty.channel.DefaultChannelPipeline.fireChannelRead(DefaultChannelPipeline.java:868) [netty-transport-4.1.137.Final.jar:4.1.137.Final]
	at io.netty.channel.nio.AbstractNioByteChannel$NioByteUnsafe.read(AbstractNioByteChannel.java:171) [netty-transport-4.1.137.Final.jar:4.1.137.Final]
	at io.netty.channel.nio.NioEventLoop.processSelectedKey(NioEventLoop.java:796) [netty-transport-4.1.137.Final.jar:4.1.137.Final]
	at io.netty.channel.nio.NioEventLoop.processSelectedKeysOptimized(NioEventLoop.java:732) [netty-transport-4.1.137.Final.jar:4.1.137.Final]
	at io.netty.channel.nio.NioEventLoop.processSelectedKeys(NioEventLoop.java:658) [netty-transport-4.1.137.Final.jar:4.1.137.Final]
	at io.netty.channel.nio.NioEventLoop.run(NioEventLoop.java:562) [netty-transport-4.1.137.Final.jar:4.1.137.Final]
	at io.netty.util.concurrent.SingleThreadEventExecutor$4.run(SingleThreadEventExecutor.java:1007) [netty-common-4.1.137.Final.jar:4.1.137.Final]
	at io.netty.util.internal.ThreadExecutorMap$2.run(ThreadExecutorMap.java:74) [netty-common-4.1.137.Final.jar:4.1.137.Final]
	at io.netty.util.concurrent.FastThreadLocalRunnable.run(FastThreadLocalRunnable.java:30) [netty-common-4.1.137.Final.jar:4.1.137.Final]
	at java.base/java.lang.Thread.run(Thread.java:840) [?:?]
Caused by: org.apache.calcite.sql.parser.SqlParseException: Non-query expression encountered in illegal context
	at org.apache.calcite.sql.parser.ddl.SqlDdlParserImpl.convertException(SqlDdlParserImpl.java:438) ~[calcite-server-1.42.0.jar:1.42.0]
	at org.apache.calcite.sql.parser.ddl.SqlDdlParserImpl.normalizeException(SqlDdlParserImpl.java:184) ~[calcite-server-1.42.0.jar:1.42.0]
	at org.apache.calcite.sql.parser.SqlParser.handleException(SqlParser.java:159) ~[calcite-core-1.42.0.jar:1.42.0]
	at org.apache.calcite.sql.parser.SqlParser.parseQuery(SqlParser.java:174) ~[calcite-core-1.42.0.jar:1.42.0]
	at org.apache.calcite.sql.parser.SqlParser.parseStmt(SqlParser.java:199) ~[calcite-core-1.42.0.jar:1.42.0]
	at com.minidb.server.calcite.CalciteContext.parse(CalciteContext.java:54) ~[classes/:?]
	... 26 more
Caused by: org.apache.calcite.runtime.CalciteException: Non-query expression encountered in illegal context
	at java.base/jdk.internal.reflect.NativeConstructorAccessorImpl.newInstance0(Native Method) ~[?:?]
	at java.base/jdk.internal.reflect.NativeConstructorAccessorImpl.newInstance(NativeConstructorAccessorImpl.java:77) ~[?:?]
	at java.base/jdk.internal.reflect.DelegatingConstructorAccessorImpl.newInstance(DelegatingConstructorAccessorImpl.java:45) ~[?:?]
	at java.base/java.lang.reflect.Constructor.newInstanceWithCaller(Constructor.java:500) ~[?:?]
	at java.base/java.lang.reflect.Constructor.newInstance(Constructor.java:481) ~[?:?]
	at org.apache.calcite.runtime.Resources$ExInstWithCause.ex(Resources.java:511) ~[calcite-core-1.42.0.jar:1.42.0]
	at org.apache.calcite.runtime.Resources$ExInst.ex(Resources.java:605) ~[calcite-core-1.42.0.jar:1.42.0]
	at org.apache.calcite.sql.SqlUtil.newContextException(SqlUtil.java:960) ~[calcite-core-1.42.0.jar:1.42.0]
	at org.apache.calcite.sql.SqlUtil.newContextException(SqlUtil.java:945) ~[calcite-core-1.42.0.jar:1.42.0]
	at org.apache.calcite.sql.parser.ddl.SqlDdlParserImpl.checkNonQueryExpression(SqlDdlParserImpl.java:354) ~[calcite-server-1.42.0.jar:1.42.0]
	at org.apache.calcite.sql.parser.ddl.SqlDdlParserImpl.Expression3(SqlDdlParserImpl.java:12942) ~[calcite-server-1.42.0.jar:1.42.0]
	at org.apache.calcite.sql.parser.ddl.SqlDdlParserImpl.AddExpression2b(SqlDdlParserImpl.java:12556) ~[calcite-server-1.42.0.jar:1.42.0]
	at org.apache.calcite.sql.parser.ddl.SqlDdlParserImpl.Expression2(SqlDdlParserImpl.java:12599) ~[calcite-server-1.42.0.jar:1.42.0]
	at org.apache.calcite.sql.parser.ddl.SqlDdlParserImpl.Expression(SqlDdlParserImpl.java:12075) ~[calcite-server-1.42.0.jar:1.42.0]
	at org.apache.calcite.sql.parser.ddl.SqlDdlParserImpl.LeafQueryOrExpr(SqlDdlParserImpl.java:12053) ~[calcite-server-1.42.0.jar:1.42.0]
	at org.apache.calcite.sql.parser.ddl.SqlDdlParserImpl.QueryOrExpr(SqlDdlParserImpl.java:11873) ~[calcite-server-1.42.0.jar:1.42.0]
	at org.apache.calcite.sql.parser.ddl.SqlDdlParserImpl.OrderedQueryOrExpr(SqlDdlParserImpl.java:609) ~[calcite-server-1.42.0.jar:1.42.0]
	at org.apache.calcite.sql.parser.ddl.SqlDdlParserImpl.SqlStmt(SqlDdlParserImpl.java:1238) ~[calcite-server-1.42.0.jar:1.42.0]
	at org.apache.calcite.sql.parser.ddl.SqlDdlParserImpl.SqlStmtEof(SqlDdlParserImpl.java:1279) ~[calcite-server-1.42.0.jar:1.42.0]
	at org.apache.calcite.sql.parser.ddl.SqlDdlParserImpl.parseSqlStmtEof(SqlDdlParserImpl.java:232) ~[calcite-server-1.42.0.jar:1.42.0]
	at org.apache.calcite.sql.parser.SqlParser.parseQuery(SqlParser.java:172) ~[calcite-core-1.42.0.jar:1.42.0]
	at org.apache.calcite.sql.parser.SqlParser.parseStmt(SqlParser.java:199) ~[calcite-core-1.42.0.jar:1.42.0]
	at com.minidb.server.calcite.CalciteContext.parse(CalciteContext.java:54) ~[classes/:?]
	... 26 more
2026-08-12 00:00:23.054 INFO  [Thread-0] Main - MiniDB shutting down
2026-08-12 00:00:23.055 INFO  [Thread-0] MiniDbServer - MiniDB server closed
2026-08-12 00:00:30.189 INFO  [main] Main - MiniDB starting on port 8899 with data dir data
2026-08-12 00:00:30.868 INFO  [main] StorageManager - loaded 1 table(s)
2026-08-12 00:00:31.512 INFO  [main] MiniDbServer - MiniDB server bound to port 8899
2026-08-12 00:00:31.513 INFO  [main] Main - MiniDB listening on port 8899
2026-08-12 00:00:41.579 INFO  [nioEventLoopGroup-3-1] SessionHandler - query ok: 0 rows affected in 49 ms
2026-08-12 00:33:46.744 INFO  [nioEventLoopGroup-3-1] SessionHandler - query ok: 2 rows returned in 1491 ms
2026-08-12 00:34:13.511 INFO  [nioEventLoopGroup-3-1] SessionHandler - query ok: 2 rows returned in 9 ms
2026-08-12 00:34:29.594 INFO  [nioEventLoopGroup-3-1] SessionHandler - query ok: 2 rows returned in 12 ms
2026-08-12 00:34:30.017 INFO  [nioEventLoopGroup-3-1] SessionHandler - query ok: 2 rows returned in 11 ms
2026-08-12 00:34:35.226 INFO  [nioEventLoopGroup-3-1] SessionHandler - query ok: 2 rows returned in 7 ms
2026-08-12 00:34:47.729 INFO  [nioEventLoopGroup-3-1] SessionHandler - query ok: 2 rows returned in 6 ms
2026-08-12 07:59:47.400 WARN  [nioEventLoopGroup-3-1] SessionHandler - channel exception, closing
java.net.SocketException: Connection reset
	at java.base/sun.nio.ch.SocketChannelImpl.throwConnectionReset(SocketChannelImpl.java:394) ~[?:?]
	at java.base/sun.nio.ch.SocketChannelImpl.read(SocketChannelImpl.java:426) ~[?:?]
	at io.netty.buffer.PooledByteBuf.setBytes(PooledByteBuf.java:255) ~[netty-buffer-4.1.137.Final.jar:19.0.0]
	at io.netty.buffer.AbstractByteBuf.writeBytes(AbstractByteBuf.java:1132) ~[netty-buffer-4.1.137.Final.jar:19.0.0]
	at io.netty.channel.socket.nio.NioSocketChannel.doReadBytes(NioSocketChannel.java:356) ~[netty-transport-4.1.137.Final.jar:4.1.137.Final]
	at io.netty.channel.nio.AbstractNioByteChannel$NioByteUnsafe.read(AbstractNioByteChannel.java:156) [netty-transport-4.1.137.Final.jar:4.1.137.Final]
	at io.netty.channel.nio.NioEventLoop.processSelectedKey(NioEventLoop.java:796) [netty-transport-4.1.137.Final.jar:4.1.137.Final]
	at io.netty.channel.nio.NioEventLoop.processSelectedKeysOptimized(NioEventLoop.java:732) [netty-transport-4.1.137.Final.jar:4.1.137.Final]
	at io.netty.channel.nio.NioEventLoop.processSelectedKeys(NioEventLoop.java:658) [netty-transport-4.1.137.Final.jar:4.1.137.Final]
	at io.netty.channel.nio.NioEventLoop.run(NioEventLoop.java:562) [netty-transport-4.1.137.Final.jar:4.1.137.Final]
	at io.netty.util.concurrent.SingleThreadEventExecutor$4.run(SingleThreadEventExecutor.java:1007) [netty-common-4.1.137.Final.jar:4.1.137.Final]
	at io.netty.util.internal.ThreadExecutorMap$2.run(ThreadExecutorMap.java:74) [netty-common-4.1.137.Final.jar:4.1.137.Final]
	at io.netty.util.concurrent.FastThreadLocalRunnable.run(FastThreadLocalRunnable.java:30) [netty-common-4.1.137.Final.jar:4.1.137.Final]
	at java.base/java.lang.Thread.run(Thread.java:840) [?:?]
2026-08-12 10:10:48.821 INFO  [Thread-0] Main - MiniDB shutting down
2026-08-12 10:10:48.838 INFO  [Thread-0] MiniDbServer - MiniDB server closed
2026-08-12 10:10:56.167 INFO  [main] Main - MiniDB starting on port 8899 with data dir data
2026-08-12 10:10:56.321 INFO  [main] StorageManager - loaded 0 table(s)
2026-08-12 10:10:57.107 INFO  [main] MiniDbServer - MiniDB server bound to port 8899
2026-08-12 10:10:57.108 INFO  [main] Main - MiniDB listening on port 8899
2026-08-12 10:11:55.823 WARN  [nioEventLoopGroup-3-3] SessionHandler - query failed in 857 ms: SELECT id, name FROM t ORDER BY id
org.apache.calcite.runtime.CalciteContextException: At line 1, column 22: Object 't' not found
	at java.base/jdk.internal.reflect.NativeConstructorAccessorImpl.newInstance0(Native Method) ~[?:?]
	at java.base/jdk.internal.reflect.NativeConstructorAccessorImpl.newInstance(NativeConstructorAccessorImpl.java:77) ~[?:?]
	at java.base/jdk.internal.reflect.DelegatingConstructorAccessorImpl.newInstance(DelegatingConstructorAccessorImpl.java:45) ~[?:?]
	at java.base/java.lang.reflect.Constructor.newInstanceWithCaller(Constructor.java:500) ~[?:?]
	at java.base/java.lang.reflect.Constructor.newInstance(Constructor.java:481) ~[?:?]
	at org.apache.calcite.runtime.Resources$ExInstWithCause.ex(Resources.java:511) ~[calcite-core-1.42.0.jar:1.42.0]
	at org.apache.calcite.sql.SqlUtil.newContextException(SqlUtil.java:960) ~[calcite-core-1.42.0.jar:1.42.0]
	at org.apache.calcite.sql.SqlUtil.newContextException(SqlUtil.java:945) ~[calcite-core-1.42.0.jar:1.42.0]
	at org.apache.calcite.sql.validate.SqlValidatorImpl.newValidationError(SqlValidatorImpl.java:6376) ~[calcite-core-1.42.0.jar:1.42.0]
	at org.apache.calcite.sql.validate.IdentifierNamespace.resolveImpl(IdentifierNamespace.java:184) ~[calcite-core-1.42.0.jar:1.42.0]
	at org.apache.calcite.sql.validate.IdentifierNamespace.validateImpl(IdentifierNamespace.java:189) ~[calcite-core-1.42.0.jar:1.42.0]
	at org.apache.calcite.sql.validate.AbstractNamespace.validate(AbstractNamespace.java:96) ~[calcite-core-1.42.0.jar:1.42.0]
	at org.apache.calcite.sql.validate.SqlValidatorImpl.validateNamespace(SqlValidatorImpl.java:1491) ~[calcite-core-1.42.0.jar:1.42.0]
	at org.apache.calcite.sql.validate.SqlValidatorImpl.validateQuery(SqlValidatorImpl.java:1462) ~[calcite-core-1.42.0.jar:1.42.0]
	at org.apache.calcite.sql.validate.SqlValidatorImpl.validateFrom(SqlValidatorImpl.java:3924) ~[calcite-core-1.42.0.jar:1.42.0]
	at org.apache.calcite.sql.validate.SqlValidatorImpl.validateFrom(SqlValidatorImpl.java:3903) ~[calcite-core-1.42.0.jar:1.42.0]
	at org.apache.calcite.sql.validate.SqlValidatorImpl.validateSelect(SqlValidatorImpl.java:4437) ~[calcite-core-1.42.0.jar:1.42.0]
	at org.apache.calcite.sql.validate.SelectNamespace.validateImpl(SelectNamespace.java:62) ~[calcite-core-1.42.0.jar:1.42.0]
	at org.apache.calcite.sql.validate.AbstractNamespace.validate(AbstractNamespace.java:96) ~[calcite-core-1.42.0.jar:1.42.0]
	at org.apache.calcite.sql.validate.SqlValidatorImpl.validateNamespace(SqlValidatorImpl.java:1491) ~[calcite-core-1.42.0.jar:1.42.0]
	at org.apache.calcite.sql.validate.SqlValidatorImpl.validateQuery(SqlValidatorImpl.java:1462) ~[calcite-core-1.42.0.jar:1.42.0]
	at org.apache.calcite.sql.SqlSelect.validate(SqlSelect.java:292) ~[calcite-core-1.42.0.jar:1.42.0]
	at org.apache.calcite.sql.validate.SqlValidatorImpl.validateScopedExpression(SqlValidatorImpl.java:1428) ~[calcite-core-1.42.0.jar:1.42.0]
	at org.apache.calcite.sql.validate.SqlValidatorImpl.validate(SqlValidatorImpl.java:1134) ~[calcite-core-1.42.0.jar:1.42.0]
	at com.minidb.server.calcite.CalciteContext.planInCluster(CalciteContext.java:86) ~[classes/:?]
	at com.minidb.server.plan.Planner.plan(Planner.java:36) ~[classes/:?]
	at com.minidb.server.exec.QueryExecutor.execute(QueryExecutor.java:99) ~[classes/:?]
	at com.minidb.server.netty.SessionHandler.handleExecute(SessionHandler.java:43) [classes/:?]
	at com.minidb.server.netty.SessionHandler.channelRead0(SessionHandler.java:33) [classes/:?]
	at com.minidb.server.netty.SessionHandler.channelRead0(SessionHandler.java:17) [classes/:?]
	at io.netty.channel.SimpleChannelInboundHandler.channelRead(SimpleChannelInboundHandler.java:99) [netty-transport-4.1.137.Final.jar:4.1.137.Final]
	at io.netty.channel.AbstractChannelHandlerContext.invokeChannelRead(AbstractChannelHandlerContext.java:444) [netty-transport-4.1.137.Final.jar:4.1.137.Final]
	at io.netty.channel.AbstractChannelHandlerContext.invokeChannelRead(AbstractChannelHandlerContext.java:420) [netty-transport-4.1.137.Final.jar:4.1.137.Final]
	at io.netty.channel.AbstractChannelHandlerContext.fireChannelRead(AbstractChannelHandlerContext.java:412) [netty-transport-4.1.137.Final.jar:4.1.137.Final]
	at io.netty.handler.codec.ByteToMessageDecoder.fireChannelRead(ByteToMessageDecoder.java:361) [netty-codec-4.1.137.Final.jar:4.1.137.Final]
	at io.netty.handler.codec.ByteToMessageDecoder.channelRead(ByteToMessageDecoder.java:325) [netty-codec-4.1.137.Final.jar:4.1.137.Final]
	at io.netty.channel.AbstractChannelHandlerContext.invokeChannelRead(AbstractChannelHandlerContext.java:444) [netty-transport-4.1.137.Final.jar:4.1.137.Final]
	at io.netty.channel.AbstractChannelHandlerContext.invokeChannelRead(AbstractChannelHandlerContext.java:420) [netty-transport-4.1.137.Final.jar:4.1.137.Final]
	at io.netty.channel.AbstractChannelHandlerContext.fireChannelRead(AbstractChannelHandlerContext.java:412) [netty-transport-4.1.137.Final.jar:4.1.137.Final]
	at io.netty.channel.DefaultChannelPipeline$HeadContext.channelRead(DefaultChannelPipeline.java:1357) [netty-transport-4.1.137.Final.jar:4.1.137.Final]
	at io.netty.channel.AbstractChannelHandlerContext.invokeChannelRead(AbstractChannelHandlerContext.java:440) [netty-transport-4.1.137.Final.jar:4.1.137.Final]
	at io.netty.channel.AbstractChannelHandlerContext.invokeChannelRead(AbstractChannelHandlerContext.java:420) [netty-transport-4.1.137.Final.jar:4.1.137.Final]
	at io.netty.channel.DefaultChannelPipeline.fireChannelRead(DefaultChannelPipeline.java:868) [netty-transport-4.1.137.Final.jar:4.1.137.Final]
	at io.netty.channel.nio.AbstractNioByteChannel$NioByteUnsafe.read(AbstractNioByteChannel.java:171) [netty-transport-4.1.137.Final.jar:4.1.137.Final]
	at io.netty.channel.nio.NioEventLoop.processSelectedKey(NioEventLoop.java:796) [netty-transport-4.1.137.Final.jar:4.1.137.Final]
	at io.netty.channel.nio.NioEventLoop.processSelectedKeysOptimized(NioEventLoop.java:732) [netty-transport-4.1.137.Final.jar:4.1.137.Final]
	at io.netty.channel.nio.NioEventLoop.processSelectedKeys(NioEventLoop.java:658) [netty-transport-4.1.137.Final.jar:4.1.137.Final]
	at io.netty.channel.nio.NioEventLoop.run(NioEventLoop.java:562) [netty-transport-4.1.137.Final.jar:4.1.137.Final]
	at io.netty.util.concurrent.SingleThreadEventExecutor$4.run(SingleThreadEventExecutor.java:1007) [netty-common-4.1.137.Final.jar:4.1.137.Final]
	at io.netty.util.internal.ThreadExecutorMap$2.run(ThreadExecutorMap.java:74) [netty-common-4.1.137.Final.jar:4.1.137.Final]
	at io.netty.util.concurrent.FastThreadLocalRunnable.run(FastThreadLocalRunnable.java:30) [netty-common-4.1.137.Final.jar:4.1.137.Final]
	at java.base/java.lang.Thread.run(Thread.java:840) [?:?]
Caused by: org.apache.calcite.sql.validate.SqlValidatorException: Object 't' not found
	at java.base/jdk.internal.reflect.NativeConstructorAccessorImpl.newInstance0(Native Method) ~[?:?]
	at java.base/jdk.internal.reflect.NativeConstructorAccessorImpl.newInstance(NativeConstructorAccessorImpl.java:77) ~[?:?]
	at java.base/jdk.internal.reflect.DelegatingConstructorAccessorImpl.newInstance(DelegatingConstructorAccessorImpl.java:45) ~[?:?]
	at java.base/java.lang.reflect.Constructor.newInstanceWithCaller(Constructor.java:500) ~[?:?]
	at java.base/java.lang.reflect.Constructor.newInstance(Constructor.java:481) ~[?:?]
	at org.apache.calcite.runtime.Resources$ExInstWithCause.ex(Resources.java:511) ~[calcite-core-1.42.0.jar:1.42.0]
	at org.apache.calcite.runtime.Resources$ExInst.ex(Resources.java:605) ~[calcite-core-1.42.0.jar:1.42.0]
	... 46 more
2026-08-12 10:20:25.442 INFO  [nioEventLoopGroup-3-3] SessionHandler - query ok: 0 rows affected in 319 ms
2026-08-12 10:21:14.874 WARN  [nioEventLoopGroup-3-3] SessionHandler - query failed in 0 ms: CREATE TABLE t (id INTEGER, name VARCHAR)
java.lang.IllegalArgumentException: table already exists: t
	at com.minidb.server.storage.StorageManager.createTable(StorageManager.java:127) ~[classes/:?]
	at com.minidb.server.exec.QueryExecutor.handleCreate(QueryExecutor.java:146) ~[classes/:?]
	at com.minidb.server.exec.QueryExecutor.execute(QueryExecutor.java:91) ~[classes/:?]
	at com.minidb.server.netty.SessionHandler.handleExecute(SessionHandler.java:43) [classes/:?]
	at com.minidb.server.netty.SessionHandler.channelRead0(SessionHandler.java:33) [classes/:?]
	at com.minidb.server.netty.SessionHandler.channelRead0(SessionHandler.java:17) [classes/:?]
	at io.netty.channel.SimpleChannelInboundHandler.channelRead(SimpleChannelInboundHandler.java:99) [netty-transport-4.1.137.Final.jar:4.1.137.Final]
	at io.netty.channel.AbstractChannelHandlerContext.invokeChannelRead(AbstractChannelHandlerContext.java:444) [netty-transport-4.1.137.Final.jar:4.1.137.Final]
	at io.netty.channel.AbstractChannelHandlerContext.invokeChannelRead(AbstractChannelHandlerContext.java:420) [netty-transport-4.1.137.Final.jar:4.1.137.Final]
	at io.netty.channel.AbstractChannelHandlerContext.fireChannelRead(AbstractChannelHandlerContext.java:412) [netty-transport-4.1.137.Final.jar:4.1.137.Final]
	at io.netty.handler.codec.ByteToMessageDecoder.fireChannelRead(ByteToMessageDecoder.java:361) [netty-codec-4.1.137.Final.jar:4.1.137.Final]
	at io.netty.handler.codec.ByteToMessageDecoder.channelRead(ByteToMessageDecoder.java:325) [netty-codec-4.1.137.Final.jar:4.1.137.Final]
	at io.netty.channel.AbstractChannelHandlerContext.invokeChannelRead(AbstractChannelHandlerContext.java:444) [netty-transport-4.1.137.Final.jar:4.1.137.Final]
	at io.netty.channel.AbstractChannelHandlerContext.invokeChannelRead(AbstractChannelHandlerContext.java:420) [netty-transport-4.1.137.Final.jar:4.1.137.Final]
	at io.netty.channel.AbstractChannelHandlerContext.fireChannelRead(AbstractChannelHandlerContext.java:412) [netty-transport-4.1.137.Final.jar:4.1.137.Final]
	at io.netty.channel.DefaultChannelPipeline$HeadContext.channelRead(DefaultChannelPipeline.java:1357) [netty-transport-4.1.137.Final.jar:4.1.137.Final]
	at io.netty.channel.AbstractChannelHandlerContext.invokeChannelRead(AbstractChannelHandlerContext.java:440) [netty-transport-4.1.137.Final.jar:4.1.137.Final]
	at io.netty.channel.AbstractChannelHandlerContext.invokeChannelRead(AbstractChannelHandlerContext.java:420) [netty-transport-4.1.137.Final.jar:4.1.137.Final]
	at io.netty.channel.DefaultChannelPipeline.fireChannelRead(DefaultChannelPipeline.java:868) [netty-transport-4.1.137.Final.jar:4.1.137.Final]
	at io.netty.channel.nio.AbstractNioByteChannel$NioByteUnsafe.read(AbstractNioByteChannel.java:171) [netty-transport-4.1.137.Final.jar:4.1.137.Final]
	at io.netty.channel.nio.NioEventLoop.processSelectedKey(NioEventLoop.java:796) [netty-transport-4.1.137.Final.jar:4.1.137.Final]
	at io.netty.channel.nio.NioEventLoop.processSelectedKeysOptimized(NioEventLoop.java:732) [netty-transport-4.1.137.Final.jar:4.1.137.Final]
	at io.netty.channel.nio.NioEventLoop.processSelectedKeys(NioEventLoop.java:658) [netty-transport-4.1.137.Final.jar:4.1.137.Final]
	at io.netty.channel.nio.NioEventLoop.run(NioEventLoop.java:562) [netty-transport-4.1.137.Final.jar:4.1.137.Final]
	at io.netty.util.concurrent.SingleThreadEventExecutor$4.run(SingleThreadEventExecutor.java:1007) [netty-common-4.1.137.Final.jar:4.1.137.Final]
	at io.netty.util.internal.ThreadExecutorMap$2.run(ThreadExecutorMap.java:74) [netty-common-4.1.137.Final.jar:4.1.137.Final]
	at io.netty.util.concurrent.FastThreadLocalRunnable.run(FastThreadLocalRunnable.java:30) [netty-common-4.1.137.Final.jar:4.1.137.Final]
	at java.base/java.lang.Thread.run(Thread.java:840) [?:?]
2026-08-12 10:22:47.038 INFO  [Thread-0] Main - MiniDB shutting down
2026-08-12 10:23:47.048 INFO  [main] Main - MiniDB starting on port 8899 with data dir data
2026-08-12 10:23:47.232 INFO  [main] StorageManager - loaded 0 table(s)
2026-08-12 10:23:48.108 INFO  [main] MiniDbServer - MiniDB server bound to port 8899
2026-08-12 10:23:48.108 INFO  [main] Main - MiniDB listening on port 8899
2026-08-12 10:25:16.003 INFO  [nioEventLoopGroup-3-1] SessionHandler - query ok: 0 rows affected in 85161 ms
2026-08-12 11:07:34.552 WARN  [nioEventLoopGroup-3-1] SessionHandler - query failed in 6196 ms: CREATE TABLE t (id INTEGER, name VARCHAR)
java.lang.IllegalArgumentException: table already exists: t
	at com.minidb.server.storage.StorageManager.createTable(StorageManager.java:127) ~[classes/:?]
	at com.minidb.server.exec.QueryExecutor.handleCreate(QueryExecutor.java:146) ~[classes/:?]
	at com.minidb.server.exec.QueryExecutor.execute(QueryExecutor.java:91) ~[classes/:?]
	at com.minidb.server.netty.SessionHandler.handleExecute(SessionHandler.java:43) [classes/:?]
	at com.minidb.server.netty.SessionHandler.channelRead0(SessionHandler.java:33) [classes/:?]
	at com.minidb.server.netty.SessionHandler.channelRead0(SessionHandler.java:17) [classes/:?]
	at io.netty.channel.SimpleChannelInboundHandler.channelRead(SimpleChannelInboundHandler.java:99) [netty-transport-4.1.137.Final.jar:4.1.137.Final]
	at io.netty.channel.AbstractChannelHandlerContext.invokeChannelRead(AbstractChannelHandlerContext.java:444) [netty-transport-4.1.137.Final.jar:4.1.137.Final]
	at io.netty.channel.AbstractChannelHandlerContext.invokeChannelRead(AbstractChannelHandlerContext.java:420) [netty-transport-4.1.137.Final.jar:4.1.137.Final]
	at io.netty.channel.AbstractChannelHandlerContext.fireChannelRead(AbstractChannelHandlerContext.java:412) [netty-transport-4.1.137.Final.jar:4.1.137.Final]
	at io.netty.handler.codec.ByteToMessageDecoder.fireChannelRead(ByteToMessageDecoder.java:361) [netty-codec-4.1.137.Final.jar:4.1.137.Final]
	at io.netty.handler.codec.ByteToMessageDecoder.channelRead(ByteToMessageDecoder.java:325) [netty-codec-4.1.137.Final.jar:4.1.137.Final]
	at io.netty.channel.AbstractChannelHandlerContext.invokeChannelRead(AbstractChannelHandlerContext.java:444) [netty-transport-4.1.137.Final.jar:4.1.137.Final]
	at io.netty.channel.AbstractChannelHandlerContext.invokeChannelRead(AbstractChannelHandlerContext.java:420) [netty-transport-4.1.137.Final.jar:4.1.137.Final]
	at io.netty.channel.AbstractChannelHandlerContext.fireChannelRead(AbstractChannelHandlerContext.java:412) [netty-transport-4.1.137.Final.jar:4.1.137.Final]
	at io.netty.channel.DefaultChannelPipeline$HeadContext.channelRead(DefaultChannelPipeline.java:1357) [netty-transport-4.1.137.Final.jar:4.1.137.Final]
	at io.netty.channel.AbstractChannelHandlerContext.invokeChannelRead(AbstractChannelHandlerContext.java:440) [netty-transport-4.1.137.Final.jar:4.1.137.Final]
	at io.netty.channel.AbstractChannelHandlerContext.invokeChannelRead(AbstractChannelHandlerContext.java:420) [netty-transport-4.1.137.Final.jar:4.1.137.Final]
	at io.netty.channel.DefaultChannelPipeline.fireChannelRead(DefaultChannelPipeline.java:868) [netty-transport-4.1.137.Final.jar:4.1.137.Final]
	at io.netty.channel.nio.AbstractNioByteChannel$NioByteUnsafe.read(AbstractNioByteChannel.java:171) [netty-transport-4.1.137.Final.jar:4.1.137.Final]
	at io.netty.channel.nio.NioEventLoop.processSelectedKey(NioEventLoop.java:796) [netty-transport-4.1.137.Final.jar:4.1.137.Final]
	at io.netty.channel.nio.NioEventLoop.processSelectedKeysOptimized(NioEventLoop.java:732) [netty-transport-4.1.137.Final.jar:4.1.137.Final]
	at io.netty.channel.nio.NioEventLoop.processSelectedKeys(NioEventLoop.java:658) [netty-transport-4.1.137.Final.jar:4.1.137.Final]
	at io.netty.channel.nio.NioEventLoop.run(NioEventLoop.java:562) [netty-transport-4.1.137.Final.jar:4.1.137.Final]
	at io.netty.util.concurrent.SingleThreadEventExecutor$4.run(SingleThreadEventExecutor.java:1007) [netty-common-4.1.137.Final.jar:4.1.137.Final]
	at io.netty.util.internal.ThreadExecutorMap$2.run(ThreadExecutorMap.java:74) [netty-common-4.1.137.Final.jar:4.1.137.Final]
	at io.netty.util.concurrent.FastThreadLocalRunnable.run(FastThreadLocalRunnable.java:30) [netty-common-4.1.137.Final.jar:4.1.137.Final]
	at java.base/java.lang.Thread.run(Thread.java:840) [?:?]
2026-08-12 11:08:00.740 WARN  [nioEventLoopGroup-3-1] SessionHandler - query failed in 62 ms: drop table t if exists
java.lang.IllegalArgumentException: Encountered "if" at line 1, column 14.
Was expecting one of:
    <EOF> 
    "." ...
    
	at com.minidb.server.calcite.CalciteContext.parse(CalciteContext.java:58) ~[classes/:?]
	at com.minidb.server.exec.QueryExecutor.execute(QueryExecutor.java:83) ~[classes/:?]
	at com.minidb.server.netty.SessionHandler.handleExecute(SessionHandler.java:43) [classes/:?]
	at com.minidb.server.netty.SessionHandler.channelRead0(SessionHandler.java:33) [classes/:?]
	at com.minidb.server.netty.SessionHandler.channelRead0(SessionHandler.java:17) [classes/:?]
	at io.netty.channel.SimpleChannelInboundHandler.channelRead(SimpleChannelInboundHandler.java:99) [netty-transport-4.1.137.Final.jar:4.1.137.Final]
	at io.netty.channel.AbstractChannelHandlerContext.invokeChannelRead(AbstractChannelHandlerContext.java:444) [netty-transport-4.1.137.Final.jar:4.1.137.Final]
	at io.netty.channel.AbstractChannelHandlerContext.invokeChannelRead(AbstractChannelHandlerContext.java:420) [netty-transport-4.1.137.Final.jar:4.1.137.Final]
	at io.netty.channel.AbstractChannelHandlerContext.fireChannelRead(AbstractChannelHandlerContext.java:412) [netty-transport-4.1.137.Final.jar:4.1.137.Final]
	at io.netty.handler.codec.ByteToMessageDecoder.fireChannelRead(ByteToMessageDecoder.java:361) [netty-codec-4.1.137.Final.jar:4.1.137.Final]
	at io.netty.handler.codec.ByteToMessageDecoder.channelRead(ByteToMessageDecoder.java:325) [netty-codec-4.1.137.Final.jar:4.1.137.Final]
	at io.netty.channel.AbstractChannelHandlerContext.invokeChannelRead(AbstractChannelHandlerContext.java:444) [netty-transport-4.1.137.Final.jar:4.1.137.Final]
	at io.netty.channel.AbstractChannelHandlerContext.invokeChannelRead(AbstractChannelHandlerContext.java:420) [netty-transport-4.1.137.Final.jar:4.1.137.Final]
	at io.netty.channel.AbstractChannelHandlerContext.fireChannelRead(AbstractChannelHandlerContext.java:412) [netty-transport-4.1.137.Final.jar:4.1.137.Final]
	at io.netty.channel.DefaultChannelPipeline$HeadContext.channelRead(DefaultChannelPipeline.java:1357) [netty-transport-4.1.137.Final.jar:4.1.137.Final]
	at io.netty.channel.AbstractChannelHandlerContext.invokeChannelRead(AbstractChannelHandlerContext.java:440) [netty-transport-4.1.137.Final.jar:4.1.137.Final]
	at io.netty.channel.AbstractChannelHandlerContext.invokeChannelRead(AbstractChannelHandlerContext.java:420) [netty-transport-4.1.137.Final.jar:4.1.137.Final]
	at io.netty.channel.DefaultChannelPipeline.fireChannelRead(DefaultChannelPipeline.java:868) [netty-transport-4.1.137.Final.jar:4.1.137.Final]
	at io.netty.channel.nio.AbstractNioByteChannel$NioByteUnsafe.read(AbstractNioByteChannel.java:171) [netty-transport-4.1.137.Final.jar:4.1.137.Final]
	at io.netty.channel.nio.NioEventLoop.processSelectedKey(NioEventLoop.java:796) [netty-transport-4.1.137.Final.jar:4.1.137.Final]
	at io.netty.channel.nio.NioEventLoop.processSelectedKeysOptimized(NioEventLoop.java:732) [netty-transport-4.1.137.Final.jar:4.1.137.Final]
	at io.netty.channel.nio.NioEventLoop.processSelectedKeys(NioEventLoop.java:658) [netty-transport-4.1.137.Final.jar:4.1.137.Final]
	at io.netty.channel.nio.NioEventLoop.run(NioEventLoop.java:562) [netty-transport-4.1.137.Final.jar:4.1.137.Final]
	at io.netty.util.concurrent.SingleThreadEventExecutor$4.run(SingleThreadEventExecutor.java:1007) [netty-common-4.1.137.Final.jar:4.1.137.Final]
	at io.netty.util.internal.ThreadExecutorMap$2.run(ThreadExecutorMap.java:74) [netty-common-4.1.137.Final.jar:4.1.137.Final]
	at io.netty.util.concurrent.FastThreadLocalRunnable.run(FastThreadLocalRunnable.java:30) [netty-common-4.1.137.Final.jar:4.1.137.Final]
	at java.base/java.lang.Thread.run(Thread.java:840) [?:?]
Caused by: org.apache.calcite.sql.parser.SqlParseException: Encountered "if" at line 1, column 14.
Was expecting one of:
    <EOF> 
    "." ...
    
	at org.apache.calcite.sql.parser.ddl.SqlDdlParserImpl.convertException(SqlDdlParserImpl.java:438) ~[calcite-server-1.42.0.jar:1.42.0]
	at org.apache.calcite.sql.parser.ddl.SqlDdlParserImpl.normalizeException(SqlDdlParserImpl.java:184) ~[calcite-server-1.42.0.jar:1.42.0]
	at org.apache.calcite.sql.parser.SqlParser.handleException(SqlParser.java:159) ~[calcite-core-1.42.0.jar:1.42.0]
	at org.apache.calcite.sql.parser.SqlParser.parseQuery(SqlParser.java:174) ~[calcite-core-1.42.0.jar:1.42.0]
	at org.apache.calcite.sql.parser.SqlParser.parseStmt(SqlParser.java:199) ~[calcite-core-1.42.0.jar:1.42.0]
	at com.minidb.server.calcite.CalciteContext.parse(CalciteContext.java:56) ~[classes/:?]
	... 26 more
Caused by: org.apache.calcite.sql.parser.ddl.ParseException: Encountered "if" at line 1, column 14.
Was expecting one of:
    <EOF> 
    "." ...
    
	at org.apache.calcite.sql.parser.ddl.SqlDdlParserImpl.generateParseException(SqlDdlParserImpl.java:36879) ~[calcite-server-1.42.0.jar:1.42.0]
	at org.apache.calcite.sql.parser.ddl.SqlDdlParserImpl.jj_consume_token(SqlDdlParserImpl.java:36687) ~[calcite-server-1.42.0.jar:1.42.0]
	at org.apache.calcite.sql.parser.ddl.SqlDdlParserImpl.SqlStmtEof(SqlDdlParserImpl.java:1280) ~[calcite-server-1.42.0.jar:1.42.0]
	at org.apache.calcite.sql.parser.ddl.SqlDdlParserImpl.parseSqlStmtEof(SqlDdlParserImpl.java:232) ~[calcite-server-1.42.0.jar:1.42.0]
	at org.apache.calcite.sql.parser.SqlParser.parseQuery(SqlParser.java:172) ~[calcite-core-1.42.0.jar:1.42.0]
	at org.apache.calcite.sql.parser.SqlParser.parseStmt(SqlParser.java:199) ~[calcite-core-1.42.0.jar:1.42.0]
	at com.minidb.server.calcite.CalciteContext.parse(CalciteContext.java:56) ~[classes/:?]
	... 26 more
2026-08-12 11:08:05.176 INFO  [nioEventLoopGroup-3-1] SessionHandler - query ok: 0 rows affected in 4 ms
2026-08-12 11:08:38.934 INFO  [nioEventLoopGroup-3-1] SessionHandler - query ok: 0 rows affected in 29996 ms
2026-08-12 11:09:05.081 INFO  [Thread-0] Main - MiniDB shutting down
2026-08-12 11:09:11.173 INFO  [main] Main - MiniDB starting on port 8899 with data dir data
2026-08-12 11:09:11.928 INFO  [main] StorageManager - loaded 1 table(s)
2026-08-12 11:09:12.672 INFO  [main] MiniDbServer - MiniDB server bound to port 8899
2026-08-12 11:09:12.673 INFO  [main] Main - MiniDB listening on port 8899
2026-08-12 11:09:30.767 INFO  [nioEventLoopGroup-3-1] SessionHandler - query ok: 0 rows affected in 3105 ms
2026-08-12 11:09:52.789 INFO  [nioEventLoopGroup-3-1] SessionHandler - query ok: 6 rows returned in 1963 ms
2026-08-12 11:15:42.180 INFO  [nioEventLoopGroup-3-1] SessionHandler - query ok: 6 rows returned in 14 ms
2026-08-12 11:15:46.234 INFO  [nioEventLoopGroup-3-1] SessionHandler - query ok: 6 rows returned in 12 ms
2026-08-12 11:15:50.262 INFO  [nioEventLoopGroup-3-1] SessionHandler - query ok: 6 rows returned in 10 ms
2026-08-12 11:15:51.208 INFO  [nioEventLoopGroup-3-1] SessionHandler - query ok: 6 rows returned in 8 ms
2026-08-12 11:15:51.983 INFO  [nioEventLoopGroup-3-1] SessionHandler - query ok: 6 rows returned in 9 ms
2026-08-12 11:15:52.669 INFO  [nioEventLoopGroup-3-1] SessionHandler - query ok: 6 rows returned in 9 ms
2026-08-12 11:15:53.346 INFO  [nioEventLoopGroup-3-1] SessionHandler - query ok: 6 rows returned in 10 ms
2026-08-12 11:15:53.940 INFO  [nioEventLoopGroup-3-1] SessionHandler - query ok: 6 rows returned in 7 ms
2026-08-12 11:15:54.209 INFO  [nioEventLoopGroup-3-1] SessionHandler - query ok: 6 rows returned in 8 ms
2026-08-12 11:15:54.469 INFO  [nioEventLoopGroup-3-1] SessionHandler - query ok: 6 rows returned in 8 ms
2026-08-12 11:15:54.750 INFO  [nioEventLoopGroup-3-1] SessionHandler - query ok: 6 rows returned in 6 ms
2026-08-12 11:15:55.109 INFO  [nioEventLoopGroup-3-1] SessionHandler - query ok: 6 rows returned in 8 ms
2026-08-12 11:15:55.469 INFO  [nioEventLoopGroup-3-1] SessionHandler - query ok: 6 rows returned in 8 ms
2026-08-12 11:15:55.790 INFO  [nioEventLoopGroup-3-1] SessionHandler - query ok: 6 rows returned in 7 ms
2026-08-12 11:15:56.110 INFO  [nioEventLoopGroup-3-1] SessionHandler - query ok: 6 rows returned in 9 ms
2026-08-12 11:15:56.425 INFO  [nioEventLoopGroup-3-1] SessionHandler - query ok: 6 rows returned in 6 ms
2026-08-12 11:15:56.798 INFO  [nioEventLoopGroup-3-1] SessionHandler - query ok: 6 rows returned in 6 ms
2026-08-12 11:15:57.103 INFO  [nioEventLoopGroup-3-1] SessionHandler - query ok: 6 rows returned in 6 ms
2026-08-12 14:04:58.313 WARN  [nioEventLoopGroup-3-1] SessionHandler - channel exception, closing
java.net.SocketException: Connection reset
	at java.base/sun.nio.ch.SocketChannelImpl.throwConnectionReset(SocketChannelImpl.java:394) ~[?:?]
	at java.base/sun.nio.ch.SocketChannelImpl.read(SocketChannelImpl.java:426) ~[?:?]
	at io.netty.buffer.PooledByteBuf.setBytes(PooledByteBuf.java:255) ~[netty-buffer-4.1.137.Final.jar:19.0.0]
	at io.netty.buffer.AbstractByteBuf.writeBytes(AbstractByteBuf.java:1132) ~[netty-buffer-4.1.137.Final.jar:19.0.0]
	at io.netty.channel.socket.nio.NioSocketChannel.doReadBytes(NioSocketChannel.java:356) ~[netty-transport-4.1.137.Final.jar:4.1.137.Final]
	at io.netty.channel.nio.AbstractNioByteChannel$NioByteUnsafe.read(AbstractNioByteChannel.java:156) [netty-transport-4.1.137.Final.jar:4.1.137.Final]
	at io.netty.channel.nio.NioEventLoop.processSelectedKey(NioEventLoop.java:796) [netty-transport-4.1.137.Final.jar:4.1.137.Final]
	at io.netty.channel.nio.NioEventLoop.processSelectedKeysOptimized(NioEventLoop.java:732) [netty-transport-4.1.137.Final.jar:4.1.137.Final]
	at io.netty.channel.nio.NioEventLoop.processSelectedKeys(NioEventLoop.java:658) [netty-transport-4.1.137.Final.jar:4.1.137.Final]
	at io.netty.channel.nio.NioEventLoop.run(NioEventLoop.java:562) [netty-transport-4.1.137.Final.jar:4.1.137.Final]
	at io.netty.util.concurrent.SingleThreadEventExecutor$4.run(SingleThreadEventExecutor.java:1007) [netty-common-4.1.137.Final.jar:4.1.137.Final]
	at io.netty.util.internal.ThreadExecutorMap$2.run(ThreadExecutorMap.java:74) [netty-common-4.1.137.Final.jar:4.1.137.Final]
	at io.netty.util.concurrent.FastThreadLocalRunnable.run(FastThreadLocalRunnable.java:30) [netty-common-4.1.137.Final.jar:4.1.137.Final]
	at java.base/java.lang.Thread.run(Thread.java:840) [?:?]
2026-08-12 14:05:05.493 WARN  [nioEventLoopGroup-3-2] SessionHandler - channel exception, closing
io.netty.handler.codec.DecoderException: java.lang.IllegalStateException: unknown message type: 0x12
	at io.netty.handler.codec.ByteToMessageDecoder.callDecode(ByteToMessageDecoder.java:515) ~[netty-codec-4.1.137.Final.jar:4.1.137.Final]
	at io.netty.handler.codec.ByteToMessageDecoder.channelRead(ByteToMessageDecoder.java:296) ~[netty-codec-4.1.137.Final.jar:4.1.137.Final]
	at io.netty.channel.AbstractChannelHandlerContext.invokeChannelRead(AbstractChannelHandlerContext.java:444) [netty-transport-4.1.137.Final.jar:4.1.137.Final]
	at io.netty.channel.AbstractChannelHandlerContext.invokeChannelRead(AbstractChannelHandlerContext.java:420) [netty-transport-4.1.137.Final.jar:4.1.137.Final]
	at io.netty.channel.AbstractChannelHandlerContext.fireChannelRead(AbstractChannelHandlerContext.java:412) [netty-transport-4.1.137.Final.jar:4.1.137.Final]
	at io.netty.channel.DefaultChannelPipeline$HeadContext.channelRead(DefaultChannelPipeline.java:1357) [netty-transport-4.1.137.Final.jar:4.1.137.Final]
	at io.netty.channel.AbstractChannelHandlerContext.invokeChannelRead(AbstractChannelHandlerContext.java:440) [netty-transport-4.1.137.Final.jar:4.1.137.Final]
	at io.netty.channel.AbstractChannelHandlerContext.invokeChannelRead(AbstractChannelHandlerContext.java:420) [netty-transport-4.1.137.Final.jar:4.1.137.Final]
	at io.netty.channel.DefaultChannelPipeline.fireChannelRead(DefaultChannelPipeline.java:868) [netty-transport-4.1.137.Final.jar:4.1.137.Final]
	at io.netty.channel.nio.AbstractNioByteChannel$NioByteUnsafe.read(AbstractNioByteChannel.java:171) [netty-transport-4.1.137.Final.jar:4.1.137.Final]
	at io.netty.channel.nio.NioEventLoop.processSelectedKey(NioEventLoop.java:796) [netty-transport-4.1.137.Final.jar:4.1.137.Final]
	at io.netty.channel.nio.NioEventLoop.processSelectedKeysOptimized(NioEventLoop.java:732) [netty-transport-4.1.137.Final.jar:4.1.137.Final]
	at io.netty.channel.nio.NioEventLoop.processSelectedKeys(NioEventLoop.java:658) [netty-transport-4.1.137.Final.jar:4.1.137.Final]
	at io.netty.channel.nio.NioEventLoop.run(NioEventLoop.java:562) [netty-transport-4.1.137.Final.jar:4.1.137.Final]
	at io.netty.util.concurrent.SingleThreadEventExecutor$4.run(SingleThreadEventExecutor.java:1007) [netty-common-4.1.137.Final.jar:4.1.137.Final]
	at io.netty.util.internal.ThreadExecutorMap$2.run(ThreadExecutorMap.java:74) [netty-common-4.1.137.Final.jar:4.1.137.Final]
	at io.netty.util.concurrent.FastThreadLocalRunnable.run(FastThreadLocalRunnable.java:30) [netty-common-4.1.137.Final.jar:4.1.137.Final]
	at java.base/java.lang.Thread.run(Thread.java:840) [?:?]
Caused by: java.lang.IllegalStateException: unknown message type: 0x12
	at com.minidb.protocol.MessageDecoder.decodePayload(MessageDecoder.java:74) ~[classes/:?]
	at com.minidb.protocol.MessageDecoder.decode(MessageDecoder.java:28) ~[classes/:?]
	at io.netty.handler.codec.ByteToMessageDecoder.decodeRemovalReentryProtection(ByteToMessageDecoder.java:545) ~[netty-codec-4.1.137.Final.jar:4.1.137.Final]
	at io.netty.handler.codec.ByteToMessageDecoder.callDecode(ByteToMessageDecoder.java:484) ~[netty-codec-4.1.137.Final.jar:4.1.137.Final]
	... 17 more
2026-08-12 14:05:05.498 WARN  [nioEventLoopGroup-3-2] SessionHandler - channel exception, closing
io.netty.handler.codec.DecoderException: java.lang.IllegalStateException: bad magic: 0x0000
	at io.netty.handler.codec.ByteToMessageDecoder.callDecode(ByteToMessageDecoder.java:515) ~[netty-codec-4.1.137.Final.jar:4.1.137.Final]
	at io.netty.handler.codec.ByteToMessageDecoder.channelInputClosed(ByteToMessageDecoder.java:442) ~[netty-codec-4.1.137.Final.jar:4.1.137.Final]
	at io.netty.handler.codec.ByteToMessageDecoder.channelInputClosed(ByteToMessageDecoder.java:409) ~[netty-codec-4.1.137.Final.jar:4.1.137.Final]
	at io.netty.handler.codec.ByteToMessageDecoder.channelInactive(ByteToMessageDecoder.java:392) ~[netty-codec-4.1.137.Final.jar:4.1.137.Final]
	at io.netty.channel.AbstractChannelHandlerContext.invokeChannelInactive(AbstractChannelHandlerContext.java:303) [netty-transport-4.1.137.Final.jar:4.1.137.Final]
	at io.netty.channel.AbstractChannelHandlerContext.invokeChannelInactive(AbstractChannelHandlerContext.java:281) [netty-transport-4.1.137.Final.jar:4.1.137.Final]
	at io.netty.channel.AbstractChannelHandlerContext.fireChannelInactive(AbstractChannelHandlerContext.java:274) [netty-transport-4.1.137.Final.jar:4.1.137.Final]
	at io.netty.channel.DefaultChannelPipeline$HeadContext.channelInactive(DefaultChannelPipeline.java:1352) [netty-transport-4.1.137.Final.jar:4.1.137.Final]
	at io.netty.channel.AbstractChannelHandlerContext.invokeChannelInactive(AbstractChannelHandlerContext.java:301) [netty-transport-4.1.137.Final.jar:4.1.137.Final]
	at io.netty.channel.AbstractChannelHandlerContext.invokeChannelInactive(AbstractChannelHandlerContext.java:281) [netty-transport-4.1.137.Final.jar:4.1.137.Final]
	at io.netty.channel.DefaultChannelPipeline.fireChannelInactive(DefaultChannelPipeline.java:850) [netty-transport-4.1.137.Final.jar:4.1.137.Final]
	at io.netty.channel.AbstractChannel$AbstractUnsafe$7.run(AbstractChannel.java:811) [netty-transport-4.1.137.Final.jar:4.1.137.Final]
	at io.netty.util.concurrent.AbstractEventExecutor.runTask(AbstractEventExecutor.java:173) [netty-common-4.1.137.Final.jar:4.1.137.Final]
	at io.netty.util.concurrent.AbstractEventExecutor.safeExecute$$$capture(AbstractEventExecutor.java:166) [netty-common-4.1.137.Final.jar:4.1.137.Final]
	at io.netty.util.concurrent.AbstractEventExecutor.safeExecute(AbstractEventExecutor.java) [netty-common-4.1.137.Final.jar:4.1.137.Final]
	at io.netty.util.concurrent.SingleThreadEventExecutor.runAllTasks(SingleThreadEventExecutor.java:472) [netty-common-4.1.137.Final.jar:4.1.137.Final]
	at io.netty.channel.nio.NioEventLoop.run(NioEventLoop.java:566) [netty-transport-4.1.137.Final.jar:4.1.137.Final]
	at io.netty.util.concurrent.SingleThreadEventExecutor$4.run(SingleThreadEventExecutor.java:1007) [netty-common-4.1.137.Final.jar:4.1.137.Final]
	at io.netty.util.internal.ThreadExecutorMap$2.run(ThreadExecutorMap.java:74) [netty-common-4.1.137.Final.jar:4.1.137.Final]
	at io.netty.util.concurrent.FastThreadLocalRunnable.run(FastThreadLocalRunnable.java:30) [netty-common-4.1.137.Final.jar:4.1.137.Final]
	at java.base/java.lang.Thread.run(Thread.java:840) [?:?]
Caused by: java.lang.IllegalStateException: bad magic: 0x0000
	at com.minidb.protocol.MessageDecoder.decode(MessageDecoder.java:20) ~[classes/:?]
	at io.netty.handler.codec.ByteToMessageDecoder.decodeRemovalReentryProtection(ByteToMessageDecoder.java:545) ~[netty-codec-4.1.137.Final.jar:4.1.137.Final]
	at io.netty.handler.codec.ByteToMessageDecoder.callDecode(ByteToMessageDecoder.java:484) ~[netty-codec-4.1.137.Final.jar:4.1.137.Final]
	... 20 more
2026-08-12 14:05:10.595 INFO  [Thread-0] Main - MiniDB shutting down
2026-08-12 14:05:10.597 INFO  [Thread-0] MiniDbServer - MiniDB server closed
2026-08-12 14:05:19.450 INFO  [main] Main - MiniDB starting on port 8899 with data dir data
2026-08-12 14:05:20.230 INFO  [main] StorageManager - loaded 1 table(s)
2026-08-12 14:05:20.913 INFO  [main] MiniDbServer - MiniDB server bound to port 8899
2026-08-12 14:05:20.914 INFO  [main] Main - MiniDB listening on port 8899
2026-08-12 14:05:22.860 INFO  [nioEventLoopGroup-3-1] SessionHandler - metadata ok: 1 rows in 4 ms
2026-08-12 14:05:23.255 INFO  [nioEventLoopGroup-3-1] SessionHandler - metadata ok: 1 rows in 2 ms
2026-08-12 14:05:23.286 INFO  [nioEventLoopGroup-3-1] SessionHandler - metadata ok: 2 rows in 5 ms
2026-08-12 14:05:29.739 WARN  [nioEventLoopGroup-3-2] SessionHandler - query failed in 301 ms: SELECT t.*
FROM "public".t t
java.lang.IllegalArgumentException: Encountered "\"" at line 2, column 6.
Was expecting one of:
    "LATERAL" ...
    "TABLE" ...
    <IDENTIFIER> ...
    <HYPHENATED_IDENTIFIER> ...
    <QUOTED_IDENTIFIER> ...
    <BACK_QUOTED_IDENTIFIER> ...
    <BIG_QUERY_BACK_QUOTED_IDENTIFIER> ...
    <BRACKET_QUOTED_IDENTIFIER> ...
    <UNICODE_QUOTED_IDENTIFIER> ...
    "(" ...
    "UNNEST" ...
    
	at com.minidb.server.calcite.CalciteContext.parse(CalciteContext.java:58) ~[classes/:?]
	at com.minidb.server.exec.QueryExecutor.execute(QueryExecutor.java:83) ~[classes/:?]
	at com.minidb.server.netty.SessionHandler.handleExecute(SessionHandler.java:55) [classes/:?]
	at com.minidb.server.netty.SessionHandler.channelRead0(SessionHandler.java:37) [classes/:?]
	at com.minidb.server.netty.SessionHandler.channelRead0(SessionHandler.java:19) [classes/:?]
	at io.netty.channel.SimpleChannelInboundHandler.channelRead(SimpleChannelInboundHandler.java:99) [netty-transport-4.1.137.Final.jar:4.1.137.Final]
	at io.netty.channel.AbstractChannelHandlerContext.invokeChannelRead(AbstractChannelHandlerContext.java:444) [netty-transport-4.1.137.Final.jar:4.1.137.Final]
	at io.netty.channel.AbstractChannelHandlerContext.invokeChannelRead(AbstractChannelHandlerContext.java:420) [netty-transport-4.1.137.Final.jar:4.1.137.Final]
	at io.netty.channel.AbstractChannelHandlerContext.fireChannelRead(AbstractChannelHandlerContext.java:412) [netty-transport-4.1.137.Final.jar:4.1.137.Final]
	at io.netty.handler.codec.ByteToMessageDecoder.fireChannelRead(ByteToMessageDecoder.java:361) [netty-codec-4.1.137.Final.jar:4.1.137.Final]
	at io.netty.handler.codec.ByteToMessageDecoder.channelRead(ByteToMessageDecoder.java:325) [netty-codec-4.1.137.Final.jar:4.1.137.Final]
	at io.netty.channel.AbstractChannelHandlerContext.invokeChannelRead(AbstractChannelHandlerContext.java:444) [netty-transport-4.1.137.Final.jar:4.1.137.Final]
	at io.netty.channel.AbstractChannelHandlerContext.invokeChannelRead(AbstractChannelHandlerContext.java:420) [netty-transport-4.1.137.Final.jar:4.1.137.Final]
	at io.netty.channel.AbstractChannelHandlerContext.fireChannelRead(AbstractChannelHandlerContext.java:412) [netty-transport-4.1.137.Final.jar:4.1.137.Final]
	at io.netty.channel.DefaultChannelPipeline$HeadContext.channelRead(DefaultChannelPipeline.java:1357) [netty-transport-4.1.137.Final.jar:4.1.137.Final]
	at io.netty.channel.AbstractChannelHandlerContext.invokeChannelRead(AbstractChannelHandlerContext.java:440) [netty-transport-4.1.137.Final.jar:4.1.137.Final]
	at io.netty.channel.AbstractChannelHandlerContext.invokeChannelRead(AbstractChannelHandlerContext.java:420) [netty-transport-4.1.137.Final.jar:4.1.137.Final]
	at io.netty.channel.DefaultChannelPipeline.fireChannelRead(DefaultChannelPipeline.java:868) [netty-transport-4.1.137.Final.jar:4.1.137.Final]
	at io.netty.channel.nio.AbstractNioByteChannel$NioByteUnsafe.read(AbstractNioByteChannel.java:171) [netty-transport-4.1.137.Final.jar:4.1.137.Final]
	at io.netty.channel.nio.NioEventLoop.processSelectedKey(NioEventLoop.java:796) [netty-transport-4.1.137.Final.jar:4.1.137.Final]
	at io.netty.channel.nio.NioEventLoop.processSelectedKeysOptimized(NioEventLoop.java:732) [netty-transport-4.1.137.Final.jar:4.1.137.Final]
	at io.netty.channel.nio.NioEventLoop.processSelectedKeys(NioEventLoop.java:658) [netty-transport-4.1.137.Final.jar:4.1.137.Final]
	at io.netty.channel.nio.NioEventLoop.run(NioEventLoop.java:562) [netty-transport-4.1.137.Final.jar:4.1.137.Final]
	at io.netty.util.concurrent.SingleThreadEventExecutor$4.run(SingleThreadEventExecutor.java:1007) [netty-common-4.1.137.Final.jar:4.1.137.Final]
	at io.netty.util.internal.ThreadExecutorMap$2.run(ThreadExecutorMap.java:74) [netty-common-4.1.137.Final.jar:4.1.137.Final]
	at io.netty.util.concurrent.FastThreadLocalRunnable.run(FastThreadLocalRunnable.java:30) [netty-common-4.1.137.Final.jar:4.1.137.Final]
	at java.base/java.lang.Thread.run(Thread.java:840) [?:?]
Caused by: org.apache.calcite.sql.parser.SqlParseException: Encountered "\"" at line 2, column 6.
Was expecting one of:
    "LATERAL" ...
    "TABLE" ...
    <IDENTIFIER> ...
    <HYPHENATED_IDENTIFIER> ...
    <QUOTED_IDENTIFIER> ...
    <BACK_QUOTED_IDENTIFIER> ...
    <BIG_QUERY_BACK_QUOTED_IDENTIFIER> ...
    <BRACKET_QUOTED_IDENTIFIER> ...
    <UNICODE_QUOTED_IDENTIFIER> ...
    "(" ...
    "UNNEST" ...
    
	at org.apache.calcite.sql.parser.ddl.SqlDdlParserImpl.convertException(SqlDdlParserImpl.java:438) ~[calcite-server-1.42.0.jar:1.42.0]
	at org.apache.calcite.sql.parser.ddl.SqlDdlParserImpl.normalizeException(SqlDdlParserImpl.java:184) ~[calcite-server-1.42.0.jar:1.42.0]
	at org.apache.calcite.sql.parser.SqlParser.handleException(SqlParser.java:159) ~[calcite-core-1.42.0.jar:1.42.0]
	at org.apache.calcite.sql.parser.SqlParser.parseQuery(SqlParser.java:174) ~[calcite-core-1.42.0.jar:1.42.0]
	at org.apache.calcite.sql.parser.SqlParser.parseStmt(SqlParser.java:199) ~[calcite-core-1.42.0.jar:1.42.0]
	at com.minidb.server.calcite.CalciteContext.parse(CalciteContext.java:56) ~[classes/:?]
	... 26 more
Caused by: org.apache.calcite.sql.parser.ddl.ParseException: Encountered "\"" at line 2, column 6.
Was expecting one of:
    "LATERAL" ...
    "TABLE" ...
    <IDENTIFIER> ...
    <HYPHENATED_IDENTIFIER> ...
    <QUOTED_IDENTIFIER> ...
    <BACK_QUOTED_IDENTIFIER> ...
    <BIG_QUERY_BACK_QUOTED_IDENTIFIER> ...
    <BRACKET_QUOTED_IDENTIFIER> ...
    <UNICODE_QUOTED_IDENTIFIER> ...
    "(" ...
    "UNNEST" ...
    
	at org.apache.calcite.sql.parser.ddl.SqlDdlParserImpl.generateParseException(SqlDdlParserImpl.java:36879) ~[calcite-server-1.42.0.jar:1.42.0]
	at org.apache.calcite.sql.parser.ddl.SqlDdlParserImpl.jj_consume_token(SqlDdlParserImpl.java:36687) ~[calcite-server-1.42.0.jar:1.42.0]
	at org.apache.calcite.sql.parser.ddl.SqlDdlParserImpl.TableRef3(SqlDdlParserImpl.java:7763) ~[calcite-server-1.42.0.jar:1.42.0]
	at org.apache.calcite.sql.parser.ddl.SqlDdlParserImpl.TableRef1(SqlDdlParserImpl.java:7640) ~[calcite-server-1.42.0.jar:1.42.0]
	at org.apache.calcite.sql.parser.ddl.SqlDdlParserImpl.FromClause(SqlDdlParserImpl.java:7449) ~[calcite-server-1.42.0.jar:1.42.0]
	at org.apache.calcite.sql.parser.ddl.SqlDdlParserImpl.SqlSelect(SqlDdlParserImpl.java:4345) ~[calcite-server-1.42.0.jar:1.42.0]
	at org.apache.calcite.sql.parser.ddl.SqlDdlParserImpl.LeafQuery(SqlDdlParserImpl.java:827) ~[calcite-server-1.42.0.jar:1.42.0]
	at org.apache.calcite.sql.parser.ddl.SqlDdlParserImpl.LeafQueryOrExpr(SqlDdlParserImpl.java:12047) ~[calcite-server-1.42.0.jar:1.42.0]
	at org.apache.calcite.sql.parser.ddl.SqlDdlParserImpl.QueryOrExpr(SqlDdlParserImpl.java:11873) ~[calcite-server-1.42.0.jar:1.42.0]
	at org.apache.calcite.sql.parser.ddl.SqlDdlParserImpl.OrderedQueryOrExpr(SqlDdlParserImpl.java:609) ~[calcite-server-1.42.0.jar:1.42.0]
	at org.apache.calcite.sql.parser.ddl.SqlDdlParserImpl.SqlStmt(SqlDdlParserImpl.java:1238) ~[calcite-server-1.42.0.jar:1.42.0]
	at org.apache.calcite.sql.parser.ddl.SqlDdlParserImpl.SqlStmtEof(SqlDdlParserImpl.java:1279) ~[calcite-server-1.42.0.jar:1.42.0]
	at org.apache.calcite.sql.parser.ddl.SqlDdlParserImpl.parseSqlStmtEof(SqlDdlParserImpl.java:232) ~[calcite-server-1.42.0.jar:1.42.0]
	at org.apache.calcite.sql.parser.SqlParser.parseQuery(SqlParser.java:172) ~[calcite-core-1.42.0.jar:1.42.0]
	at org.apache.calcite.sql.parser.SqlParser.parseStmt(SqlParser.java:199) ~[calcite-core-1.42.0.jar:1.42.0]
	at com.minidb.server.calcite.CalciteContext.parse(CalciteContext.java:56) ~[classes/:?]
	... 26 more
2026-08-12 14:09:15.627 WARN  [nioEventLoopGroup-3-2] SessionHandler - query failed in 135151 ms: SELECT t.*
FROM "public".t t
java.lang.IllegalArgumentException: Encountered "\"" at line 2, column 6.
Was expecting one of:
    "LATERAL" ...
    "TABLE" ...
    <IDENTIFIER> ...
    <HYPHENATED_IDENTIFIER> ...
    <QUOTED_IDENTIFIER> ...
    <BACK_QUOTED_IDENTIFIER> ...
    <BIG_QUERY_BACK_QUOTED_IDENTIFIER> ...
    <BRACKET_QUOTED_IDENTIFIER> ...
    <UNICODE_QUOTED_IDENTIFIER> ...
    "(" ...
    "UNNEST" ...
    
	at com.minidb.server.calcite.CalciteContext.parse(CalciteContext.java:58) ~[classes/:?]
	at com.minidb.server.exec.QueryExecutor.execute(QueryExecutor.java:83) ~[classes/:?]
	at com.minidb.server.netty.SessionHandler.handleExecute(SessionHandler.java:55) [classes/:?]
	at com.minidb.server.netty.SessionHandler.channelRead0(SessionHandler.java:37) [classes/:?]
	at com.minidb.server.netty.SessionHandler.channelRead0(SessionHandler.java:19) [classes/:?]
	at io.netty.channel.SimpleChannelInboundHandler.channelRead(SimpleChannelInboundHandler.java:99) [netty-transport-4.1.137.Final.jar:4.1.137.Final]
	at io.netty.channel.AbstractChannelHandlerContext.invokeChannelRead(AbstractChannelHandlerContext.java:444) [netty-transport-4.1.137.Final.jar:4.1.137.Final]
	at io.netty.channel.AbstractChannelHandlerContext.invokeChannelRead(AbstractChannelHandlerContext.java:420) [netty-transport-4.1.137.Final.jar:4.1.137.Final]
	at io.netty.channel.AbstractChannelHandlerContext.fireChannelRead(AbstractChannelHandlerContext.java:412) [netty-transport-4.1.137.Final.jar:4.1.137.Final]
	at io.netty.handler.codec.ByteToMessageDecoder.fireChannelRead(ByteToMessageDecoder.java:361) [netty-codec-4.1.137.Final.jar:4.1.137.Final]
	at io.netty.handler.codec.ByteToMessageDecoder.channelRead(ByteToMessageDecoder.java:325) [netty-codec-4.1.137.Final.jar:4.1.137.Final]
	at io.netty.channel.AbstractChannelHandlerContext.invokeChannelRead(AbstractChannelHandlerContext.java:444) [netty-transport-4.1.137.Final.jar:4.1.137.Final]
	at io.netty.channel.AbstractChannelHandlerContext.invokeChannelRead(AbstractChannelHandlerContext.java:420) [netty-transport-4.1.137.Final.jar:4.1.137.Final]
	at io.netty.channel.AbstractChannelHandlerContext.fireChannelRead(AbstractChannelHandlerContext.java:412) [netty-transport-4.1.137.Final.jar:4.1.137.Final]
	at io.netty.channel.DefaultChannelPipeline$HeadContext.channelRead(DefaultChannelPipeline.java:1357) [netty-transport-4.1.137.Final.jar:4.1.137.Final]
	at io.netty.channel.AbstractChannelHandlerContext.invokeChannelRead(AbstractChannelHandlerContext.java:440) [netty-transport-4.1.137.Final.jar:4.1.137.Final]
	at io.netty.channel.AbstractChannelHandlerContext.invokeChannelRead(AbstractChannelHandlerContext.java:420) [netty-transport-4.1.137.Final.jar:4.1.137.Final]
	at io.netty.channel.DefaultChannelPipeline.fireChannelRead(DefaultChannelPipeline.java:868) [netty-transport-4.1.137.Final.jar:4.1.137.Final]
	at io.netty.channel.nio.AbstractNioByteChannel$NioByteUnsafe.read(AbstractNioByteChannel.java:171) [netty-transport-4.1.137.Final.jar:4.1.137.Final]
	at io.netty.channel.nio.NioEventLoop.processSelectedKey(NioEventLoop.java:796) [netty-transport-4.1.137.Final.jar:4.1.137.Final]
	at io.netty.channel.nio.NioEventLoop.processSelectedKeysOptimized(NioEventLoop.java:732) [netty-transport-4.1.137.Final.jar:4.1.137.Final]
	at io.netty.channel.nio.NioEventLoop.processSelectedKeys(NioEventLoop.java:658) [netty-transport-4.1.137.Final.jar:4.1.137.Final]
	at io.netty.channel.nio.NioEventLoop.run(NioEventLoop.java:562) [netty-transport-4.1.137.Final.jar:4.1.137.Final]
	at io.netty.util.concurrent.SingleThreadEventExecutor$4.run(SingleThreadEventExecutor.java:1007) [netty-common-4.1.137.Final.jar:4.1.137.Final]
	at io.netty.util.internal.ThreadExecutorMap$2.run(ThreadExecutorMap.java:74) [netty-common-4.1.137.Final.jar:4.1.137.Final]
	at io.netty.util.concurrent.FastThreadLocalRunnable.run(FastThreadLocalRunnable.java:30) [netty-common-4.1.137.Final.jar:4.1.137.Final]
	at java.base/java.lang.Thread.run(Thread.java:840) [?:?]
Caused by: org.apache.calcite.sql.parser.SqlParseException: Encountered "\"" at line 2, column 6.
Was expecting one of:
    "LATERAL" ...
    "TABLE" ...
    <IDENTIFIER> ...
    <HYPHENATED_IDENTIFIER> ...
    <QUOTED_IDENTIFIER> ...
    <BACK_QUOTED_IDENTIFIER> ...
    <BIG_QUERY_BACK_QUOTED_IDENTIFIER> ...
    <BRACKET_QUOTED_IDENTIFIER> ...
    <UNICODE_QUOTED_IDENTIFIER> ...
    "(" ...
    "UNNEST" ...
    
	at org.apache.calcite.sql.parser.ddl.SqlDdlParserImpl.convertException(SqlDdlParserImpl.java:438) ~[calcite-server-1.42.0.jar:1.42.0]
	at org.apache.calcite.sql.parser.ddl.SqlDdlParserImpl.normalizeException(SqlDdlParserImpl.java:184) ~[calcite-server-1.42.0.jar:1.42.0]
	at org.apache.calcite.sql.parser.SqlParser.handleException(SqlParser.java:159) ~[calcite-core-1.42.0.jar:1.42.0]
	at org.apache.calcite.sql.parser.SqlParser.parseQuery(SqlParser.java:174) ~[calcite-core-1.42.0.jar:1.42.0]
	at org.apache.calcite.sql.parser.SqlParser.parseStmt(SqlParser.java:199) ~[calcite-core-1.42.0.jar:1.42.0]
	at com.minidb.server.calcite.CalciteContext.parse(CalciteContext.java:56) ~[classes/:?]
	... 26 more
Caused by: org.apache.calcite.sql.parser.ddl.ParseException: Encountered "\"" at line 2, column 6.
Was expecting one of:
    "LATERAL" ...
    "TABLE" ...
    <IDENTIFIER> ...
    <HYPHENATED_IDENTIFIER> ...
    <QUOTED_IDENTIFIER> ...
    <BACK_QUOTED_IDENTIFIER> ...
    <BIG_QUERY_BACK_QUOTED_IDENTIFIER> ...
    <BRACKET_QUOTED_IDENTIFIER> ...
    <UNICODE_QUOTED_IDENTIFIER> ...
    "(" ...
    "UNNEST" ...
    
	at org.apache.calcite.sql.parser.ddl.SqlDdlParserImpl.generateParseException(SqlDdlParserImpl.java:36879) ~[calcite-server-1.42.0.jar:1.42.0]
	at org.apache.calcite.sql.parser.ddl.SqlDdlParserImpl.jj_consume_token(SqlDdlParserImpl.java:36687) ~[calcite-server-1.42.0.jar:1.42.0]
	at org.apache.calcite.sql.parser.ddl.SqlDdlParserImpl.TableRef3(SqlDdlParserImpl.java:7763) ~[calcite-server-1.42.0.jar:1.42.0]
	at org.apache.calcite.sql.parser.ddl.SqlDdlParserImpl.TableRef1(SqlDdlParserImpl.java:7640) ~[calcite-server-1.42.0.jar:1.42.0]
	at org.apache.calcite.sql.parser.ddl.SqlDdlParserImpl.FromClause(SqlDdlParserImpl.java:7449) ~[calcite-server-1.42.0.jar:1.42.0]
	at org.apache.calcite.sql.parser.ddl.SqlDdlParserImpl.SqlSelect(SqlDdlParserImpl.java:4345) ~[calcite-server-1.42.0.jar:1.42.0]
	at org.apache.calcite.sql.parser.ddl.SqlDdlParserImpl.LeafQuery(SqlDdlParserImpl.java:827) ~[calcite-server-1.42.0.jar:1.42.0]
	at org.apache.calcite.sql.parser.ddl.SqlDdlParserImpl.LeafQueryOrExpr(SqlDdlParserImpl.java:12047) ~[calcite-server-1.42.0.jar:1.42.0]
	at org.apache.calcite.sql.parser.ddl.SqlDdlParserImpl.QueryOrExpr(SqlDdlParserImpl.java:11873) ~[calcite-server-1.42.0.jar:1.42.0]
	at org.apache.calcite.sql.parser.ddl.SqlDdlParserImpl.OrderedQueryOrExpr(SqlDdlParserImpl.java:609) ~[calcite-server-1.42.0.jar:1.42.0]
	at org.apache.calcite.sql.parser.ddl.SqlDdlParserImpl.SqlStmt(SqlDdlParserImpl.java:1238) ~[calcite-server-1.42.0.jar:1.42.0]
	at org.apache.calcite.sql.parser.ddl.SqlDdlParserImpl.SqlStmtEof(SqlDdlParserImpl.java:1279) ~[calcite-server-1.42.0.jar:1.42.0]
	at org.apache.calcite.sql.parser.ddl.SqlDdlParserImpl.parseSqlStmtEof(SqlDdlParserImpl.java:232) ~[calcite-server-1.42.0.jar:1.42.0]
	at org.apache.calcite.sql.parser.SqlParser.parseQuery(SqlParser.java:172) ~[calcite-core-1.42.0.jar:1.42.0]
	at org.apache.calcite.sql.parser.SqlParser.parseStmt(SqlParser.java:199) ~[calcite-core-1.42.0.jar:1.42.0]
	at com.minidb.server.calcite.CalciteContext.parse(CalciteContext.java:56) ~[classes/:?]
	... 26 more
2026-08-12 14:09:15.734 INFO  [Thread-0] Main - MiniDB shutting down
2026-08-12 14:09:15.735 INFO  [Thread-0] MiniDbServer - MiniDB server closed
2026-08-12 14:11:53.785 INFO  [main] Main - MiniDB starting on port 8899 with data dir data
2026-08-12 14:11:54.447 INFO  [main] StorageManager - loaded 1 table(s)
2026-08-12 14:11:55.078 INFO  [main] MiniDbServer - MiniDB server bound to port 8899
2026-08-12 14:11:55.079 INFO  [main] Main - MiniDB listening on port 8899
2026-08-12 14:12:33.700 WARN  [nioEventLoopGroup-3-1] SessionHandler - query failed in 34545 ms: SELECT t.*
FROM "public".t t
java.lang.IllegalArgumentException: Encountered "\"" at line 2, column 6.
Was expecting one of:
    "LATERAL" ...
    "TABLE" ...
    <IDENTIFIER> ...
    <HYPHENATED_IDENTIFIER> ...
    <QUOTED_IDENTIFIER> ...
    <BACK_QUOTED_IDENTIFIER> ...
    <BIG_QUERY_BACK_QUOTED_IDENTIFIER> ...
    <BRACKET_QUOTED_IDENTIFIER> ...
    <UNICODE_QUOTED_IDENTIFIER> ...
    "(" ...
    "UNNEST" ...
    
	at com.minidb.server.calcite.CalciteContext.parse(CalciteContext.java:58) ~[classes/:?]
	at com.minidb.server.exec.QueryExecutor.execute(QueryExecutor.java:88) ~[classes/:?]
	at com.minidb.server.netty.SessionHandler.handleExecute(SessionHandler.java:55) [classes/:?]
	at com.minidb.server.netty.SessionHandler.channelRead0(SessionHandler.java:37) [classes/:?]
	at com.minidb.server.netty.SessionHandler.channelRead0(SessionHandler.java:19) [classes/:?]
	at io.netty.channel.SimpleChannelInboundHandler.channelRead(SimpleChannelInboundHandler.java:99) [netty-transport-4.1.137.Final.jar:4.1.137.Final]
	at io.netty.channel.AbstractChannelHandlerContext.invokeChannelRead(AbstractChannelHandlerContext.java:444) [netty-transport-4.1.137.Final.jar:4.1.137.Final]
	at io.netty.channel.AbstractChannelHandlerContext.invokeChannelRead(AbstractChannelHandlerContext.java:420) [netty-transport-4.1.137.Final.jar:4.1.137.Final]
	at io.netty.channel.AbstractChannelHandlerContext.fireChannelRead(AbstractChannelHandlerContext.java:412) [netty-transport-4.1.137.Final.jar:4.1.137.Final]
	at io.netty.handler.codec.ByteToMessageDecoder.fireChannelRead(ByteToMessageDecoder.java:361) [netty-codec-4.1.137.Final.jar:4.1.137.Final]
	at io.netty.handler.codec.ByteToMessageDecoder.channelRead(ByteToMessageDecoder.java:325) [netty-codec-4.1.137.Final.jar:4.1.137.Final]
	at io.netty.channel.AbstractChannelHandlerContext.invokeChannelRead(AbstractChannelHandlerContext.java:444) [netty-transport-4.1.137.Final.jar:4.1.137.Final]
	at io.netty.channel.AbstractChannelHandlerContext.invokeChannelRead(AbstractChannelHandlerContext.java:420) [netty-transport-4.1.137.Final.jar:4.1.137.Final]
	at io.netty.channel.AbstractChannelHandlerContext.fireChannelRead(AbstractChannelHandlerContext.java:412) [netty-transport-4.1.137.Final.jar:4.1.137.Final]
	at io.netty.channel.DefaultChannelPipeline$HeadContext.channelRead(DefaultChannelPipeline.java:1357) [netty-transport-4.1.137.Final.jar:4.1.137.Final]
	at io.netty.channel.AbstractChannelHandlerContext.invokeChannelRead(AbstractChannelHandlerContext.java:440) [netty-transport-4.1.137.Final.jar:4.1.137.Final]
	at io.netty.channel.AbstractChannelHandlerContext.invokeChannelRead(AbstractChannelHandlerContext.java:420) [netty-transport-4.1.137.Final.jar:4.1.137.Final]
	at io.netty.channel.DefaultChannelPipeline.fireChannelRead(DefaultChannelPipeline.java:868) [netty-transport-4.1.137.Final.jar:4.1.137.Final]
	at io.netty.channel.nio.AbstractNioByteChannel$NioByteUnsafe.read(AbstractNioByteChannel.java:171) [netty-transport-4.1.137.Final.jar:4.1.137.Final]
	at io.netty.channel.nio.NioEventLoop.processSelectedKey(NioEventLoop.java:796) [netty-transport-4.1.137.Final.jar:4.1.137.Final]
	at io.netty.channel.nio.NioEventLoop.processSelectedKeysOptimized(NioEventLoop.java:732) [netty-transport-4.1.137.Final.jar:4.1.137.Final]
	at io.netty.channel.nio.NioEventLoop.processSelectedKeys(NioEventLoop.java:658) [netty-transport-4.1.137.Final.jar:4.1.137.Final]
	at io.netty.channel.nio.NioEventLoop.run(NioEventLoop.java:562) [netty-transport-4.1.137.Final.jar:4.1.137.Final]
	at io.netty.util.concurrent.SingleThreadEventExecutor$4.run(SingleThreadEventExecutor.java:1007) [netty-common-4.1.137.Final.jar:4.1.137.Final]
	at io.netty.util.internal.ThreadExecutorMap$2.run(ThreadExecutorMap.java:74) [netty-common-4.1.137.Final.jar:4.1.137.Final]
	at io.netty.util.concurrent.FastThreadLocalRunnable.run(FastThreadLocalRunnable.java:30) [netty-common-4.1.137.Final.jar:4.1.137.Final]
	at java.base/java.lang.Thread.run(Thread.java:840) [?:?]
Caused by: org.apache.calcite.sql.parser.SqlParseException: Encountered "\"" at line 2, column 6.
Was expecting one of:
    "LATERAL" ...
    "TABLE" ...
    <IDENTIFIER> ...
    <HYPHENATED_IDENTIFIER> ...
    <QUOTED_IDENTIFIER> ...
    <BACK_QUOTED_IDENTIFIER> ...
    <BIG_QUERY_BACK_QUOTED_IDENTIFIER> ...
    <BRACKET_QUOTED_IDENTIFIER> ...
    <UNICODE_QUOTED_IDENTIFIER> ...
    "(" ...
    "UNNEST" ...
    
	at org.apache.calcite.sql.parser.ddl.SqlDdlParserImpl.convertException(SqlDdlParserImpl.java:438) ~[calcite-server-1.42.0.jar:1.42.0]
	at org.apache.calcite.sql.parser.ddl.SqlDdlParserImpl.normalizeException(SqlDdlParserImpl.java:184) ~[calcite-server-1.42.0.jar:1.42.0]
	at org.apache.calcite.sql.parser.SqlParser.handleException(SqlParser.java:159) ~[calcite-core-1.42.0.jar:1.42.0]
	at org.apache.calcite.sql.parser.SqlParser.parseQuery(SqlParser.java:174) ~[calcite-core-1.42.0.jar:1.42.0]
	at org.apache.calcite.sql.parser.SqlParser.parseStmt(SqlParser.java:199) ~[calcite-core-1.42.0.jar:1.42.0]
	at com.minidb.server.calcite.CalciteContext.parse(CalciteContext.java:56) ~[classes/:?]
	... 26 more
Caused by: org.apache.calcite.sql.parser.ddl.ParseException: Encountered "\"" at line 2, column 6.
Was expecting one of:
    "LATERAL" ...
    "TABLE" ...
    <IDENTIFIER> ...
    <HYPHENATED_IDENTIFIER> ...
    <QUOTED_IDENTIFIER> ...
    <BACK_QUOTED_IDENTIFIER> ...
    <BIG_QUERY_BACK_QUOTED_IDENTIFIER> ...
    <BRACKET_QUOTED_IDENTIFIER> ...
    <UNICODE_QUOTED_IDENTIFIER> ...
    "(" ...
    "UNNEST" ...
    
	at org.apache.calcite.sql.parser.ddl.SqlDdlParserImpl.generateParseException(SqlDdlParserImpl.java:36879) ~[calcite-server-1.42.0.jar:1.42.0]
	at org.apache.calcite.sql.parser.ddl.SqlDdlParserImpl.jj_consume_token(SqlDdlParserImpl.java:36687) ~[calcite-server-1.42.0.jar:1.42.0]
	at org.apache.calcite.sql.parser.ddl.SqlDdlParserImpl.TableRef3(SqlDdlParserImpl.java:7763) ~[calcite-server-1.42.0.jar:1.42.0]
	at org.apache.calcite.sql.parser.ddl.SqlDdlParserImpl.TableRef1(SqlDdlParserImpl.java:7640) ~[calcite-server-1.42.0.jar:1.42.0]
	at org.apache.calcite.sql.parser.ddl.SqlDdlParserImpl.FromClause(SqlDdlParserImpl.java:7449) ~[calcite-server-1.42.0.jar:1.42.0]
	at org.apache.calcite.sql.parser.ddl.SqlDdlParserImpl.SqlSelect(SqlDdlParserImpl.java:4345) ~[calcite-server-1.42.0.jar:1.42.0]
	at org.apache.calcite.sql.parser.ddl.SqlDdlParserImpl.LeafQuery(SqlDdlParserImpl.java:827) ~[calcite-server-1.42.0.jar:1.42.0]
	at org.apache.calcite.sql.parser.ddl.SqlDdlParserImpl.LeafQueryOrExpr(SqlDdlParserImpl.java:12047) ~[calcite-server-1.42.0.jar:1.42.0]
	at org.apache.calcite.sql.parser.ddl.SqlDdlParserImpl.QueryOrExpr(SqlDdlParserImpl.java:11873) ~[calcite-server-1.42.0.jar:1.42.0]
	at org.apache.calcite.sql.parser.ddl.SqlDdlParserImpl.OrderedQueryOrExpr(SqlDdlParserImpl.java:609) ~[calcite-server-1.42.0.jar:1.42.0]
	at org.apache.calcite.sql.parser.ddl.SqlDdlParserImpl.SqlStmt(SqlDdlParserImpl.java:1238) ~[calcite-server-1.42.0.jar:1.42.0]
	at org.apache.calcite.sql.parser.ddl.SqlDdlParserImpl.SqlStmtEof(SqlDdlParserImpl.java:1279) ~[calcite-server-1.42.0.jar:1.42.0]
	at org.apache.calcite.sql.parser.ddl.SqlDdlParserImpl.parseSqlStmtEof(SqlDdlParserImpl.java:232) ~[calcite-server-1.42.0.jar:1.42.0]
	at org.apache.calcite.sql.parser.SqlParser.parseQuery(SqlParser.java:172) ~[calcite-core-1.42.0.jar:1.42.0]
	at org.apache.calcite.sql.parser.SqlParser.parseStmt(SqlParser.java:199) ~[calcite-core-1.42.0.jar:1.42.0]
	at com.minidb.server.calcite.CalciteContext.parse(CalciteContext.java:56) ~[classes/:?]
	... 26 more
2026-08-12 14:12:33.765 INFO  [Thread-0] Main - MiniDB shutting down
2026-08-12 14:12:59.473 INFO  [main] Main - MiniDB starting on port 8899 with data dir data
2026-08-12 14:13:00.444 INFO  [main] StorageManager - loaded 1 table(s)
2026-08-12 14:13:01.069 INFO  [main] MiniDbServer - MiniDB server bound to port 8899
2026-08-12 14:13:01.070 INFO  [main] Main - MiniDB listening on port 8899
2026-08-12 14:13:31.444 WARN  [nioEventLoopGroup-3-1] SessionHandler - query failed in 2703 ms: SELECT t.*
FROM "public".t t
java.lang.IllegalArgumentException: Non-query expression encountered in illegal context
	at com.minidb.server.calcite.CalciteContext.parse(CalciteContext.java:58) ~[classes/:?]
	at com.minidb.server.exec.QueryExecutor.execute(QueryExecutor.java:88) ~[classes/:?]
	at com.minidb.server.netty.SessionHandler.handleExecute(SessionHandler.java:55) [classes/:?]
	at com.minidb.server.netty.SessionHandler.channelRead0(SessionHandler.java:37) [classes/:?]
	at com.minidb.server.netty.SessionHandler.channelRead0(SessionHandler.java:19) [classes/:?]
	at io.netty.channel.SimpleChannelInboundHandler.channelRead(SimpleChannelInboundHandler.java:99) [netty-transport-4.1.137.Final.jar:4.1.137.Final]
	at io.netty.channel.AbstractChannelHandlerContext.invokeChannelRead(AbstractChannelHandlerContext.java:444) [netty-transport-4.1.137.Final.jar:4.1.137.Final]
	at io.netty.channel.AbstractChannelHandlerContext.invokeChannelRead(AbstractChannelHandlerContext.java:420) [netty-transport-4.1.137.Final.jar:4.1.137.Final]
	at io.netty.channel.AbstractChannelHandlerContext.fireChannelRead(AbstractChannelHandlerContext.java:412) [netty-transport-4.1.137.Final.jar:4.1.137.Final]
	at io.netty.handler.codec.ByteToMessageDecoder.fireChannelRead(ByteToMessageDecoder.java:361) [netty-codec-4.1.137.Final.jar:4.1.137.Final]
	at io.netty.handler.codec.ByteToMessageDecoder.channelRead(ByteToMessageDecoder.java:325) [netty-codec-4.1.137.Final.jar:4.1.137.Final]
	at io.netty.channel.AbstractChannelHandlerContext.invokeChannelRead(AbstractChannelHandlerContext.java:444) [netty-transport-4.1.137.Final.jar:4.1.137.Final]
	at io.netty.channel.AbstractChannelHandlerContext.invokeChannelRead(AbstractChannelHandlerContext.java:420) [netty-transport-4.1.137.Final.jar:4.1.137.Final]
	at io.netty.channel.AbstractChannelHandlerContext.fireChannelRead(AbstractChannelHandlerContext.java:412) [netty-transport-4.1.137.Final.jar:4.1.137.Final]
	at io.netty.channel.DefaultChannelPipeline$HeadContext.channelRead(DefaultChannelPipeline.java:1357) [netty-transport-4.1.137.Final.jar:4.1.137.Final]
	at io.netty.channel.AbstractChannelHandlerContext.invokeChannelRead(AbstractChannelHandlerContext.java:440) [netty-transport-4.1.137.Final.jar:4.1.137.Final]
	at io.netty.channel.AbstractChannelHandlerContext.invokeChannelRead(AbstractChannelHandlerContext.java:420) [netty-transport-4.1.137.Final.jar:4.1.137.Final]
	at io.netty.channel.DefaultChannelPipeline.fireChannelRead(DefaultChannelPipeline.java:868) [netty-transport-4.1.137.Final.jar:4.1.137.Final]
	at io.netty.channel.nio.AbstractNioByteChannel$NioByteUnsafe.read(AbstractNioByteChannel.java:171) [netty-transport-4.1.137.Final.jar:4.1.137.Final]
	at io.netty.channel.nio.NioEventLoop.processSelectedKey(NioEventLoop.java:796) [netty-transport-4.1.137.Final.jar:4.1.137.Final]
	at io.netty.channel.nio.NioEventLoop.processSelectedKeysOptimized(NioEventLoop.java:732) [netty-transport-4.1.137.Final.jar:4.1.137.Final]
	at io.netty.channel.nio.NioEventLoop.processSelectedKeys(NioEventLoop.java:658) [netty-transport-4.1.137.Final.jar:4.1.137.Final]
	at io.netty.channel.nio.NioEventLoop.run(NioEventLoop.java:562) [netty-transport-4.1.137.Final.jar:4.1.137.Final]
	at io.netty.util.concurrent.SingleThreadEventExecutor$4.run(SingleThreadEventExecutor.java:1007) [netty-common-4.1.137.Final.jar:4.1.137.Final]
	at io.netty.util.internal.ThreadExecutorMap$2.run(ThreadExecutorMap.java:74) [netty-common-4.1.137.Final.jar:4.1.137.Final]
	at io.netty.util.concurrent.FastThreadLocalRunnable.run(FastThreadLocalRunnable.java:30) [netty-common-4.1.137.Final.jar:4.1.137.Final]
	at java.base/java.lang.Thread.run(Thread.java:840) [?:?]
Caused by: org.apache.calcite.sql.parser.SqlParseException: Non-query expression encountered in illegal context
	at org.apache.calcite.sql.parser.ddl.SqlDdlParserImpl.convertException(SqlDdlParserImpl.java:438) ~[calcite-server-1.42.0.jar:1.42.0]
	at org.apache.calcite.sql.parser.ddl.SqlDdlParserImpl.normalizeException(SqlDdlParserImpl.java:184) ~[calcite-server-1.42.0.jar:1.42.0]
	at org.apache.calcite.sql.parser.SqlParser.handleException(SqlParser.java:159) ~[calcite-core-1.42.0.jar:1.42.0]
	at org.apache.calcite.sql.parser.SqlParser.parseQuery(SqlParser.java:174) ~[calcite-core-1.42.0.jar:1.42.0]
	at org.apache.calcite.sql.parser.SqlParser.parseStmt(SqlParser.java:199) ~[calcite-core-1.42.0.jar:1.42.0]
	at com.minidb.server.calcite.CalciteContext.parse(CalciteContext.java:56) ~[classes/:?]
	... 26 more
Caused by: org.apache.calcite.runtime.CalciteException: Non-query expression encountered in illegal context
	at java.base/jdk.internal.reflect.NativeConstructorAccessorImpl.newInstance0(Native Method) ~[?:?]
	at java.base/jdk.internal.reflect.NativeConstructorAccessorImpl.newInstance(NativeConstructorAccessorImpl.java:77) ~[?:?]
	at java.base/jdk.internal.reflect.DelegatingConstructorAccessorImpl.newInstance(DelegatingConstructorAccessorImpl.java:45) ~[?:?]
	at java.base/java.lang.reflect.Constructor.newInstanceWithCaller(Constructor.java:500) ~[?:?]
	at java.base/java.lang.reflect.Constructor.newInstance(Constructor.java:481) ~[?:?]
	at org.apache.calcite.runtime.Resources$ExInstWithCause.ex(Resources.java:511) ~[calcite-core-1.42.0.jar:1.42.0]
	at org.apache.calcite.runtime.Resources$ExInst.ex(Resources.java:605) ~[calcite-core-1.42.0.jar:1.42.0]
	at org.apache.calcite.sql.SqlUtil.newContextException(SqlUtil.java:960) ~[calcite-core-1.42.0.jar:1.42.0]
	at org.apache.calcite.sql.SqlUtil.newContextException(SqlUtil.java:945) ~[calcite-core-1.42.0.jar:1.42.0]
	at org.apache.calcite.sql.parser.ddl.SqlDdlParserImpl.checkNonQueryExpression(SqlDdlParserImpl.java:354) ~[calcite-server-1.42.0.jar:1.42.0]
	at org.apache.calcite.sql.parser.ddl.SqlDdlParserImpl.Expression3(SqlDdlParserImpl.java:12942) ~[calcite-server-1.42.0.jar:1.42.0]
	at org.apache.calcite.sql.parser.ddl.SqlDdlParserImpl.AddExpression2b(SqlDdlParserImpl.java:12556) ~[calcite-server-1.42.0.jar:1.42.0]
	at org.apache.calcite.sql.parser.ddl.SqlDdlParserImpl.Expression2(SqlDdlParserImpl.java:12599) ~[calcite-server-1.42.0.jar:1.42.0]
	at org.apache.calcite.sql.parser.ddl.SqlDdlParserImpl.Expression(SqlDdlParserImpl.java:12075) ~[calcite-server-1.42.0.jar:1.42.0]
	at org.apache.calcite.sql.parser.ddl.SqlDdlParserImpl.LeafQueryOrExpr(SqlDdlParserImpl.java:12053) ~[calcite-server-1.42.0.jar:1.42.0]
	at org.apache.calcite.sql.parser.ddl.SqlDdlParserImpl.QueryOrExpr(SqlDdlParserImpl.java:11873) ~[calcite-server-1.42.0.jar:1.42.0]
	at org.apache.calcite.sql.parser.ddl.SqlDdlParserImpl.OrderedQueryOrExpr(SqlDdlParserImpl.java:609) ~[calcite-server-1.42.0.jar:1.42.0]
	at org.apache.calcite.sql.parser.ddl.SqlDdlParserImpl.SqlStmt(SqlDdlParserImpl.java:1238) ~[calcite-server-1.42.0.jar:1.42.0]
	at org.apache.calcite.sql.parser.ddl.SqlDdlParserImpl.SqlStmtEof(SqlDdlParserImpl.java:1279) ~[calcite-server-1.42.0.jar:1.42.0]
	at org.apache.calcite.sql.parser.ddl.SqlDdlParserImpl.parseSqlStmtEof(SqlDdlParserImpl.java:232) ~[calcite-server-1.42.0.jar:1.42.0]
	at org.apache.calcite.sql.parser.SqlParser.parseQuery(SqlParser.java:172) ~[calcite-core-1.42.0.jar:1.42.0]
	at org.apache.calcite.sql.parser.SqlParser.parseStmt(SqlParser.java:199) ~[calcite-core-1.42.0.jar:1.42.0]
	at com.minidb.server.calcite.CalciteContext.parse(CalciteContext.java:56) ~[classes/:?]
	... 26 more
2026-08-12 14:13:52.144 WARN  [nioEventLoopGroup-3-1] SessionHandler - query failed in 10819 ms: SELECT t.*
FROM "public".t t
java.lang.IllegalArgumentException: Non-query expression encountered in illegal context
	at com.minidb.server.calcite.CalciteContext.parse(CalciteContext.java:58) ~[classes/:?]
	at com.minidb.server.exec.QueryExecutor.execute(QueryExecutor.java:88) ~[classes/:?]
	at com.minidb.server.netty.SessionHandler.handleExecute(SessionHandler.java:55) [classes/:?]
	at com.minidb.server.netty.SessionHandler.channelRead0(SessionHandler.java:37) [classes/:?]
	at com.minidb.server.netty.SessionHandler.channelRead0(SessionHandler.java:19) [classes/:?]
	at io.netty.channel.SimpleChannelInboundHandler.channelRead(SimpleChannelInboundHandler.java:99) [netty-transport-4.1.137.Final.jar:4.1.137.Final]
	at io.netty.channel.AbstractChannelHandlerContext.invokeChannelRead(AbstractChannelHandlerContext.java:444) [netty-transport-4.1.137.Final.jar:4.1.137.Final]
	at io.netty.channel.AbstractChannelHandlerContext.invokeChannelRead(AbstractChannelHandlerContext.java:420) [netty-transport-4.1.137.Final.jar:4.1.137.Final]
	at io.netty.channel.AbstractChannelHandlerContext.fireChannelRead(AbstractChannelHandlerContext.java:412) [netty-transport-4.1.137.Final.jar:4.1.137.Final]
	at io.netty.handler.codec.ByteToMessageDecoder.fireChannelRead(ByteToMessageDecoder.java:361) [netty-codec-4.1.137.Final.jar:4.1.137.Final]
	at io.netty.handler.codec.ByteToMessageDecoder.channelRead(ByteToMessageDecoder.java:325) [netty-codec-4.1.137.Final.jar:4.1.137.Final]
	at io.netty.channel.AbstractChannelHandlerContext.invokeChannelRead(AbstractChannelHandlerContext.java:444) [netty-transport-4.1.137.Final.jar:4.1.137.Final]
	at io.netty.channel.AbstractChannelHandlerContext.invokeChannelRead(AbstractChannelHandlerContext.java:420) [netty-transport-4.1.137.Final.jar:4.1.137.Final]
	at io.netty.channel.AbstractChannelHandlerContext.fireChannelRead(AbstractChannelHandlerContext.java:412) [netty-transport-4.1.137.Final.jar:4.1.137.Final]
	at io.netty.channel.DefaultChannelPipeline$HeadContext.channelRead(DefaultChannelPipeline.java:1357) [netty-transport-4.1.137.Final.jar:4.1.137.Final]
	at io.netty.channel.AbstractChannelHandlerContext.invokeChannelRead(AbstractChannelHandlerContext.java:440) [netty-transport-4.1.137.Final.jar:4.1.137.Final]
	at io.netty.channel.AbstractChannelHandlerContext.invokeChannelRead(AbstractChannelHandlerContext.java:420) [netty-transport-4.1.137.Final.jar:4.1.137.Final]
	at io.netty.channel.DefaultChannelPipeline.fireChannelRead(DefaultChannelPipeline.java:868) [netty-transport-4.1.137.Final.jar:4.1.137.Final]
	at io.netty.channel.nio.AbstractNioByteChannel$NioByteUnsafe.read(AbstractNioByteChannel.java:171) [netty-transport-4.1.137.Final.jar:4.1.137.Final]
	at io.netty.channel.nio.NioEventLoop.processSelectedKey(NioEventLoop.java:796) [netty-transport-4.1.137.Final.jar:4.1.137.Final]
	at io.netty.channel.nio.NioEventLoop.processSelectedKeysOptimized(NioEventLoop.java:732) [netty-transport-4.1.137.Final.jar:4.1.137.Final]
	at io.netty.channel.nio.NioEventLoop.processSelectedKeys(NioEventLoop.java:658) [netty-transport-4.1.137.Final.jar:4.1.137.Final]
	at io.netty.channel.nio.NioEventLoop.run(NioEventLoop.java:562) [netty-transport-4.1.137.Final.jar:4.1.137.Final]
	at io.netty.util.concurrent.SingleThreadEventExecutor$4.run(SingleThreadEventExecutor.java:1007) [netty-common-4.1.137.Final.jar:4.1.137.Final]
	at io.netty.util.internal.ThreadExecutorMap$2.run(ThreadExecutorMap.java:74) [netty-common-4.1.137.Final.jar:4.1.137.Final]
	at io.netty.util.concurrent.FastThreadLocalRunnable.run(FastThreadLocalRunnable.java:30) [netty-common-4.1.137.Final.jar:4.1.137.Final]
	at java.base/java.lang.Thread.run(Thread.java:840) [?:?]
Caused by: org.apache.calcite.sql.parser.SqlParseException: Non-query expression encountered in illegal context
	at org.apache.calcite.sql.parser.ddl.SqlDdlParserImpl.convertException(SqlDdlParserImpl.java:438) ~[calcite-server-1.42.0.jar:1.42.0]
	at org.apache.calcite.sql.parser.ddl.SqlDdlParserImpl.normalizeException(SqlDdlParserImpl.java:184) ~[calcite-server-1.42.0.jar:1.42.0]
	at org.apache.calcite.sql.parser.SqlParser.handleException(SqlParser.java:159) ~[calcite-core-1.42.0.jar:1.42.0]
	at org.apache.calcite.sql.parser.SqlParser.parseQuery(SqlParser.java:174) ~[calcite-core-1.42.0.jar:1.42.0]
	at org.apache.calcite.sql.parser.SqlParser.parseStmt(SqlParser.java:199) ~[calcite-core-1.42.0.jar:1.42.0]
	at com.minidb.server.calcite.CalciteContext.parse(CalciteContext.java:56) ~[classes/:?]
	... 26 more
Caused by: org.apache.calcite.runtime.CalciteException: Non-query expression encountered in illegal context
	at java.base/jdk.internal.reflect.NativeConstructorAccessorImpl.newInstance0(Native Method) ~[?:?]
	at java.base/jdk.internal.reflect.NativeConstructorAccessorImpl.newInstance(NativeConstructorAccessorImpl.java:77) ~[?:?]
	at java.base/jdk.internal.reflect.DelegatingConstructorAccessorImpl.newInstance(DelegatingConstructorAccessorImpl.java:45) ~[?:?]
	at java.base/java.lang.reflect.Constructor.newInstanceWithCaller(Constructor.java:500) ~[?:?]
	at java.base/java.lang.reflect.Constructor.newInstance(Constructor.java:481) ~[?:?]
	at org.apache.calcite.runtime.Resources$ExInstWithCause.ex(Resources.java:511) ~[calcite-core-1.42.0.jar:1.42.0]
	at org.apache.calcite.runtime.Resources$ExInst.ex(Resources.java:605) ~[calcite-core-1.42.0.jar:1.42.0]
	at org.apache.calcite.sql.SqlUtil.newContextException(SqlUtil.java:960) ~[calcite-core-1.42.0.jar:1.42.0]
	at org.apache.calcite.sql.SqlUtil.newContextException(SqlUtil.java:945) ~[calcite-core-1.42.0.jar:1.42.0]
	at org.apache.calcite.sql.parser.ddl.SqlDdlParserImpl.checkNonQueryExpression(SqlDdlParserImpl.java:354) ~[calcite-server-1.42.0.jar:1.42.0]
	at org.apache.calcite.sql.parser.ddl.SqlDdlParserImpl.Expression3(SqlDdlParserImpl.java:12942) ~[calcite-server-1.42.0.jar:1.42.0]
	at org.apache.calcite.sql.parser.ddl.SqlDdlParserImpl.AddExpression2b(SqlDdlParserImpl.java:12556) ~[calcite-server-1.42.0.jar:1.42.0]
	at org.apache.calcite.sql.parser.ddl.SqlDdlParserImpl.Expression2(SqlDdlParserImpl.java:12599) ~[calcite-server-1.42.0.jar:1.42.0]
	at org.apache.calcite.sql.parser.ddl.SqlDdlParserImpl.Expression(SqlDdlParserImpl.java:12075) ~[calcite-server-1.42.0.jar:1.42.0]
	at org.apache.calcite.sql.parser.ddl.SqlDdlParserImpl.LeafQueryOrExpr(SqlDdlParserImpl.java:12053) ~[calcite-server-1.42.0.jar:1.42.0]
	at org.apache.calcite.sql.parser.ddl.SqlDdlParserImpl.QueryOrExpr(SqlDdlParserImpl.java:11873) ~[calcite-server-1.42.0.jar:1.42.0]
	at org.apache.calcite.sql.parser.ddl.SqlDdlParserImpl.OrderedQueryOrExpr(SqlDdlParserImpl.java:609) ~[calcite-server-1.42.0.jar:1.42.0]
	at org.apache.calcite.sql.parser.ddl.SqlDdlParserImpl.SqlStmt(SqlDdlParserImpl.java:1238) ~[calcite-server-1.42.0.jar:1.42.0]
	at org.apache.calcite.sql.parser.ddl.SqlDdlParserImpl.SqlStmtEof(SqlDdlParserImpl.java:1279) ~[calcite-server-1.42.0.jar:1.42.0]
	at org.apache.calcite.sql.parser.ddl.SqlDdlParserImpl.parseSqlStmtEof(SqlDdlParserImpl.java:232) ~[calcite-server-1.42.0.jar:1.42.0]
	at org.apache.calcite.sql.parser.SqlParser.parseQuery(SqlParser.java:172) ~[calcite-core-1.42.0.jar:1.42.0]
	at org.apache.calcite.sql.parser.SqlParser.parseStmt(SqlParser.java:199) ~[calcite-core-1.42.0.jar:1.42.0]
	at com.minidb.server.calcite.CalciteContext.parse(CalciteContext.java:56) ~[classes/:?]
	... 26 more
2026-08-12 14:15:09.714 WARN  [nioEventLoopGroup-3-1] SessionHandler - query failed in 3493 ms: SELECT t.*
FROM "public".t t
java.lang.IllegalArgumentException: Non-query expression encountered in illegal context
	at com.minidb.server.calcite.CalciteContext.parse(CalciteContext.java:58) ~[classes/:?]
	at com.minidb.server.exec.QueryExecutor.execute(QueryExecutor.java:88) ~[classes/:?]
	at com.minidb.server.netty.SessionHandler.handleExecute(SessionHandler.java:55) [classes/:?]
	at com.minidb.server.netty.SessionHandler.channelRead0(SessionHandler.java:37) [classes/:?]
	at com.minidb.server.netty.SessionHandler.channelRead0(SessionHandler.java:19) [classes/:?]
	at io.netty.channel.SimpleChannelInboundHandler.channelRead(SimpleChannelInboundHandler.java:99) [netty-transport-4.1.137.Final.jar:4.1.137.Final]
	at io.netty.channel.AbstractChannelHandlerContext.invokeChannelRead(AbstractChannelHandlerContext.java:444) [netty-transport-4.1.137.Final.jar:4.1.137.Final]
	at io.netty.channel.AbstractChannelHandlerContext.invokeChannelRead(AbstractChannelHandlerContext.java:420) [netty-transport-4.1.137.Final.jar:4.1.137.Final]
	at io.netty.channel.AbstractChannelHandlerContext.fireChannelRead(AbstractChannelHandlerContext.java:412) [netty-transport-4.1.137.Final.jar:4.1.137.Final]
	at io.netty.handler.codec.ByteToMessageDecoder.fireChannelRead(ByteToMessageDecoder.java:361) [netty-codec-4.1.137.Final.jar:4.1.137.Final]
	at io.netty.handler.codec.ByteToMessageDecoder.channelRead(ByteToMessageDecoder.java:325) [netty-codec-4.1.137.Final.jar:4.1.137.Final]
	at io.netty.channel.AbstractChannelHandlerContext.invokeChannelRead(AbstractChannelHandlerContext.java:444) [netty-transport-4.1.137.Final.jar:4.1.137.Final]
	at io.netty.channel.AbstractChannelHandlerContext.invokeChannelRead(AbstractChannelHandlerContext.java:420) [netty-transport-4.1.137.Final.jar:4.1.137.Final]
	at io.netty.channel.AbstractChannelHandlerContext.fireChannelRead(AbstractChannelHandlerContext.java:412) [netty-transport-4.1.137.Final.jar:4.1.137.Final]
	at io.netty.channel.DefaultChannelPipeline$HeadContext.channelRead(DefaultChannelPipeline.java:1357) [netty-transport-4.1.137.Final.jar:4.1.137.Final]
	at io.netty.channel.AbstractChannelHandlerContext.invokeChannelRead(AbstractChannelHandlerContext.java:440) [netty-transport-4.1.137.Final.jar:4.1.137.Final]
	at io.netty.channel.AbstractChannelHandlerContext.invokeChannelRead(AbstractChannelHandlerContext.java:420) [netty-transport-4.1.137.Final.jar:4.1.137.Final]
	at io.netty.channel.DefaultChannelPipeline.fireChannelRead(DefaultChannelPipeline.java:868) [netty-transport-4.1.137.Final.jar:4.1.137.Final]
	at io.netty.channel.nio.AbstractNioByteChannel$NioByteUnsafe.read(AbstractNioByteChannel.java:171) [netty-transport-4.1.137.Final.jar:4.1.137.Final]
	at io.netty.channel.nio.NioEventLoop.processSelectedKey(NioEventLoop.java:796) [netty-transport-4.1.137.Final.jar:4.1.137.Final]
	at io.netty.channel.nio.NioEventLoop.processSelectedKeysOptimized(NioEventLoop.java:732) [netty-transport-4.1.137.Final.jar:4.1.137.Final]
	at io.netty.channel.nio.NioEventLoop.processSelectedKeys(NioEventLoop.java:658) [netty-transport-4.1.137.Final.jar:4.1.137.Final]
	at io.netty.channel.nio.NioEventLoop.run(NioEventLoop.java:562) [netty-transport-4.1.137.Final.jar:4.1.137.Final]
	at io.netty.util.concurrent.SingleThreadEventExecutor$4.run(SingleThreadEventExecutor.java:1007) [netty-common-4.1.137.Final.jar:4.1.137.Final]
	at io.netty.util.internal.ThreadExecutorMap$2.run(ThreadExecutorMap.java:74) [netty-common-4.1.137.Final.jar:4.1.137.Final]
	at io.netty.util.concurrent.FastThreadLocalRunnable.run(FastThreadLocalRunnable.java:30) [netty-common-4.1.137.Final.jar:4.1.137.Final]
	at java.base/java.lang.Thread.run(Thread.java:840) [?:?]
Caused by: org.apache.calcite.sql.parser.SqlParseException: Non-query expression encountered in illegal context
	at org.apache.calcite.sql.parser.ddl.SqlDdlParserImpl.convertException(SqlDdlParserImpl.java:438) ~[calcite-server-1.42.0.jar:1.42.0]
	at org.apache.calcite.sql.parser.ddl.SqlDdlParserImpl.normalizeException(SqlDdlParserImpl.java:184) ~[calcite-server-1.42.0.jar:1.42.0]
	at org.apache.calcite.sql.parser.SqlParser.handleException(SqlParser.java:159) ~[calcite-core-1.42.0.jar:1.42.0]
	at org.apache.calcite.sql.parser.SqlParser.parseQuery(SqlParser.java:174) ~[calcite-core-1.42.0.jar:1.42.0]
	at org.apache.calcite.sql.parser.SqlParser.parseStmt(SqlParser.java:199) ~[calcite-core-1.42.0.jar:1.42.0]
	at com.minidb.server.calcite.CalciteContext.parse(CalciteContext.java:56) ~[classes/:?]
	... 26 more
Caused by: org.apache.calcite.runtime.CalciteException: Non-query expression encountered in illegal context
	at java.base/jdk.internal.reflect.NativeConstructorAccessorImpl.newInstance0(Native Method) ~[?:?]
	at java.base/jdk.internal.reflect.NativeConstructorAccessorImpl.newInstance(NativeConstructorAccessorImpl.java:77) ~[?:?]
	at java.base/jdk.internal.reflect.DelegatingConstructorAccessorImpl.newInstance(DelegatingConstructorAccessorImpl.java:45) ~[?:?]
	at java.base/java.lang.reflect.Constructor.newInstanceWithCaller(Constructor.java:500) ~[?:?]
	at java.base/java.lang.reflect.Constructor.newInstance(Constructor.java:481) ~[?:?]
	at org.apache.calcite.runtime.Resources$ExInstWithCause.ex(Resources.java:511) ~[calcite-core-1.42.0.jar:1.42.0]
	at org.apache.calcite.runtime.Resources$ExInst.ex(Resources.java:605) ~[calcite-core-1.42.0.jar:1.42.0]
	at org.apache.calcite.sql.SqlUtil.newContextException(SqlUtil.java:960) ~[calcite-core-1.42.0.jar:1.42.0]
	at org.apache.calcite.sql.SqlUtil.newContextException(SqlUtil.java:945) ~[calcite-core-1.42.0.jar:1.42.0]
	at org.apache.calcite.sql.parser.ddl.SqlDdlParserImpl.checkNonQueryExpression(SqlDdlParserImpl.java:354) ~[calcite-server-1.42.0.jar:1.42.0]
	at org.apache.calcite.sql.parser.ddl.SqlDdlParserImpl.Expression3(SqlDdlParserImpl.java:12942) ~[calcite-server-1.42.0.jar:1.42.0]
	at org.apache.calcite.sql.parser.ddl.SqlDdlParserImpl.AddExpression2b(SqlDdlParserImpl.java:12556) ~[calcite-server-1.42.0.jar:1.42.0]
	at org.apache.calcite.sql.parser.ddl.SqlDdlParserImpl.Expression2(SqlDdlParserImpl.java:12599) ~[calcite-server-1.42.0.jar:1.42.0]
	at org.apache.calcite.sql.parser.ddl.SqlDdlParserImpl.Expression(SqlDdlParserImpl.java:12075) ~[calcite-server-1.42.0.jar:1.42.0]
	at org.apache.calcite.sql.parser.ddl.SqlDdlParserImpl.LeafQueryOrExpr(SqlDdlParserImpl.java:12053) ~[calcite-server-1.42.0.jar:1.42.0]
	at org.apache.calcite.sql.parser.ddl.SqlDdlParserImpl.QueryOrExpr(SqlDdlParserImpl.java:11873) ~[calcite-server-1.42.0.jar:1.42.0]
	at org.apache.calcite.sql.parser.ddl.SqlDdlParserImpl.OrderedQueryOrExpr(SqlDdlParserImpl.java:609) ~[calcite-server-1.42.0.jar:1.42.0]
	at org.apache.calcite.sql.parser.ddl.SqlDdlParserImpl.SqlStmt(SqlDdlParserImpl.java:1238) ~[calcite-server-1.42.0.jar:1.42.0]
	at org.apache.calcite.sql.parser.ddl.SqlDdlParserImpl.SqlStmtEof(SqlDdlParserImpl.java:1279) ~[calcite-server-1.42.0.jar:1.42.0]
	at org.apache.calcite.sql.parser.ddl.SqlDdlParserImpl.parseSqlStmtEof(SqlDdlParserImpl.java:232) ~[calcite-server-1.42.0.jar:1.42.0]
	at org.apache.calcite.sql.parser.SqlParser.parseQuery(SqlParser.java:172) ~[calcite-core-1.42.0.jar:1.42.0]
	at org.apache.calcite.sql.parser.SqlParser.parseStmt(SqlParser.java:199) ~[calcite-core-1.42.0.jar:1.42.0]
	at com.minidb.server.calcite.CalciteContext.parse(CalciteContext.java:56) ~[classes/:?]
	... 26 more
2026-08-12 14:15:36.096 WARN  [nioEventLoopGroup-3-1] SessionHandler - query failed in 4327 ms: SELECT t.*
FROM "public".t t
java.lang.IllegalArgumentException: Non-query expression encountered in illegal context
	at com.minidb.server.calcite.CalciteContext.parse(CalciteContext.java:58) ~[classes/:?]
	at com.minidb.server.exec.QueryExecutor.execute(Unknown Source) ~[classes/:?]
	at com.minidb.server.netty.SessionHandler.handleExecute(SessionHandler.java:55) [classes/:?]
	at com.minidb.server.netty.SessionHandler.channelRead0(SessionHandler.java:37) [classes/:?]
	at com.minidb.server.netty.SessionHandler.channelRead0(SessionHandler.java:19) [classes/:?]
	at io.netty.channel.SimpleChannelInboundHandler.channelRead(SimpleChannelInboundHandler.java:99) [netty-transport-4.1.137.Final.jar:4.1.137.Final]
	at io.netty.channel.AbstractChannelHandlerContext.invokeChannelRead(AbstractChannelHandlerContext.java:444) [netty-transport-4.1.137.Final.jar:4.1.137.Final]
	at io.netty.channel.AbstractChannelHandlerContext.invokeChannelRead(AbstractChannelHandlerContext.java:420) [netty-transport-4.1.137.Final.jar:4.1.137.Final]
	at io.netty.channel.AbstractChannelHandlerContext.fireChannelRead(AbstractChannelHandlerContext.java:412) [netty-transport-4.1.137.Final.jar:4.1.137.Final]
	at io.netty.handler.codec.ByteToMessageDecoder.fireChannelRead(ByteToMessageDecoder.java:361) [netty-codec-4.1.137.Final.jar:4.1.137.Final]
	at io.netty.handler.codec.ByteToMessageDecoder.channelRead(ByteToMessageDecoder.java:325) [netty-codec-4.1.137.Final.jar:4.1.137.Final]
	at io.netty.channel.AbstractChannelHandlerContext.invokeChannelRead(AbstractChannelHandlerContext.java:444) [netty-transport-4.1.137.Final.jar:4.1.137.Final]
	at io.netty.channel.AbstractChannelHandlerContext.invokeChannelRead(AbstractChannelHandlerContext.java:420) [netty-transport-4.1.137.Final.jar:4.1.137.Final]
	at io.netty.channel.AbstractChannelHandlerContext.fireChannelRead(AbstractChannelHandlerContext.java:412) [netty-transport-4.1.137.Final.jar:4.1.137.Final]
	at io.netty.channel.DefaultChannelPipeline$HeadContext.channelRead(DefaultChannelPipeline.java:1357) [netty-transport-4.1.137.Final.jar:4.1.137.Final]
	at io.netty.channel.AbstractChannelHandlerContext.invokeChannelRead(AbstractChannelHandlerContext.java:440) [netty-transport-4.1.137.Final.jar:4.1.137.Final]
	at io.netty.channel.AbstractChannelHandlerContext.invokeChannelRead(AbstractChannelHandlerContext.java:420) [netty-transport-4.1.137.Final.jar:4.1.137.Final]
	at io.netty.channel.DefaultChannelPipeline.fireChannelRead(DefaultChannelPipeline.java:868) [netty-transport-4.1.137.Final.jar:4.1.137.Final]
	at io.netty.channel.nio.AbstractNioByteChannel$NioByteUnsafe.read(AbstractNioByteChannel.java:171) [netty-transport-4.1.137.Final.jar:4.1.137.Final]
	at io.netty.channel.nio.NioEventLoop.processSelectedKey(NioEventLoop.java:796) [netty-transport-4.1.137.Final.jar:4.1.137.Final]
	at io.netty.channel.nio.NioEventLoop.processSelectedKeysOptimized(NioEventLoop.java:732) [netty-transport-4.1.137.Final.jar:4.1.137.Final]
	at io.netty.channel.nio.NioEventLoop.processSelectedKeys(NioEventLoop.java:658) [netty-transport-4.1.137.Final.jar:4.1.137.Final]
	at io.netty.channel.nio.NioEventLoop.run(NioEventLoop.java:562) [netty-transport-4.1.137.Final.jar:4.1.137.Final]
	at io.netty.util.concurrent.SingleThreadEventExecutor$4.run(SingleThreadEventExecutor.java:1007) [netty-common-4.1.137.Final.jar:4.1.137.Final]
	at io.netty.util.internal.ThreadExecutorMap$2.run(ThreadExecutorMap.java:74) [netty-common-4.1.137.Final.jar:4.1.137.Final]
	at io.netty.util.concurrent.FastThreadLocalRunnable.run(FastThreadLocalRunnable.java:30) [netty-common-4.1.137.Final.jar:4.1.137.Final]
	at java.base/java.lang.Thread.run(Thread.java:840) [?:?]
Caused by: org.apache.calcite.sql.parser.SqlParseException: Non-query expression encountered in illegal context
	at org.apache.calcite.sql.parser.ddl.SqlDdlParserImpl.convertException(SqlDdlParserImpl.java:438) ~[calcite-server-1.42.0.jar:1.42.0]
	at org.apache.calcite.sql.parser.ddl.SqlDdlParserImpl.normalizeException(SqlDdlParserImpl.java:184) ~[calcite-server-1.42.0.jar:1.42.0]
	at org.apache.calcite.sql.parser.SqlParser.handleException(SqlParser.java:159) ~[calcite-core-1.42.0.jar:1.42.0]
	at org.apache.calcite.sql.parser.SqlParser.parseQuery(SqlParser.java:174) ~[calcite-core-1.42.0.jar:1.42.0]
	at org.apache.calcite.sql.parser.SqlParser.parseStmt(SqlParser.java:199) ~[calcite-core-1.42.0.jar:1.42.0]
	at com.minidb.server.calcite.CalciteContext.parse(CalciteContext.java:56) ~[classes/:?]
	... 26 more
Caused by: org.apache.calcite.runtime.CalciteException: Non-query expression encountered in illegal context
	at java.base/jdk.internal.reflect.NativeConstructorAccessorImpl.newInstance0(Native Method) ~[?:?]
	at java.base/jdk.internal.reflect.NativeConstructorAccessorImpl.newInstance(NativeConstructorAccessorImpl.java:77) ~[?:?]
	at java.base/jdk.internal.reflect.DelegatingConstructorAccessorImpl.newInstance(DelegatingConstructorAccessorImpl.java:45) ~[?:?]
	at java.base/java.lang.reflect.Constructor.newInstanceWithCaller(Constructor.java:500) ~[?:?]
	at java.base/java.lang.reflect.Constructor.newInstance(Constructor.java:481) ~[?:?]
	at org.apache.calcite.runtime.Resources$ExInstWithCause.ex(Resources.java:511) ~[calcite-core-1.42.0.jar:1.42.0]
	at org.apache.calcite.runtime.Resources$ExInst.ex(Resources.java:605) ~[calcite-core-1.42.0.jar:1.42.0]
	at org.apache.calcite.sql.SqlUtil.newContextException(SqlUtil.java:960) ~[calcite-core-1.42.0.jar:1.42.0]
	at org.apache.calcite.sql.SqlUtil.newContextException(SqlUtil.java:945) ~[calcite-core-1.42.0.jar:1.42.0]
	at org.apache.calcite.sql.parser.ddl.SqlDdlParserImpl.checkNonQueryExpression(SqlDdlParserImpl.java:354) ~[calcite-server-1.42.0.jar:1.42.0]
	at org.apache.calcite.sql.parser.ddl.SqlDdlParserImpl.Expression3(SqlDdlParserImpl.java:12942) ~[calcite-server-1.42.0.jar:1.42.0]
	at org.apache.calcite.sql.parser.ddl.SqlDdlParserImpl.AddExpression2b(SqlDdlParserImpl.java:12556) ~[calcite-server-1.42.0.jar:1.42.0]
	at org.apache.calcite.sql.parser.ddl.SqlDdlParserImpl.Expression2(SqlDdlParserImpl.java:12599) ~[calcite-server-1.42.0.jar:1.42.0]
	at org.apache.calcite.sql.parser.ddl.SqlDdlParserImpl.Expression(SqlDdlParserImpl.java:12075) ~[calcite-server-1.42.0.jar:1.42.0]
	at org.apache.calcite.sql.parser.ddl.SqlDdlParserImpl.LeafQueryOrExpr(SqlDdlParserImpl.java:12053) ~[calcite-server-1.42.0.jar:1.42.0]
	at org.apache.calcite.sql.parser.ddl.SqlDdlParserImpl.QueryOrExpr(SqlDdlParserImpl.java:11873) ~[calcite-server-1.42.0.jar:1.42.0]
	at org.apache.calcite.sql.parser.ddl.SqlDdlParserImpl.OrderedQueryOrExpr(SqlDdlParserImpl.java:609) ~[calcite-server-1.42.0.jar:1.42.0]
	at org.apache.calcite.sql.parser.ddl.SqlDdlParserImpl.SqlStmt(SqlDdlParserImpl.java:1238) ~[calcite-server-1.42.0.jar:1.42.0]
	at org.apache.calcite.sql.parser.ddl.SqlDdlParserImpl.SqlStmtEof(SqlDdlParserImpl.java:1279) ~[calcite-server-1.42.0.jar:1.42.0]
	at org.apache.calcite.sql.parser.ddl.SqlDdlParserImpl.parseSqlStmtEof(SqlDdlParserImpl.java:232) ~[calcite-server-1.42.0.jar:1.42.0]
	at org.apache.calcite.sql.parser.SqlParser.parseQuery(SqlParser.java:172) ~[calcite-core-1.42.0.jar:1.42.0]
	at org.apache.calcite.sql.parser.SqlParser.parseStmt(SqlParser.java:199) ~[calcite-core-1.42.0.jar:1.42.0]
	at com.minidb.server.calcite.CalciteContext.parse(CalciteContext.java:56) ~[classes/:?]
	... 26 more
2026-08-12 14:16:01.702 WARN  [nioEventLoopGroup-3-1] SessionHandler - query failed in 15726 ms: SELECT t.*
FROM "public".t t
java.lang.IllegalArgumentException: Encountered "\"" at line 1, column 16.
Was expecting one of:
    "LATERAL" ...
    "TABLE" ...
    <IDENTIFIER> ...
    <HYPHENATED_IDENTIFIER> ...
    <QUOTED_IDENTIFIER> ...
    <BACK_QUOTED_IDENTIFIER> ...
    <BIG_QUERY_BACK_QUOTED_IDENTIFIER> ...
    <BRACKET_QUOTED_IDENTIFIER> ...
    <UNICODE_QUOTED_IDENTIFIER> ...
    "(" ...
    "UNNEST" ...
    
	at com.minidb.server.calcite.CalciteContext.parse(CalciteContext.java:58) ~[classes/:?]
	at com.minidb.server.exec.QueryExecutor.execute(Unknown Source) ~[classes/:?]
	at com.minidb.server.netty.SessionHandler.handleExecute(SessionHandler.java:55) [classes/:?]
	at com.minidb.server.netty.SessionHandler.channelRead0(SessionHandler.java:37) [classes/:?]
	at com.minidb.server.netty.SessionHandler.channelRead0(SessionHandler.java:19) [classes/:?]
	at io.netty.channel.SimpleChannelInboundHandler.channelRead(SimpleChannelInboundHandler.java:99) [netty-transport-4.1.137.Final.jar:4.1.137.Final]
	at io.netty.channel.AbstractChannelHandlerContext.invokeChannelRead(AbstractChannelHandlerContext.java:444) [netty-transport-4.1.137.Final.jar:4.1.137.Final]
	at io.netty.channel.AbstractChannelHandlerContext.invokeChannelRead(AbstractChannelHandlerContext.java:420) [netty-transport-4.1.137.Final.jar:4.1.137.Final]
	at io.netty.channel.AbstractChannelHandlerContext.fireChannelRead(AbstractChannelHandlerContext.java:412) [netty-transport-4.1.137.Final.jar:4.1.137.Final]
	at io.netty.handler.codec.ByteToMessageDecoder.fireChannelRead(ByteToMessageDecoder.java:361) [netty-codec-4.1.137.Final.jar:4.1.137.Final]
	at io.netty.handler.codec.ByteToMessageDecoder.channelRead(ByteToMessageDecoder.java:325) [netty-codec-4.1.137.Final.jar:4.1.137.Final]
	at io.netty.channel.AbstractChannelHandlerContext.invokeChannelRead(AbstractChannelHandlerContext.java:444) [netty-transport-4.1.137.Final.jar:4.1.137.Final]
	at io.netty.channel.AbstractChannelHandlerContext.invokeChannelRead(AbstractChannelHandlerContext.java:420) [netty-transport-4.1.137.Final.jar:4.1.137.Final]
	at io.netty.channel.AbstractChannelHandlerContext.fireChannelRead(AbstractChannelHandlerContext.java:412) [netty-transport-4.1.137.Final.jar:4.1.137.Final]
	at io.netty.channel.DefaultChannelPipeline$HeadContext.channelRead(DefaultChannelPipeline.java:1357) [netty-transport-4.1.137.Final.jar:4.1.137.Final]
	at io.netty.channel.AbstractChannelHandlerContext.invokeChannelRead(AbstractChannelHandlerContext.java:440) [netty-transport-4.1.137.Final.jar:4.1.137.Final]
	at io.netty.channel.AbstractChannelHandlerContext.invokeChannelRead(AbstractChannelHandlerContext.java:420) [netty-transport-4.1.137.Final.jar:4.1.137.Final]
	at io.netty.channel.DefaultChannelPipeline.fireChannelRead(DefaultChannelPipeline.java:868) [netty-transport-4.1.137.Final.jar:4.1.137.Final]
	at io.netty.channel.nio.AbstractNioByteChannel$NioByteUnsafe.read(AbstractNioByteChannel.java:171) [netty-transport-4.1.137.Final.jar:4.1.137.Final]
	at io.netty.channel.nio.NioEventLoop.processSelectedKey(NioEventLoop.java:796) [netty-transport-4.1.137.Final.jar:4.1.137.Final]
	at io.netty.channel.nio.NioEventLoop.processSelectedKeysOptimized(NioEventLoop.java:732) [netty-transport-4.1.137.Final.jar:4.1.137.Final]
	at io.netty.channel.nio.NioEventLoop.processSelectedKeys(NioEventLoop.java:658) [netty-transport-4.1.137.Final.jar:4.1.137.Final]
	at io.netty.channel.nio.NioEventLoop.run(NioEventLoop.java:562) [netty-transport-4.1.137.Final.jar:4.1.137.Final]
	at io.netty.util.concurrent.SingleThreadEventExecutor$4.run(SingleThreadEventExecutor.java:1007) [netty-common-4.1.137.Final.jar:4.1.137.Final]
	at io.netty.util.internal.ThreadExecutorMap$2.run(ThreadExecutorMap.java:74) [netty-common-4.1.137.Final.jar:4.1.137.Final]
	at io.netty.util.concurrent.FastThreadLocalRunnable.run(FastThreadLocalRunnable.java:30) [netty-common-4.1.137.Final.jar:4.1.137.Final]
	at java.base/java.lang.Thread.run(Thread.java:840) [?:?]
Caused by: org.apache.calcite.sql.parser.SqlParseException: Encountered "\"" at line 1, column 16.
Was expecting one of:
    "LATERAL" ...
    "TABLE" ...
    <IDENTIFIER> ...
    <HYPHENATED_IDENTIFIER> ...
    <QUOTED_IDENTIFIER> ...
    <BACK_QUOTED_IDENTIFIER> ...
    <BIG_QUERY_BACK_QUOTED_IDENTIFIER> ...
    <BRACKET_QUOTED_IDENTIFIER> ...
    <UNICODE_QUOTED_IDENTIFIER> ...
    "(" ...
    "UNNEST" ...
    
	at org.apache.calcite.sql.parser.ddl.SqlDdlParserImpl.convertException(SqlDdlParserImpl.java:438) ~[calcite-server-1.42.0.jar:1.42.0]
	at org.apache.calcite.sql.parser.ddl.SqlDdlParserImpl.normalizeException(SqlDdlParserImpl.java:184) ~[calcite-server-1.42.0.jar:1.42.0]
	at org.apache.calcite.sql.parser.SqlParser.handleException(SqlParser.java:159) ~[calcite-core-1.42.0.jar:1.42.0]
	at org.apache.calcite.sql.parser.SqlParser.parseQuery(SqlParser.java:174) ~[calcite-core-1.42.0.jar:1.42.0]
	at org.apache.calcite.sql.parser.SqlParser.parseStmt(SqlParser.java:199) ~[calcite-core-1.42.0.jar:1.42.0]
	at com.minidb.server.calcite.CalciteContext.parse(CalciteContext.java:56) ~[classes/:?]
	... 26 more
Caused by: org.apache.calcite.sql.parser.ddl.ParseException: Encountered "\"" at line 1, column 16.
Was expecting one of:
    "LATERAL" ...
    "TABLE" ...
    <IDENTIFIER> ...
    <HYPHENATED_IDENTIFIER> ...
    <QUOTED_IDENTIFIER> ...
    <BACK_QUOTED_IDENTIFIER> ...
    <BIG_QUERY_BACK_QUOTED_IDENTIFIER> ...
    <BRACKET_QUOTED_IDENTIFIER> ...
    <UNICODE_QUOTED_IDENTIFIER> ...
    "(" ...
    "UNNEST" ...
    
	at org.apache.calcite.sql.parser.ddl.SqlDdlParserImpl.generateParseException(SqlDdlParserImpl.java:36879) ~[calcite-server-1.42.0.jar:1.42.0]
	at org.apache.calcite.sql.parser.ddl.SqlDdlParserImpl.jj_consume_token(SqlDdlParserImpl.java:36687) ~[calcite-server-1.42.0.jar:1.42.0]
	at org.apache.calcite.sql.parser.ddl.SqlDdlParserImpl.TableRef3(SqlDdlParserImpl.java:7763) ~[calcite-server-1.42.0.jar:1.42.0]
	at org.apache.calcite.sql.parser.ddl.SqlDdlParserImpl.TableRef1(SqlDdlParserImpl.java:7640) ~[calcite-server-1.42.0.jar:1.42.0]
	at org.apache.calcite.sql.parser.ddl.SqlDdlParserImpl.FromClause(SqlDdlParserImpl.java:7449) ~[calcite-server-1.42.0.jar:1.42.0]
	at org.apache.calcite.sql.parser.ddl.SqlDdlParserImpl.SqlSelect(SqlDdlParserImpl.java:4345) ~[calcite-server-1.42.0.jar:1.42.0]
	at org.apache.calcite.sql.parser.ddl.SqlDdlParserImpl.LeafQuery(SqlDdlParserImpl.java:827) ~[calcite-server-1.42.0.jar:1.42.0]
	at org.apache.calcite.sql.parser.ddl.SqlDdlParserImpl.LeafQueryOrExpr(SqlDdlParserImpl.java:12047) ~[calcite-server-1.42.0.jar:1.42.0]
	at org.apache.calcite.sql.parser.ddl.SqlDdlParserImpl.QueryOrExpr(SqlDdlParserImpl.java:11873) ~[calcite-server-1.42.0.jar:1.42.0]
	at org.apache.calcite.sql.parser.ddl.SqlDdlParserImpl.OrderedQueryOrExpr(SqlDdlParserImpl.java:609) ~[calcite-server-1.42.0.jar:1.42.0]
	at org.apache.calcite.sql.parser.ddl.SqlDdlParserImpl.SqlStmt(SqlDdlParserImpl.java:1238) ~[calcite-server-1.42.0.jar:1.42.0]
	at org.apache.calcite.sql.parser.ddl.SqlDdlParserImpl.SqlStmtEof(SqlDdlParserImpl.java:1279) ~[calcite-server-1.42.0.jar:1.42.0]
	at org.apache.calcite.sql.parser.ddl.SqlDdlParserImpl.parseSqlStmtEof(SqlDdlParserImpl.java:232) ~[calcite-server-1.42.0.jar:1.42.0]
	at org.apache.calcite.sql.parser.SqlParser.parseQuery(SqlParser.java:172) ~[calcite-core-1.42.0.jar:1.42.0]
	at org.apache.calcite.sql.parser.SqlParser.parseStmt(SqlParser.java:199) ~[calcite-core-1.42.0.jar:1.42.0]
	at com.minidb.server.calcite.CalciteContext.parse(CalciteContext.java:56) ~[classes/:?]
	... 26 more
2026-08-12 14:25:46.195 WARN  [nioEventLoopGroup-3-1] SessionHandler - query failed in 6599 ms: SELECT t.*
FROM "public".t t
java.lang.IllegalArgumentException: Non-query expression encountered in illegal context
	at com.minidb.server.calcite.CalciteContext.parse(CalciteContext.java:58) ~[classes/:?]
	at com.minidb.server.exec.QueryExecutor.execute(QueryExecutor.java:88) ~[classes/:?]
	at com.minidb.server.netty.SessionHandler.handleExecute(SessionHandler.java:55) [classes/:?]
	at com.minidb.server.netty.SessionHandler.channelRead0(SessionHandler.java:37) [classes/:?]
	at com.minidb.server.netty.SessionHandler.channelRead0(SessionHandler.java:19) [classes/:?]
	at io.netty.channel.SimpleChannelInboundHandler.channelRead(SimpleChannelInboundHandler.java:99) [netty-transport-4.1.137.Final.jar:4.1.137.Final]
	at io.netty.channel.AbstractChannelHandlerContext.invokeChannelRead(AbstractChannelHandlerContext.java:444) [netty-transport-4.1.137.Final.jar:4.1.137.Final]
	at io.netty.channel.AbstractChannelHandlerContext.invokeChannelRead(AbstractChannelHandlerContext.java:420) [netty-transport-4.1.137.Final.jar:4.1.137.Final]
	at io.netty.channel.AbstractChannelHandlerContext.fireChannelRead(AbstractChannelHandlerContext.java:412) [netty-transport-4.1.137.Final.jar:4.1.137.Final]
	at io.netty.handler.codec.ByteToMessageDecoder.fireChannelRead(ByteToMessageDecoder.java:361) [netty-codec-4.1.137.Final.jar:4.1.137.Final]
	at io.netty.handler.codec.ByteToMessageDecoder.channelRead(ByteToMessageDecoder.java:325) [netty-codec-4.1.137.Final.jar:4.1.137.Final]
	at io.netty.channel.AbstractChannelHandlerContext.invokeChannelRead(AbstractChannelHandlerContext.java:444) [netty-transport-4.1.137.Final.jar:4.1.137.Final]
	at io.netty.channel.AbstractChannelHandlerContext.invokeChannelRead(AbstractChannelHandlerContext.java:420) [netty-transport-4.1.137.Final.jar:4.1.137.Final]
	at io.netty.channel.AbstractChannelHandlerContext.fireChannelRead(AbstractChannelHandlerContext.java:412) [netty-transport-4.1.137.Final.jar:4.1.137.Final]
	at io.netty.channel.DefaultChannelPipeline$HeadContext.channelRead(DefaultChannelPipeline.java:1357) [netty-transport-4.1.137.Final.jar:4.1.137.Final]
	at io.netty.channel.AbstractChannelHandlerContext.invokeChannelRead(AbstractChannelHandlerContext.java:440) [netty-transport-4.1.137.Final.jar:4.1.137.Final]
	at io.netty.channel.AbstractChannelHandlerContext.invokeChannelRead(AbstractChannelHandlerContext.java:420) [netty-transport-4.1.137.Final.jar:4.1.137.Final]
	at io.netty.channel.DefaultChannelPipeline.fireChannelRead(DefaultChannelPipeline.java:868) [netty-transport-4.1.137.Final.jar:4.1.137.Final]
	at io.netty.channel.nio.AbstractNioByteChannel$NioByteUnsafe.read(AbstractNioByteChannel.java:171) [netty-transport-4.1.137.Final.jar:4.1.137.Final]
	at io.netty.channel.nio.NioEventLoop.processSelectedKey(NioEventLoop.java:796) [netty-transport-4.1.137.Final.jar:4.1.137.Final]
	at io.netty.channel.nio.NioEventLoop.processSelectedKeysOptimized(NioEventLoop.java:732) [netty-transport-4.1.137.Final.jar:4.1.137.Final]
	at io.netty.channel.nio.NioEventLoop.processSelectedKeys(NioEventLoop.java:658) [netty-transport-4.1.137.Final.jar:4.1.137.Final]
	at io.netty.channel.nio.NioEventLoop.run(NioEventLoop.java:562) [netty-transport-4.1.137.Final.jar:4.1.137.Final]
	at io.netty.util.concurrent.SingleThreadEventExecutor$4.run(SingleThreadEventExecutor.java:1007) [netty-common-4.1.137.Final.jar:4.1.137.Final]
	at io.netty.util.internal.ThreadExecutorMap$2.run(ThreadExecutorMap.java:74) [netty-common-4.1.137.Final.jar:4.1.137.Final]
	at io.netty.util.concurrent.FastThreadLocalRunnable.run(FastThreadLocalRunnable.java:30) [netty-common-4.1.137.Final.jar:4.1.137.Final]
	at java.base/java.lang.Thread.run(Thread.java:840) [?:?]
Caused by: org.apache.calcite.sql.parser.SqlParseException: Non-query expression encountered in illegal context
	at org.apache.calcite.sql.parser.ddl.SqlDdlParserImpl.convertException(SqlDdlParserImpl.java:438) ~[calcite-server-1.42.0.jar:1.42.0]
	at org.apache.calcite.sql.parser.ddl.SqlDdlParserImpl.normalizeException(SqlDdlParserImpl.java:184) ~[calcite-server-1.42.0.jar:1.42.0]
	at org.apache.calcite.sql.parser.SqlParser.handleException(SqlParser.java:159) ~[calcite-core-1.42.0.jar:1.42.0]
	at org.apache.calcite.sql.parser.SqlParser.parseQuery(SqlParser.java:174) ~[calcite-core-1.42.0.jar:1.42.0]
	at org.apache.calcite.sql.parser.SqlParser.parseStmt(SqlParser.java:199) ~[calcite-core-1.42.0.jar:1.42.0]
	at com.minidb.server.calcite.CalciteContext.parse(CalciteContext.java:56) ~[classes/:?]
	... 26 more
Caused by: org.apache.calcite.runtime.CalciteException: Non-query expression encountered in illegal context
	at java.base/jdk.internal.reflect.NativeConstructorAccessorImpl.newInstance0(Native Method) ~[?:?]
	at java.base/jdk.internal.reflect.NativeConstructorAccessorImpl.newInstance(NativeConstructorAccessorImpl.java:77) ~[?:?]
	at java.base/jdk.internal.reflect.DelegatingConstructorAccessorImpl.newInstance(DelegatingConstructorAccessorImpl.java:45) ~[?:?]
	at java.base/java.lang.reflect.Constructor.newInstanceWithCaller(Constructor.java:500) ~[?:?]
	at java.base/java.lang.reflect.Constructor.newInstance(Constructor.java:481) ~[?:?]
	at org.apache.calcite.runtime.Resources$ExInstWithCause.ex(Resources.java:511) ~[calcite-core-1.42.0.jar:1.42.0]
	at org.apache.calcite.runtime.Resources$ExInst.ex(Resources.java:605) ~[calcite-core-1.42.0.jar:1.42.0]
	at org.apache.calcite.sql.SqlUtil.newContextException(SqlUtil.java:960) ~[calcite-core-1.42.0.jar:1.42.0]
	at org.apache.calcite.sql.SqlUtil.newContextException(SqlUtil.java:945) ~[calcite-core-1.42.0.jar:1.42.0]
	at org.apache.calcite.sql.parser.ddl.SqlDdlParserImpl.checkNonQueryExpression(SqlDdlParserImpl.java:354) ~[calcite-server-1.42.0.jar:1.42.0]
	at org.apache.calcite.sql.parser.ddl.SqlDdlParserImpl.Expression3(SqlDdlParserImpl.java:12942) ~[calcite-server-1.42.0.jar:1.42.0]
	at org.apache.calcite.sql.parser.ddl.SqlDdlParserImpl.AddExpression2b(SqlDdlParserImpl.java:12556) ~[calcite-server-1.42.0.jar:1.42.0]
	at org.apache.calcite.sql.parser.ddl.SqlDdlParserImpl.Expression2(SqlDdlParserImpl.java:12599) ~[calcite-server-1.42.0.jar:1.42.0]
	at org.apache.calcite.sql.parser.ddl.SqlDdlParserImpl.Expression(SqlDdlParserImpl.java:12075) ~[calcite-server-1.42.0.jar:1.42.0]
	at org.apache.calcite.sql.parser.ddl.SqlDdlParserImpl.LeafQueryOrExpr(SqlDdlParserImpl.java:12053) ~[calcite-server-1.42.0.jar:1.42.0]
	at org.apache.calcite.sql.parser.ddl.SqlDdlParserImpl.QueryOrExpr(SqlDdlParserImpl.java:11873) ~[calcite-server-1.42.0.jar:1.42.0]
	at org.apache.calcite.sql.parser.ddl.SqlDdlParserImpl.OrderedQueryOrExpr(SqlDdlParserImpl.java:609) ~[calcite-server-1.42.0.jar:1.42.0]
	at org.apache.calcite.sql.parser.ddl.SqlDdlParserImpl.SqlStmt(SqlDdlParserImpl.java:1238) ~[calcite-server-1.42.0.jar:1.42.0]
	at org.apache.calcite.sql.parser.ddl.SqlDdlParserImpl.SqlStmtEof(SqlDdlParserImpl.java:1279) ~[calcite-server-1.42.0.jar:1.42.0]
	at org.apache.calcite.sql.parser.ddl.SqlDdlParserImpl.parseSqlStmtEof(SqlDdlParserImpl.java:232) ~[calcite-server-1.42.0.jar:1.42.0]
	at org.apache.calcite.sql.parser.SqlParser.parseQuery(SqlParser.java:172) ~[calcite-core-1.42.0.jar:1.42.0]
	at org.apache.calcite.sql.parser.SqlParser.parseStmt(SqlParser.java:199) ~[calcite-core-1.42.0.jar:1.42.0]
	at com.minidb.server.calcite.CalciteContext.parse(CalciteContext.java:56) ~[classes/:?]
	... 26 more
2026-08-12 14:25:48.538 INFO  [Thread-0] Main - MiniDB shutting down
2026-08-12 14:25:55.343 INFO  [main] Main - MiniDB starting on port 8899 with data dir data
2026-08-12 14:25:56.178 INFO  [main] StorageManager - loaded 1 table(s)
2026-08-12 14:25:56.918 INFO  [main] MiniDbServer - MiniDB server bound to port 8899
2026-08-12 14:25:56.919 INFO  [main] Main - MiniDB listening on port 8899
2026-08-12 14:26:19.996 WARN  [nioEventLoopGroup-3-1] SessionHandler - query failed in 5577 ms: SELECT t.*
FROM "public".t t
java.lang.IllegalArgumentException: Encountered "\"" at line 2, column 6.
Was expecting one of:
    "LATERAL" ...
    "TABLE" ...
    <IDENTIFIER> ...
    <HYPHENATED_IDENTIFIER> ...
    <QUOTED_IDENTIFIER> ...
    <BACK_QUOTED_IDENTIFIER> ...
    <BIG_QUERY_BACK_QUOTED_IDENTIFIER> ...
    <BRACKET_QUOTED_IDENTIFIER> ...
    <UNICODE_QUOTED_IDENTIFIER> ...
    "(" ...
    "UNNEST" ...
    
	at com.minidb.server.calcite.CalciteContext.parse(CalciteContext.java:58) ~[classes/:?]
	at com.minidb.server.exec.QueryExecutor.execute(QueryExecutor.java:83) ~[classes/:?]
	at com.minidb.server.netty.SessionHandler.handleExecute(SessionHandler.java:55) [classes/:?]
	at com.minidb.server.netty.SessionHandler.channelRead0(SessionHandler.java:37) [classes/:?]
	at com.minidb.server.netty.SessionHandler.channelRead0(SessionHandler.java:19) [classes/:?]
	at io.netty.channel.SimpleChannelInboundHandler.channelRead(SimpleChannelInboundHandler.java:99) [netty-transport-4.1.137.Final.jar:4.1.137.Final]
	at io.netty.channel.AbstractChannelHandlerContext.invokeChannelRead(AbstractChannelHandlerContext.java:444) [netty-transport-4.1.137.Final.jar:4.1.137.Final]
	at io.netty.channel.AbstractChannelHandlerContext.invokeChannelRead(AbstractChannelHandlerContext.java:420) [netty-transport-4.1.137.Final.jar:4.1.137.Final]
	at io.netty.channel.AbstractChannelHandlerContext.fireChannelRead(AbstractChannelHandlerContext.java:412) [netty-transport-4.1.137.Final.jar:4.1.137.Final]
	at io.netty.handler.codec.ByteToMessageDecoder.fireChannelRead(ByteToMessageDecoder.java:361) [netty-codec-4.1.137.Final.jar:4.1.137.Final]
	at io.netty.handler.codec.ByteToMessageDecoder.channelRead(ByteToMessageDecoder.java:325) [netty-codec-4.1.137.Final.jar:4.1.137.Final]
	at io.netty.channel.AbstractChannelHandlerContext.invokeChannelRead(AbstractChannelHandlerContext.java:444) [netty-transport-4.1.137.Final.jar:4.1.137.Final]
	at io.netty.channel.AbstractChannelHandlerContext.invokeChannelRead(AbstractChannelHandlerContext.java:420) [netty-transport-4.1.137.Final.jar:4.1.137.Final]
	at io.netty.channel.AbstractChannelHandlerContext.fireChannelRead(AbstractChannelHandlerContext.java:412) [netty-transport-4.1.137.Final.jar:4.1.137.Final]
	at io.netty.channel.DefaultChannelPipeline$HeadContext.channelRead(DefaultChannelPipeline.java:1357) [netty-transport-4.1.137.Final.jar:4.1.137.Final]
	at io.netty.channel.AbstractChannelHandlerContext.invokeChannelRead(AbstractChannelHandlerContext.java:440) [netty-transport-4.1.137.Final.jar:4.1.137.Final]
	at io.netty.channel.AbstractChannelHandlerContext.invokeChannelRead(AbstractChannelHandlerContext.java:420) [netty-transport-4.1.137.Final.jar:4.1.137.Final]
	at io.netty.channel.DefaultChannelPipeline.fireChannelRead(DefaultChannelPipeline.java:868) [netty-transport-4.1.137.Final.jar:4.1.137.Final]
	at io.netty.channel.nio.AbstractNioByteChannel$NioByteUnsafe.read(AbstractNioByteChannel.java:171) [netty-transport-4.1.137.Final.jar:4.1.137.Final]
	at io.netty.channel.nio.NioEventLoop.processSelectedKey(NioEventLoop.java:796) [netty-transport-4.1.137.Final.jar:4.1.137.Final]
	at io.netty.channel.nio.NioEventLoop.processSelectedKeysOptimized(NioEventLoop.java:732) [netty-transport-4.1.137.Final.jar:4.1.137.Final]
	at io.netty.channel.nio.NioEventLoop.processSelectedKeys(NioEventLoop.java:658) [netty-transport-4.1.137.Final.jar:4.1.137.Final]
	at io.netty.channel.nio.NioEventLoop.run(NioEventLoop.java:562) [netty-transport-4.1.137.Final.jar:4.1.137.Final]
	at io.netty.util.concurrent.SingleThreadEventExecutor$4.run(SingleThreadEventExecutor.java:1007) [netty-common-4.1.137.Final.jar:4.1.137.Final]
	at io.netty.util.internal.ThreadExecutorMap$2.run(ThreadExecutorMap.java:74) [netty-common-4.1.137.Final.jar:4.1.137.Final]
	at io.netty.util.concurrent.FastThreadLocalRunnable.run(FastThreadLocalRunnable.java:30) [netty-common-4.1.137.Final.jar:4.1.137.Final]
	at java.base/java.lang.Thread.run(Thread.java:840) [?:?]
Caused by: org.apache.calcite.sql.parser.SqlParseException: Encountered "\"" at line 2, column 6.
Was expecting one of:
    "LATERAL" ...
    "TABLE" ...
    <IDENTIFIER> ...
    <HYPHENATED_IDENTIFIER> ...
    <QUOTED_IDENTIFIER> ...
    <BACK_QUOTED_IDENTIFIER> ...
    <BIG_QUERY_BACK_QUOTED_IDENTIFIER> ...
    <BRACKET_QUOTED_IDENTIFIER> ...
    <UNICODE_QUOTED_IDENTIFIER> ...
    "(" ...
    "UNNEST" ...
    
	at org.apache.calcite.sql.parser.ddl.SqlDdlParserImpl.convertException(SqlDdlParserImpl.java:438) ~[calcite-server-1.42.0.jar:1.42.0]
	at org.apache.calcite.sql.parser.ddl.SqlDdlParserImpl.normalizeException(SqlDdlParserImpl.java:184) ~[calcite-server-1.42.0.jar:1.42.0]
	at org.apache.calcite.sql.parser.SqlParser.handleException(SqlParser.java:159) ~[calcite-core-1.42.0.jar:1.42.0]
	at org.apache.calcite.sql.parser.SqlParser.parseQuery(SqlParser.java:174) ~[calcite-core-1.42.0.jar:1.42.0]
	at org.apache.calcite.sql.parser.SqlParser.parseStmt(SqlParser.java:199) ~[calcite-core-1.42.0.jar:1.42.0]
	at com.minidb.server.calcite.CalciteContext.parse(CalciteContext.java:56) ~[classes/:?]
	... 26 more
Caused by: org.apache.calcite.sql.parser.ddl.ParseException: Encountered "\"" at line 2, column 6.
Was expecting one of:
    "LATERAL" ...
    "TABLE" ...
    <IDENTIFIER> ...
    <HYPHENATED_IDENTIFIER> ...
    <QUOTED_IDENTIFIER> ...
    <BACK_QUOTED_IDENTIFIER> ...
    <BIG_QUERY_BACK_QUOTED_IDENTIFIER> ...
    <BRACKET_QUOTED_IDENTIFIER> ...
    <UNICODE_QUOTED_IDENTIFIER> ...
    "(" ...
    "UNNEST" ...
    
	at org.apache.calcite.sql.parser.ddl.SqlDdlParserImpl.generateParseException(SqlDdlParserImpl.java:36879) ~[calcite-server-1.42.0.jar:1.42.0]
	at org.apache.calcite.sql.parser.ddl.SqlDdlParserImpl.jj_consume_token(SqlDdlParserImpl.java:36687) ~[calcite-server-1.42.0.jar:1.42.0]
	at org.apache.calcite.sql.parser.ddl.SqlDdlParserImpl.TableRef3(SqlDdlParserImpl.java:7763) ~[calcite-server-1.42.0.jar:1.42.0]
	at org.apache.calcite.sql.parser.ddl.SqlDdlParserImpl.TableRef1(SqlDdlParserImpl.java:7640) ~[calcite-server-1.42.0.jar:1.42.0]
	at org.apache.calcite.sql.parser.ddl.SqlDdlParserImpl.FromClause(SqlDdlParserImpl.java:7449) ~[calcite-server-1.42.0.jar:1.42.0]
	at org.apache.calcite.sql.parser.ddl.SqlDdlParserImpl.SqlSelect(SqlDdlParserImpl.java:4345) ~[calcite-server-1.42.0.jar:1.42.0]
	at org.apache.calcite.sql.parser.ddl.SqlDdlParserImpl.LeafQuery(SqlDdlParserImpl.java:827) ~[calcite-server-1.42.0.jar:1.42.0]
	at org.apache.calcite.sql.parser.ddl.SqlDdlParserImpl.LeafQueryOrExpr(SqlDdlParserImpl.java:12047) ~[calcite-server-1.42.0.jar:1.42.0]
	at org.apache.calcite.sql.parser.ddl.SqlDdlParserImpl.QueryOrExpr(SqlDdlParserImpl.java:11873) ~[calcite-server-1.42.0.jar:1.42.0]
	at org.apache.calcite.sql.parser.ddl.SqlDdlParserImpl.OrderedQueryOrExpr(SqlDdlParserImpl.java:609) ~[calcite-server-1.42.0.jar:1.42.0]
	at org.apache.calcite.sql.parser.ddl.SqlDdlParserImpl.SqlStmt(SqlDdlParserImpl.java:1238) ~[calcite-server-1.42.0.jar:1.42.0]
	at org.apache.calcite.sql.parser.ddl.SqlDdlParserImpl.SqlStmtEof(SqlDdlParserImpl.java:1279) ~[calcite-server-1.42.0.jar:1.42.0]
	at org.apache.calcite.sql.parser.ddl.SqlDdlParserImpl.parseSqlStmtEof(SqlDdlParserImpl.java:232) ~[calcite-server-1.42.0.jar:1.42.0]
	at org.apache.calcite.sql.parser.SqlParser.parseQuery(SqlParser.java:172) ~[calcite-core-1.42.0.jar:1.42.0]
	at org.apache.calcite.sql.parser.SqlParser.parseStmt(SqlParser.java:199) ~[calcite-core-1.42.0.jar:1.42.0]
	at com.minidb.server.calcite.CalciteContext.parse(CalciteContext.java:56) ~[classes/:?]
	... 26 more
2026-08-12 16:54:14.297 INFO  [Thread-0] Main - MiniDB shutting down
2026-08-12 16:54:20.726 INFO  [main] Main - MiniDB starting on port 8899 with data dir data
2026-08-12 16:54:21.653 INFO  [main] StorageManager - loaded 1 table(s)
2026-08-12 16:54:22.462 INFO  [main] MiniDbServer - MiniDB server bound to port 8899
2026-08-12 16:54:22.463 INFO  [main] Main - MiniDB listening on port 8899
2026-08-12 16:54:29.181 INFO  [nioEventLoopGroup-3-1] SessionHandler - query ok: 6 rows returned in 1674 ms
2026-08-12 16:54:34.675 INFO  [nioEventLoopGroup-3-1] SessionHandler - query ok: 6 rows returned in 9 ms
2026-08-12 16:54:37.511 INFO  [nioEventLoopGroup-3-1] SessionHandler - query ok: 6 rows returned in 9 ms
2026-08-12 16:55:04.602 INFO  [nioEventLoopGroup-3-1] SessionHandler - query ok: 6 rows returned in 9 ms
2026-08-12 16:55:05.629 INFO  [nioEventLoopGroup-3-1] SessionHandler - query ok: 6 rows returned in 7 ms
2026-08-12 16:55:22.222 WARN  [nioEventLoopGroup-3-2] SessionHandler - query failed in 130 ms: explain INSERT INTO t VALUES (1, 'a')
java.lang.IllegalArgumentException: EXPLAIN does not support DML
	at com.minidb.server.exec.ExplainExecutor.explain(ExplainExecutor.java:59) ~[classes/:?]
	at com.minidb.server.exec.QueryExecutor.execute(QueryExecutor.java:73) ~[classes/:?]
	at com.minidb.server.netty.SessionHandler.handleExecute(SessionHandler.java:55) [classes/:?]
	at com.minidb.server.netty.SessionHandler.channelRead0(SessionHandler.java:37) [classes/:?]
	at com.minidb.server.netty.SessionHandler.channelRead0(SessionHandler.java:19) [classes/:?]
	at io.netty.channel.SimpleChannelInboundHandler.channelRead(SimpleChannelInboundHandler.java:99) [netty-transport-4.1.137.Final.jar:4.1.137.Final]
	at io.netty.channel.AbstractChannelHandlerContext.invokeChannelRead(AbstractChannelHandlerContext.java:444) [netty-transport-4.1.137.Final.jar:4.1.137.Final]
	at io.netty.channel.AbstractChannelHandlerContext.invokeChannelRead(AbstractChannelHandlerContext.java:420) [netty-transport-4.1.137.Final.jar:4.1.137.Final]
	at io.netty.channel.AbstractChannelHandlerContext.fireChannelRead(AbstractChannelHandlerContext.java:412) [netty-transport-4.1.137.Final.jar:4.1.137.Final]
	at io.netty.handler.codec.ByteToMessageDecoder.fireChannelRead(ByteToMessageDecoder.java:361) [netty-codec-4.1.137.Final.jar:4.1.137.Final]
	at io.netty.handler.codec.ByteToMessageDecoder.channelRead(ByteToMessageDecoder.java:325) [netty-codec-4.1.137.Final.jar:4.1.137.Final]
	at io.netty.channel.AbstractChannelHandlerContext.invokeChannelRead(AbstractChannelHandlerContext.java:444) [netty-transport-4.1.137.Final.jar:4.1.137.Final]
	at io.netty.channel.AbstractChannelHandlerContext.invokeChannelRead(AbstractChannelHandlerContext.java:420) [netty-transport-4.1.137.Final.jar:4.1.137.Final]
	at io.netty.channel.AbstractChannelHandlerContext.fireChannelRead(AbstractChannelHandlerContext.java:412) [netty-transport-4.1.137.Final.jar:4.1.137.Final]
	at io.netty.channel.DefaultChannelPipeline$HeadContext.channelRead(DefaultChannelPipeline.java:1357) [netty-transport-4.1.137.Final.jar:4.1.137.Final]
	at io.netty.channel.AbstractChannelHandlerContext.invokeChannelRead(AbstractChannelHandlerContext.java:440) [netty-transport-4.1.137.Final.jar:4.1.137.Final]
	at io.netty.channel.AbstractChannelHandlerContext.invokeChannelRead(AbstractChannelHandlerContext.java:420) [netty-transport-4.1.137.Final.jar:4.1.137.Final]
	at io.netty.channel.DefaultChannelPipeline.fireChannelRead(DefaultChannelPipeline.java:868) [netty-transport-4.1.137.Final.jar:4.1.137.Final]
	at io.netty.channel.nio.AbstractNioByteChannel$NioByteUnsafe.read(AbstractNioByteChannel.java:171) [netty-transport-4.1.137.Final.jar:4.1.137.Final]
	at io.netty.channel.nio.NioEventLoop.processSelectedKey(NioEventLoop.java:796) [netty-transport-4.1.137.Final.jar:4.1.137.Final]
	at io.netty.channel.nio.NioEventLoop.processSelectedKeysOptimized(NioEventLoop.java:732) [netty-transport-4.1.137.Final.jar:4.1.137.Final]
	at io.netty.channel.nio.NioEventLoop.processSelectedKeys(NioEventLoop.java:658) [netty-transport-4.1.137.Final.jar:4.1.137.Final]
	at io.netty.channel.nio.NioEventLoop.run(NioEventLoop.java:562) [netty-transport-4.1.137.Final.jar:4.1.137.Final]
	at io.netty.util.concurrent.SingleThreadEventExecutor$4.run(SingleThreadEventExecutor.java:1007) [netty-common-4.1.137.Final.jar:4.1.137.Final]
	at io.netty.util.internal.ThreadExecutorMap$2.run(ThreadExecutorMap.java:74) [netty-common-4.1.137.Final.jar:4.1.137.Final]
	at io.netty.util.concurrent.FastThreadLocalRunnable.run(FastThreadLocalRunnable.java:30) [netty-common-4.1.137.Final.jar:4.1.137.Final]
	at java.base/java.lang.Thread.run(Thread.java:840) [?:?]
2026-08-12 16:55:32.245 INFO  [nioEventLoopGroup-3-2] SessionHandler - query ok: 2 rows returned in 117 ms
2026-08-12 16:55:37.917 INFO  [nioEventLoopGroup-3-2] SessionHandler - query ok: 2 rows returned in 7 ms
2026-08-12 16:55:38.275 INFO  [nioEventLoopGroup-3-2] SessionHandler - query ok: 2 rows returned in 5 ms
2026-08-12 16:55:38.638 INFO  [nioEventLoopGroup-3-2] SessionHandler - query ok: 2 rows returned in 4 ms
2026-08-12 16:55:40.704 INFO  [nioEventLoopGroup-3-2] SessionHandler - query ok: 2 rows returned in 69 ms
2026-08-12 20:58:43.864 INFO  [Thread-0] Main - MiniDB shutting down
2026-08-12 22:04:43.701 INFO  [main] Main - MiniDB starting on port 8899 with data dir data
2026-08-12 22:05:22.268 INFO  [main] Main - MiniDB starting on port 8899 with data dir data
2026-08-12 22:05:23.053 INFO  [main] StorageManager - loaded 1 table(s)
2026-08-12 22:05:23.781 INFO  [main] MiniDbServer - MiniDB server bound to port 8899
2026-08-12 22:05:23.782 INFO  [main] Main - MiniDB listening on port 8899
2026-08-12 22:05:31.433 INFO  [nioEventLoopGroup-3-1] SessionHandler - query ok: 1 rows returned in 1653 ms
2026-08-12 22:05:41.089 INFO  [nioEventLoopGroup-3-1] SessionHandler - query ok: 6 rows returned in 39 ms
2026-08-12 22:05:46.906 INFO  [nioEventLoopGroup-3-1] SessionHandler - query ok: 1 rows returned in 8 ms
2026-08-12 22:05:52.302 INFO  [nioEventLoopGroup-3-1] SessionHandler - query ok: 6 rows returned in 13 ms
2026-08-12 22:06:14.856 INFO  [nioEventLoopGroup-3-1] SessionHandler - query ok: 1 rows returned in 22 ms
2026-08-12 22:17:54.869 INFO  [nioEventLoopGroup-3-1] SessionHandler - query ok: 1 rows returned in 11 ms
2026-08-12 22:17:58.588 INFO  [nioEventLoopGroup-3-1] SessionHandler - query ok: 1 rows returned in 10 ms
2026-08-12 22:18:11.943 INFO  [main] Main - MiniDB starting on port 8899 with data dir data
2026-08-12 22:18:12.746 INFO  [main] StorageManager - loaded 1 table(s)
2026-08-12 22:18:13.488 INFO  [main] MiniDbServer - MiniDB server bound to port 8899
2026-08-12 22:18:13.489 INFO  [main] Main - MiniDB listening on port 8899
2026-08-12 22:18:20.199 INFO  [nioEventLoopGroup-3-1] SessionHandler - query ok: 1 rows returned in 1373 ms
2026-08-13 08:53:19.532 WARN  [nioEventLoopGroup-3-1] SessionHandler - channel exception, closing
java.net.SocketException: Connection reset
	at java.base/sun.nio.ch.SocketChannelImpl.throwConnectionReset(SocketChannelImpl.java:394) ~[?:?]
	at java.base/sun.nio.ch.SocketChannelImpl.read(SocketChannelImpl.java:426) ~[?:?]
	at io.netty.buffer.PooledByteBuf.setBytes(PooledByteBuf.java:255) ~[netty-buffer-4.1.137.Final.jar:19.0.0]
	at io.netty.buffer.AbstractByteBuf.writeBytes(AbstractByteBuf.java:1132) ~[netty-buffer-4.1.137.Final.jar:19.0.0]
	at io.netty.channel.socket.nio.NioSocketChannel.doReadBytes(NioSocketChannel.java:356) ~[netty-transport-4.1.137.Final.jar:4.1.137.Final]
	at io.netty.channel.nio.AbstractNioByteChannel$NioByteUnsafe.read(AbstractNioByteChannel.java:156) [netty-transport-4.1.137.Final.jar:4.1.137.Final]
	at io.netty.channel.nio.NioEventLoop.processSelectedKey(NioEventLoop.java:796) [netty-transport-4.1.137.Final.jar:4.1.137.Final]
	at io.netty.channel.nio.NioEventLoop.processSelectedKeysOptimized(NioEventLoop.java:732) [netty-transport-4.1.137.Final.jar:4.1.137.Final]
	at io.netty.channel.nio.NioEventLoop.processSelectedKeys(NioEventLoop.java:658) [netty-transport-4.1.137.Final.jar:4.1.137.Final]
	at io.netty.channel.nio.NioEventLoop.run(NioEventLoop.java:562) [netty-transport-4.1.137.Final.jar:4.1.137.Final]
	at io.netty.util.concurrent.SingleThreadEventExecutor$4.run(SingleThreadEventExecutor.java:1007) [netty-common-4.1.137.Final.jar:4.1.137.Final]
	at io.netty.util.internal.ThreadExecutorMap$2.run(ThreadExecutorMap.java:74) [netty-common-4.1.137.Final.jar:4.1.137.Final]
	at io.netty.util.concurrent.FastThreadLocalRunnable.run(FastThreadLocalRunnable.java:30) [netty-common-4.1.137.Final.jar:4.1.137.Final]
	at java.base/java.lang.Thread.run(Thread.java:840) [?:?]
2026-08-13 11:11:14.003 INFO  [Thread-0] Main - MiniDB shutting down
2026-08-13 12:53:39.819 INFO  [main] Main - MiniDB starting on port 8899 with data dir data
2026-08-13 12:53:40.646 INFO  [main] StorageManager - loaded 1 table(s)
2026-08-13 12:53:41.384 INFO  [main] MiniDbServer - MiniDB server bound to port 8899
2026-08-13 12:53:41.385 INFO  [main] Main - MiniDB listening on port 8899
2026-08-13 12:54:00.714 INFO  [nioEventLoopGroup-3-1] SessionHandler - query ok: 1 rows returned in 1642 ms
2026-08-13 12:54:05.595 INFO  [nioEventLoopGroup-3-1] SessionHandler - query ok: 1 rows returned in 11 ms
2026-08-13 12:54:14.391 INFO  [nioEventLoopGroup-3-1] SessionHandler - query ok: 1 rows returned in 9 ms
2026-08-13 12:54:18.639 INFO  [nioEventLoopGroup-3-1] SessionHandler - query ok: 1 rows returned in 10 ms
2026-08-13 12:54:21.803 INFO  [nioEventLoopGroup-3-1] SessionHandler - query ok: 1 rows returned in 11 ms
2026-08-13 12:54:25.626 INFO  [nioEventLoopGroup-3-1] SessionHandler - query ok: 2 rows returned in 29 ms
2026-08-13 12:54:52.634 INFO  [nioEventLoopGroup-3-1] SessionHandler - query ok: 3 rows returned in 70 ms
2026-08-13 12:55:16.852 INFO  [nioEventLoopGroup-3-1] SessionHandler - query ok: 2 rows returned in 18 ms
2026-08-13 12:55:20.966 INFO  [nioEventLoopGroup-3-1] SessionHandler - query ok: 3 rows returned in 8 ms
2026-08-13 12:57:01.085 INFO  [nioEventLoopGroup-3-1] SessionHandler - query ok: 3 rows returned in 8 ms
2026-08-13 12:57:04.133 INFO  [nioEventLoopGroup-3-1] SessionHandler - query ok: 3 rows returned in 7 ms
2026-08-13 13:10:58.896 INFO  [nioEventLoopGroup-3-1] SessionHandler - query ok: 3 rows returned in 17 ms
2026-08-13 13:16:16.931 INFO  [nioEventLoopGroup-3-1] SessionHandler - query ok: 2 rows returned in 7 ms
2026-08-13 13:16:22.649 INFO  [nioEventLoopGroup-3-1] SessionHandler - query ok: 2 rows returned in 7 ms
2026-08-13 13:22:23.940 INFO  [nioEventLoopGroup-3-1] SessionHandler - query ok: 2 rows returned in 8 ms
2026-08-13 13:22:30.566 INFO  [nioEventLoopGroup-3-1] SessionHandler - query ok: 2 rows returned in 6 ms
2026-08-13 13:22:38.288 INFO  [Thread-0] Main - MiniDB shutting down
2026-08-13 13:22:38.289 INFO  [Thread-0] MiniDbServer - MiniDB server closed
2026-08-13 13:22:44.588 INFO  [main] Main - MiniDB starting on port 8899 with data dir data
2026-08-13 13:22:45.784 INFO  [main] StorageManager - loaded 1 table(s)
2026-08-13 13:22:46.675 INFO  [main] MiniDbServer - MiniDB server bound to port 8899
2026-08-13 13:22:46.676 INFO  [main] Main - MiniDB listening on port 8899
2026-08-13 13:22:49.528 INFO  [nioEventLoopGroup-3-1] SessionHandler - query ok: 2 rows returned in 2188 ms
2026-08-13 13:22:59.069 INFO  [nioEventLoopGroup-3-1] SessionHandler - query ok: 2 rows returned in 521 ms
2026-08-13 13:23:05.537 INFO  [nioEventLoopGroup-3-1] SessionHandler - query ok: 3 rows returned in 52 ms
2026-08-13 13:23:49.867 INFO  [Thread-0] Main - MiniDB shutting down
2026-08-13 13:23:56.078 INFO  [main] Main - MiniDB starting on port 8899 with data dir data
2026-08-13 13:23:56.872 INFO  [main] StorageManager - loaded 1 table(s)
2026-08-13 13:23:57.642 INFO  [main] MiniDbServer - MiniDB server bound to port 8899
2026-08-13 13:23:57.643 INFO  [main] Main - MiniDB listening on port 8899
2026-08-13 13:24:00.491 INFO  [nioEventLoopGroup-3-1] SessionHandler - query ok: 3 rows returned in 1678 ms
2026-08-13 13:25:13.562 INFO  [Thread-0] Main - MiniDB shutting down
2026-08-13 13:25:19.507 INFO  [main] Main - MiniDB starting on port 8899 with data dir data
2026-08-13 13:25:20.197 INFO  [main] StorageManager - loaded 1 table(s)
2026-08-13 13:25:20.861 INFO  [main] MiniDbServer - MiniDB server bound to port 8899
2026-08-13 13:25:20.862 INFO  [main] Main - MiniDB listening on port 8899
2026-08-13 13:25:24.966 INFO  [nioEventLoopGroup-3-1] SessionHandler - query ok: 2 rows returned in 1630 ms
2026-08-13 13:25:29.551 INFO  [nioEventLoopGroup-3-1] SessionHandler - query ok: 2 rows returned in 28 ms
2026-08-13 13:25:39.135 INFO  [nioEventLoopGroup-3-1] SessionHandler - query ok: 2 rows returned in 14 ms
2026-08-13 14:49:24.023 INFO  [nioEventLoopGroup-3-1] SessionHandler - query ok: 0 rows affected in 204 ms
2026-08-13 14:49:27.466 INFO  [nioEventLoopGroup-3-1] SessionHandler - query ok: 4 rows affected in 186 ms
2026-08-13 14:49:38.798 WARN  [nioEventLoopGroup-3-1] SessionHandler - query failed in 8522 ms: SELECT g, x, SUM(x) OVER (PARTITION BY g) AS s FROM tw "
              + "WHERE x > 1 ORDER BY g, x
java.lang.IllegalArgumentException: Encountered "\"" at line 1, column 56.
Was expecting one of:
    <EOF> 
    "AS" ...
    "ASOF" ...
    "CROSS" ...
    "EXCEPT" ...
    "EXTEND" ...
    "FETCH" ...
    "FOR" ...
    "FULL" ...
    "GROUP" ...
    "HAVING" ...
    "INNER" ...
    "INTERSECT" ...
    "JOIN" ...
    "LEFT" ...
    "LIMIT" ...
    "NATURAL" ...
    "OFFSET" ...
    "ORDER" ...
    "OUTER" ...
    "QUALIFY" ...
    "RIGHT" ...
    "MINUS" ...
    "TABLESAMPLE" ...
    "UNION" ...
    "WHERE" ...
    "WINDOW" ...
    "(" ...
    "," ...
    "/*+" ...
    <BRACKET_QUOTED_IDENTIFIER> ...
    <QUOTED_IDENTIFIER> ...
    <BACK_QUOTED_IDENTIFIER> ...
    <BIG_QUERY_BACK_QUOTED_IDENTIFIER> ...
    <HYPHENATED_IDENTIFIER> ...
    <IDENTIFIER> ...
    <UNICODE_QUOTED_IDENTIFIER> ...
    "MATCH_RECOGNIZE" ...
    "." ...
    
	at com.minidb.server.calcite.CalciteContext.parse(CalciteContext.java:60) ~[classes/:?]
	at com.minidb.server.exec.QueryExecutor.execute(QueryExecutor.java:83) ~[classes/:?]
	at com.minidb.server.netty.SessionHandler.handleExecute(SessionHandler.java:55) [classes/:?]
	at com.minidb.server.netty.SessionHandler.channelRead0(SessionHandler.java:37) [classes/:?]
	at com.minidb.server.netty.SessionHandler.channelRead0(SessionHandler.java:19) [classes/:?]
	at io.netty.channel.SimpleChannelInboundHandler.channelRead(SimpleChannelInboundHandler.java:99) [netty-transport-4.1.137.Final.jar:4.1.137.Final]
	at io.netty.channel.AbstractChannelHandlerContext.invokeChannelRead(AbstractChannelHandlerContext.java:444) [netty-transport-4.1.137.Final.jar:4.1.137.Final]
	at io.netty.channel.AbstractChannelHandlerContext.invokeChannelRead(AbstractChannelHandlerContext.java:420) [netty-transport-4.1.137.Final.jar:4.1.137.Final]
	at io.netty.channel.AbstractChannelHandlerContext.fireChannelRead(AbstractChannelHandlerContext.java:412) [netty-transport-4.1.137.Final.jar:4.1.137.Final]
	at io.netty.handler.codec.ByteToMessageDecoder.fireChannelRead(ByteToMessageDecoder.java:361) [netty-codec-4.1.137.Final.jar:4.1.137.Final]
	at io.netty.handler.codec.ByteToMessageDecoder.channelRead(ByteToMessageDecoder.java:325) [netty-codec-4.1.137.Final.jar:4.1.137.Final]
	at io.netty.channel.AbstractChannelHandlerContext.invokeChannelRead(AbstractChannelHandlerContext.java:444) [netty-transport-4.1.137.Final.jar:4.1.137.Final]
	at io.netty.channel.AbstractChannelHandlerContext.invokeChannelRead(AbstractChannelHandlerContext.java:420) [netty-transport-4.1.137.Final.jar:4.1.137.Final]
	at io.netty.channel.AbstractChannelHandlerContext.fireChannelRead(AbstractChannelHandlerContext.java:412) [netty-transport-4.1.137.Final.jar:4.1.137.Final]
	at io.netty.channel.DefaultChannelPipeline$HeadContext.channelRead(DefaultChannelPipeline.java:1357) [netty-transport-4.1.137.Final.jar:4.1.137.Final]
	at io.netty.channel.AbstractChannelHandlerContext.invokeChannelRead(AbstractChannelHandlerContext.java:440) [netty-transport-4.1.137.Final.jar:4.1.137.Final]
	at io.netty.channel.AbstractChannelHandlerContext.invokeChannelRead(AbstractChannelHandlerContext.java:420) [netty-transport-4.1.137.Final.jar:4.1.137.Final]
	at io.netty.channel.DefaultChannelPipeline.fireChannelRead(DefaultChannelPipeline.java:868) [netty-transport-4.1.137.Final.jar:4.1.137.Final]
	at io.netty.channel.nio.AbstractNioByteChannel$NioByteUnsafe.read(AbstractNioByteChannel.java:171) [netty-transport-4.1.137.Final.jar:4.1.137.Final]
	at io.netty.channel.nio.NioEventLoop.processSelectedKey(NioEventLoop.java:796) [netty-transport-4.1.137.Final.jar:4.1.137.Final]
	at io.netty.channel.nio.NioEventLoop.processSelectedKeysOptimized(NioEventLoop.java:732) [netty-transport-4.1.137.Final.jar:4.1.137.Final]
	at io.netty.channel.nio.NioEventLoop.processSelectedKeys(NioEventLoop.java:658) [netty-transport-4.1.137.Final.jar:4.1.137.Final]
	at io.netty.channel.nio.NioEventLoop.run(NioEventLoop.java:562) [netty-transport-4.1.137.Final.jar:4.1.137.Final]
	at io.netty.util.concurrent.SingleThreadEventExecutor$4.run(SingleThreadEventExecutor.java:1007) [netty-common-4.1.137.Final.jar:4.1.137.Final]
	at io.netty.util.internal.ThreadExecutorMap$2.run(ThreadExecutorMap.java:74) [netty-common-4.1.137.Final.jar:4.1.137.Final]
	at io.netty.util.concurrent.FastThreadLocalRunnable.run(FastThreadLocalRunnable.java:30) [netty-common-4.1.137.Final.jar:4.1.137.Final]
	at java.base/java.lang.Thread.run(Thread.java:840) [?:?]
Caused by: org.apache.calcite.sql.parser.SqlParseException: Encountered "\"" at line 1, column 56.
Was expecting one of:
    <EOF> 
    "AS" ...
    "ASOF" ...
    "CROSS" ...
    "EXCEPT" ...
    "EXTEND" ...
    "FETCH" ...
    "FOR" ...
    "FULL" ...
    "GROUP" ...
    "HAVING" ...
    "INNER" ...
    "INTERSECT" ...
    "JOIN" ...
    "LEFT" ...
    "LIMIT" ...
    "NATURAL" ...
    "OFFSET" ...
    "ORDER" ...
    "OUTER" ...
    "QUALIFY" ...
    "RIGHT" ...
    "MINUS" ...
    "TABLESAMPLE" ...
    "UNION" ...
    "WHERE" ...
    "WINDOW" ...
    "(" ...
    "," ...
    "/*+" ...
    <BRACKET_QUOTED_IDENTIFIER> ...
    <QUOTED_IDENTIFIER> ...
    <BACK_QUOTED_IDENTIFIER> ...
    <BIG_QUERY_BACK_QUOTED_IDENTIFIER> ...
    <HYPHENATED_IDENTIFIER> ...
    <IDENTIFIER> ...
    <UNICODE_QUOTED_IDENTIFIER> ...
    "MATCH_RECOGNIZE" ...
    "." ...
    
	at org.apache.calcite.sql.parser.ddl.SqlDdlParserImpl.convertException(SqlDdlParserImpl.java:438) ~[calcite-server-1.42.0.jar:1.42.0]
	at org.apache.calcite.sql.parser.ddl.SqlDdlParserImpl.normalizeException(SqlDdlParserImpl.java:184) ~[calcite-server-1.42.0.jar:1.42.0]
	at org.apache.calcite.sql.parser.SqlParser.handleException(SqlParser.java:159) ~[calcite-core-1.42.0.jar:1.42.0]
	at org.apache.calcite.sql.parser.SqlParser.parseQuery(SqlParser.java:174) ~[calcite-core-1.42.0.jar:1.42.0]
	at org.apache.calcite.sql.parser.SqlParser.parseStmt(SqlParser.java:199) ~[calcite-core-1.42.0.jar:1.42.0]
	at com.minidb.server.calcite.CalciteContext.parse(CalciteContext.java:58) ~[classes/:?]
	... 26 more
Caused by: org.apache.calcite.sql.parser.ddl.ParseException: Encountered "\"" at line 1, column 56.
Was expecting one of:
    <EOF> 
    "AS" ...
    "ASOF" ...
    "CROSS" ...
    "EXCEPT" ...
    "EXTEND" ...
    "FETCH" ...
    "FOR" ...
    "FULL" ...
    "GROUP" ...
    "HAVING" ...
    "INNER" ...
    "INTERSECT" ...
    "JOIN" ...
    "LEFT" ...
    "LIMIT" ...
    "NATURAL" ...
    "OFFSET" ...
    "ORDER" ...
    "OUTER" ...
    "QUALIFY" ...
    "RIGHT" ...
    "MINUS" ...
    "TABLESAMPLE" ...
    "UNION" ...
    "WHERE" ...
    "WINDOW" ...
    "(" ...
    "," ...
    "/*+" ...
    <BRACKET_QUOTED_IDENTIFIER> ...
    <QUOTED_IDENTIFIER> ...
    <BACK_QUOTED_IDENTIFIER> ...
    <BIG_QUERY_BACK_QUOTED_IDENTIFIER> ...
    <HYPHENATED_IDENTIFIER> ...
    <IDENTIFIER> ...
    <UNICODE_QUOTED_IDENTIFIER> ...
    "MATCH_RECOGNIZE" ...
    "." ...
    
	at org.apache.calcite.sql.parser.ddl.SqlDdlParserImpl.generateParseException(SqlDdlParserImpl.java:36879) ~[calcite-server-1.42.0.jar:1.42.0]
	at org.apache.calcite.sql.parser.ddl.SqlDdlParserImpl.jj_consume_token(SqlDdlParserImpl.java:36687) ~[calcite-server-1.42.0.jar:1.42.0]
	at org.apache.calcite.sql.parser.ddl.SqlDdlParserImpl.SqlStmtEof(SqlDdlParserImpl.java:1280) ~[calcite-server-1.42.0.jar:1.42.0]
	at org.apache.calcite.sql.parser.ddl.SqlDdlParserImpl.parseSqlStmtEof(SqlDdlParserImpl.java:232) ~[calcite-server-1.42.0.jar:1.42.0]
	at org.apache.calcite.sql.parser.SqlParser.parseQuery(SqlParser.java:172) ~[calcite-core-1.42.0.jar:1.42.0]
	at org.apache.calcite.sql.parser.SqlParser.parseStmt(SqlParser.java:199) ~[calcite-core-1.42.0.jar:1.42.0]
	at com.minidb.server.calcite.CalciteContext.parse(CalciteContext.java:58) ~[classes/:?]
	... 26 more
2026-08-13 14:49:46.291 INFO  [Thread-0] Main - MiniDB shutting down
2026-08-13 14:49:46.295 INFO  [Thread-0] MiniDbServer - MiniDB server closed
2026-08-13 14:49:52.290 INFO  [main] Main - MiniDB starting on port 8899 with data dir data
2026-08-13 14:49:53.040 INFO  [main] StorageManager - loaded 2 table(s)
2026-08-13 14:49:53.663 INFO  [main] MiniDbServer - MiniDB server bound to port 8899
2026-08-13 14:49:53.664 INFO  [main] Main - MiniDB listening on port 8899
2026-08-13 14:50:29.225 WARN  [nioEventLoopGroup-3-1] SessionHandler - query failed in 28108 ms: SELECT g, x, SUM(x) OVER (PARTITION BY g) AS s FROM tw "
              + "WHERE x > 1 ORDER BY g, x
java.lang.IllegalArgumentException: Encountered "\"" at line 1, column 56.
Was expecting one of:
    <EOF> 
    "AS" ...
    "ASOF" ...
    "CROSS" ...
    "EXCEPT" ...
    "EXTEND" ...
    "FETCH" ...
    "FOR" ...
    "FULL" ...
    "GROUP" ...
    "HAVING" ...
    "INNER" ...
    "INTERSECT" ...
    "JOIN" ...
    "LEFT" ...
    "LIMIT" ...
    "NATURAL" ...
    "OFFSET" ...
    "ORDER" ...
    "OUTER" ...
    "QUALIFY" ...
    "RIGHT" ...
    "MINUS" ...
    "TABLESAMPLE" ...
    "UNION" ...
    "WHERE" ...
    "WINDOW" ...
    "(" ...
    "," ...
    "/*+" ...
    <BRACKET_QUOTED_IDENTIFIER> ...
    <QUOTED_IDENTIFIER> ...
    <BACK_QUOTED_IDENTIFIER> ...
    <BIG_QUERY_BACK_QUOTED_IDENTIFIER> ...
    <HYPHENATED_IDENTIFIER> ...
    <IDENTIFIER> ...
    <UNICODE_QUOTED_IDENTIFIER> ...
    "MATCH_RECOGNIZE" ...
    "." ...
    
	at com.minidb.server.calcite.CalciteContext.parse(CalciteContext.java:60) ~[classes/:?]
	at com.minidb.server.exec.QueryExecutor.execute(QueryExecutor.java:83) ~[classes/:?]
	at com.minidb.server.netty.SessionHandler.handleExecute(SessionHandler.java:55) [classes/:?]
	at com.minidb.server.netty.SessionHandler.channelRead0(SessionHandler.java:37) [classes/:?]
	at com.minidb.server.netty.SessionHandler.channelRead0(SessionHandler.java:19) [classes/:?]
	at io.netty.channel.SimpleChannelInboundHandler.channelRead(SimpleChannelInboundHandler.java:99) [netty-transport-4.1.137.Final.jar:4.1.137.Final]
	at io.netty.channel.AbstractChannelHandlerContext.invokeChannelRead(AbstractChannelHandlerContext.java:444) [netty-transport-4.1.137.Final.jar:4.1.137.Final]
	at io.netty.channel.AbstractChannelHandlerContext.invokeChannelRead(AbstractChannelHandlerContext.java:420) [netty-transport-4.1.137.Final.jar:4.1.137.Final]
	at io.netty.channel.AbstractChannelHandlerContext.fireChannelRead(AbstractChannelHandlerContext.java:412) [netty-transport-4.1.137.Final.jar:4.1.137.Final]
	at io.netty.handler.codec.ByteToMessageDecoder.fireChannelRead(ByteToMessageDecoder.java:361) [netty-codec-4.1.137.Final.jar:4.1.137.Final]
	at io.netty.handler.codec.ByteToMessageDecoder.channelRead(ByteToMessageDecoder.java:325) [netty-codec-4.1.137.Final.jar:4.1.137.Final]
	at io.netty.channel.AbstractChannelHandlerContext.invokeChannelRead(AbstractChannelHandlerContext.java:444) [netty-transport-4.1.137.Final.jar:4.1.137.Final]
	at io.netty.channel.AbstractChannelHandlerContext.invokeChannelRead(AbstractChannelHandlerContext.java:420) [netty-transport-4.1.137.Final.jar:4.1.137.Final]
	at io.netty.channel.AbstractChannelHandlerContext.fireChannelRead(AbstractChannelHandlerContext.java:412) [netty-transport-4.1.137.Final.jar:4.1.137.Final]
	at io.netty.channel.DefaultChannelPipeline$HeadContext.channelRead(DefaultChannelPipeline.java:1357) [netty-transport-4.1.137.Final.jar:4.1.137.Final]
	at io.netty.channel.AbstractChannelHandlerContext.invokeChannelRead(AbstractChannelHandlerContext.java:440) [netty-transport-4.1.137.Final.jar:4.1.137.Final]
	at io.netty.channel.AbstractChannelHandlerContext.invokeChannelRead(AbstractChannelHandlerContext.java:420) [netty-transport-4.1.137.Final.jar:4.1.137.Final]
	at io.netty.channel.DefaultChannelPipeline.fireChannelRead(DefaultChannelPipeline.java:868) [netty-transport-4.1.137.Final.jar:4.1.137.Final]
	at io.netty.channel.nio.AbstractNioByteChannel$NioByteUnsafe.read(AbstractNioByteChannel.java:171) [netty-transport-4.1.137.Final.jar:4.1.137.Final]
	at io.netty.channel.nio.NioEventLoop.processSelectedKey(NioEventLoop.java:796) [netty-transport-4.1.137.Final.jar:4.1.137.Final]
	at io.netty.channel.nio.NioEventLoop.processSelectedKeysOptimized(NioEventLoop.java:732) [netty-transport-4.1.137.Final.jar:4.1.137.Final]
	at io.netty.channel.nio.NioEventLoop.processSelectedKeys(NioEventLoop.java:658) [netty-transport-4.1.137.Final.jar:4.1.137.Final]
	at io.netty.channel.nio.NioEventLoop.run(NioEventLoop.java:562) [netty-transport-4.1.137.Final.jar:4.1.137.Final]
	at io.netty.util.concurrent.SingleThreadEventExecutor$4.run(SingleThreadEventExecutor.java:1007) [netty-common-4.1.137.Final.jar:4.1.137.Final]
	at io.netty.util.internal.ThreadExecutorMap$2.run(ThreadExecutorMap.java:74) [netty-common-4.1.137.Final.jar:4.1.137.Final]
	at io.netty.util.concurrent.FastThreadLocalRunnable.run(FastThreadLocalRunnable.java:30) [netty-common-4.1.137.Final.jar:4.1.137.Final]
	at java.base/java.lang.Thread.run(Thread.java:840) [?:?]
Caused by: org.apache.calcite.sql.parser.SqlParseException: Encountered "\"" at line 1, column 56.
Was expecting one of:
    <EOF> 
    "AS" ...
    "ASOF" ...
    "CROSS" ...
    "EXCEPT" ...
    "EXTEND" ...
    "FETCH" ...
    "FOR" ...
    "FULL" ...
    "GROUP" ...
    "HAVING" ...
    "INNER" ...
    "INTERSECT" ...
    "JOIN" ...
    "LEFT" ...
    "LIMIT" ...
    "NATURAL" ...
    "OFFSET" ...
    "ORDER" ...
    "OUTER" ...
    "QUALIFY" ...
    "RIGHT" ...
    "MINUS" ...
    "TABLESAMPLE" ...
    "UNION" ...
    "WHERE" ...
    "WINDOW" ...
    "(" ...
    "," ...
    "/*+" ...
    <BRACKET_QUOTED_IDENTIFIER> ...
    <QUOTED_IDENTIFIER> ...
    <BACK_QUOTED_IDENTIFIER> ...
    <BIG_QUERY_BACK_QUOTED_IDENTIFIER> ...
    <HYPHENATED_IDENTIFIER> ...
    <IDENTIFIER> ...
    <UNICODE_QUOTED_IDENTIFIER> ...
    "MATCH_RECOGNIZE" ...
    "." ...
    
	at org.apache.calcite.sql.parser.ddl.SqlDdlParserImpl.convertException(SqlDdlParserImpl.java:438) ~[calcite-server-1.42.0.jar:1.42.0]
	at org.apache.calcite.sql.parser.ddl.SqlDdlParserImpl.normalizeException(SqlDdlParserImpl.java:184) ~[calcite-server-1.42.0.jar:1.42.0]
	at org.apache.calcite.sql.parser.SqlParser.handleException(SqlParser.java:159) ~[calcite-core-1.42.0.jar:1.42.0]
	at org.apache.calcite.sql.parser.SqlParser.parseQuery(SqlParser.java:174) ~[calcite-core-1.42.0.jar:1.42.0]
	at org.apache.calcite.sql.parser.SqlParser.parseStmt(SqlParser.java:199) ~[calcite-core-1.42.0.jar:1.42.0]
	at com.minidb.server.calcite.CalciteContext.parse(CalciteContext.java:58) ~[classes/:?]
	... 26 more
Caused by: org.apache.calcite.sql.parser.ddl.ParseException: Encountered "\"" at line 1, column 56.
Was expecting one of:
    <EOF> 
    "AS" ...
    "ASOF" ...
    "CROSS" ...
    "EXCEPT" ...
    "EXTEND" ...
    "FETCH" ...
    "FOR" ...
    "FULL" ...
    "GROUP" ...
    "HAVING" ...
    "INNER" ...
    "INTERSECT" ...
    "JOIN" ...
    "LEFT" ...
    "LIMIT" ...
    "NATURAL" ...
    "OFFSET" ...
    "ORDER" ...
    "OUTER" ...
    "QUALIFY" ...
    "RIGHT" ...
    "MINUS" ...
    "TABLESAMPLE" ...
    "UNION" ...
    "WHERE" ...
    "WINDOW" ...
    "(" ...
    "," ...
    "/*+" ...
    <BRACKET_QUOTED_IDENTIFIER> ...
    <QUOTED_IDENTIFIER> ...
    <BACK_QUOTED_IDENTIFIER> ...
    <BIG_QUERY_BACK_QUOTED_IDENTIFIER> ...
    <HYPHENATED_IDENTIFIER> ...
    <IDENTIFIER> ...
    <UNICODE_QUOTED_IDENTIFIER> ...
    "MATCH_RECOGNIZE" ...
    "." ...
    
	at org.apache.calcite.sql.parser.ddl.SqlDdlParserImpl.generateParseException(SqlDdlParserImpl.java:36879) ~[calcite-server-1.42.0.jar:1.42.0]
	at org.apache.calcite.sql.parser.ddl.SqlDdlParserImpl.jj_consume_token(SqlDdlParserImpl.java:36687) ~[calcite-server-1.42.0.jar:1.42.0]
	at org.apache.calcite.sql.parser.ddl.SqlDdlParserImpl.SqlStmtEof(SqlDdlParserImpl.java:1280) ~[calcite-server-1.42.0.jar:1.42.0]
	at org.apache.calcite.sql.parser.ddl.SqlDdlParserImpl.parseSqlStmtEof(SqlDdlParserImpl.java:232) ~[calcite-server-1.42.0.jar:1.42.0]
	at org.apache.calcite.sql.parser.SqlParser.parseQuery(SqlParser.java:172) ~[calcite-core-1.42.0.jar:1.42.0]
	at org.apache.calcite.sql.parser.SqlParser.parseStmt(SqlParser.java:199) ~[calcite-core-1.42.0.jar:1.42.0]
	at com.minidb.server.calcite.CalciteContext.parse(CalciteContext.java:58) ~[classes/:?]
	... 26 more
2026-08-13 14:50:40.747 INFO  [nioEventLoopGroup-3-1] SessionHandler - query ok: 3 rows returned in 1578 ms
2026-08-13 14:55:05.109 WARN  [nioEventLoopGroup-3-1] SessionHandler - query failed in 3806 ms: CREATE TABLE orders (
    order_id     INT PRIMARY KEY,
    customer_id  INT NOT NULL,
    order_date   DATE NOT NULL
)
java.lang.IllegalArgumentException: Encountered "PRIMARY" at line 2, column 22.
Was expecting one of:
    "ARRAY" ...
    "AS" ...
    "DEFAULT" ...
    "GENERATED" ...
    "MULTISET" ...
    "NOT" ...
    "NULL" ...
    "UNSIGNED" ...
    ")" ...
    "," ...
    
	at com.minidb.server.calcite.CalciteContext.parse(CalciteContext.java:60) ~[classes/:?]
	at com.minidb.server.exec.QueryExecutor.execute(QueryExecutor.java:83) ~[classes/:?]
	at com.minidb.server.netty.SessionHandler.handleExecute(SessionHandler.java:55) [classes/:?]
	at com.minidb.server.netty.SessionHandler.channelRead0(SessionHandler.java:37) [classes/:?]
	at com.minidb.server.netty.SessionHandler.channelRead0(SessionHandler.java:19) [classes/:?]
	at io.netty.channel.SimpleChannelInboundHandler.channelRead(SimpleChannelInboundHandler.java:99) [netty-transport-4.1.137.Final.jar:4.1.137.Final]
	at io.netty.channel.AbstractChannelHandlerContext.invokeChannelRead(AbstractChannelHandlerContext.java:444) [netty-transport-4.1.137.Final.jar:4.1.137.Final]
	at io.netty.channel.AbstractChannelHandlerContext.invokeChannelRead(AbstractChannelHandlerContext.java:420) [netty-transport-4.1.137.Final.jar:4.1.137.Final]
	at io.netty.channel.AbstractChannelHandlerContext.fireChannelRead(AbstractChannelHandlerContext.java:412) [netty-transport-4.1.137.Final.jar:4.1.137.Final]
	at io.netty.handler.codec.ByteToMessageDecoder.fireChannelRead(ByteToMessageDecoder.java:361) [netty-codec-4.1.137.Final.jar:4.1.137.Final]
	at io.netty.handler.codec.ByteToMessageDecoder.channelRead(ByteToMessageDecoder.java:325) [netty-codec-4.1.137.Final.jar:4.1.137.Final]
	at io.netty.channel.AbstractChannelHandlerContext.invokeChannelRead(AbstractChannelHandlerContext.java:444) [netty-transport-4.1.137.Final.jar:4.1.137.Final]
	at io.netty.channel.AbstractChannelHandlerContext.invokeChannelRead(AbstractChannelHandlerContext.java:420) [netty-transport-4.1.137.Final.jar:4.1.137.Final]
	at io.netty.channel.AbstractChannelHandlerContext.fireChannelRead(AbstractChannelHandlerContext.java:412) [netty-transport-4.1.137.Final.jar:4.1.137.Final]
	at io.netty.channel.DefaultChannelPipeline$HeadContext.channelRead(DefaultChannelPipeline.java:1357) [netty-transport-4.1.137.Final.jar:4.1.137.Final]
	at io.netty.channel.AbstractChannelHandlerContext.invokeChannelRead(AbstractChannelHandlerContext.java:440) [netty-transport-4.1.137.Final.jar:4.1.137.Final]
	at io.netty.channel.AbstractChannelHandlerContext.invokeChannelRead(AbstractChannelHandlerContext.java:420) [netty-transport-4.1.137.Final.jar:4.1.137.Final]
	at io.netty.channel.DefaultChannelPipeline.fireChannelRead(DefaultChannelPipeline.java:868) [netty-transport-4.1.137.Final.jar:4.1.137.Final]
	at io.netty.channel.nio.AbstractNioByteChannel$NioByteUnsafe.read(AbstractNioByteChannel.java:171) [netty-transport-4.1.137.Final.jar:4.1.137.Final]
	at io.netty.channel.nio.NioEventLoop.processSelectedKey(NioEventLoop.java:796) [netty-transport-4.1.137.Final.jar:4.1.137.Final]
	at io.netty.channel.nio.NioEventLoop.processSelectedKeysOptimized(NioEventLoop.java:732) [netty-transport-4.1.137.Final.jar:4.1.137.Final]
	at io.netty.channel.nio.NioEventLoop.processSelectedKeys(NioEventLoop.java:658) [netty-transport-4.1.137.Final.jar:4.1.137.Final]
	at io.netty.channel.nio.NioEventLoop.run(NioEventLoop.java:562) [netty-transport-4.1.137.Final.jar:4.1.137.Final]
	at io.netty.util.concurrent.SingleThreadEventExecutor$4.run(SingleThreadEventExecutor.java:1007) [netty-common-4.1.137.Final.jar:4.1.137.Final]
	at io.netty.util.internal.ThreadExecutorMap$2.run(ThreadExecutorMap.java:74) [netty-common-4.1.137.Final.jar:4.1.137.Final]
	at io.netty.util.concurrent.FastThreadLocalRunnable.run(FastThreadLocalRunnable.java:30) [netty-common-4.1.137.Final.jar:4.1.137.Final]
	at java.base/java.lang.Thread.run(Thread.java:840) [?:?]
Caused by: org.apache.calcite.sql.parser.SqlParseException: Encountered "PRIMARY" at line 2, column 22.
Was expecting one of:
    "ARRAY" ...
    "AS" ...
    "DEFAULT" ...
    "GENERATED" ...
    "MULTISET" ...
    "NOT" ...
    "NULL" ...
    "UNSIGNED" ...
    ")" ...
    "," ...
    
	at org.apache.calcite.sql.parser.ddl.SqlDdlParserImpl.convertException(SqlDdlParserImpl.java:438) ~[calcite-server-1.42.0.jar:1.42.0]
	at org.apache.calcite.sql.parser.ddl.SqlDdlParserImpl.normalizeException(SqlDdlParserImpl.java:184) ~[calcite-server-1.42.0.jar:1.42.0]
	at org.apache.calcite.sql.parser.SqlParser.handleException(SqlParser.java:159) ~[calcite-core-1.42.0.jar:1.42.0]
	at org.apache.calcite.sql.parser.SqlParser.parseQuery(SqlParser.java:174) ~[calcite-core-1.42.0.jar:1.42.0]
	at org.apache.calcite.sql.parser.SqlParser.parseStmt(SqlParser.java:199) ~[calcite-core-1.42.0.jar:1.42.0]
	at com.minidb.server.calcite.CalciteContext.parse(CalciteContext.java:58) ~[classes/:?]
	... 26 more
Caused by: org.apache.calcite.sql.parser.ddl.ParseException: Encountered "PRIMARY" at line 2, column 22.
Was expecting one of:
    "ARRAY" ...
    "AS" ...
    "DEFAULT" ...
    "GENERATED" ...
    "MULTISET" ...
    "NOT" ...
    "NULL" ...
    "UNSIGNED" ...
    ")" ...
    "," ...
    
	at org.apache.calcite.sql.parser.ddl.SqlDdlParserImpl.generateParseException(SqlDdlParserImpl.java:36879) ~[calcite-server-1.42.0.jar:1.42.0]
	at org.apache.calcite.sql.parser.ddl.SqlDdlParserImpl.jj_consume_token(SqlDdlParserImpl.java:36687) ~[calcite-server-1.42.0.jar:1.42.0]
	at org.apache.calcite.sql.parser.ddl.SqlDdlParserImpl.TableElementList(SqlDdlParserImpl.java:1769) ~[calcite-server-1.42.0.jar:1.42.0]
	at org.apache.calcite.sql.parser.ddl.SqlDdlParserImpl.SqlCreateTable(SqlDdlParserImpl.java:3077) ~[calcite-server-1.42.0.jar:1.42.0]
	at org.apache.calcite.sql.parser.ddl.SqlDdlParserImpl.SqlCreate(SqlDdlParserImpl.java:15081) ~[calcite-server-1.42.0.jar:1.42.0]
	at org.apache.calcite.sql.parser.ddl.SqlDdlParserImpl.SqlStmt(SqlDdlParserImpl.java:1228) ~[calcite-server-1.42.0.jar:1.42.0]
	at org.apache.calcite.sql.parser.ddl.SqlDdlParserImpl.SqlStmtEof(SqlDdlParserImpl.java:1279) ~[calcite-server-1.42.0.jar:1.42.0]
	at org.apache.calcite.sql.parser.ddl.SqlDdlParserImpl.parseSqlStmtEof(SqlDdlParserImpl.java:232) ~[calcite-server-1.42.0.jar:1.42.0]
	at org.apache.calcite.sql.parser.SqlParser.parseQuery(SqlParser.java:172) ~[calcite-core-1.42.0.jar:1.42.0]
	at org.apache.calcite.sql.parser.SqlParser.parseStmt(SqlParser.java:199) ~[calcite-core-1.42.0.jar:1.42.0]
	at com.minidb.server.calcite.CalciteContext.parse(CalciteContext.java:58) ~[classes/:?]
	... 26 more
2026-08-13 14:55:35.783 INFO  [nioEventLoopGroup-3-1] SessionHandler - query ok: 0 rows affected in 2 ms
2026-08-13 14:55:43.044 WARN  [nioEventLoopGroup-3-1] SessionHandler - query failed in 477 ms: INSERT INTO orders (order_id, customer_id, order_date) VALUES
(101, 1, '2025-01-05'),
(102, 1, '2025-02-10'),
(103, 1, '2024-12-20'),   -- 客户1最早
(201, 2, '2025-03-01'),
(202, 2, '2025-02-28'),   -- 客户2最早
(301, 3, '2025-01-15'),
(302, 3, '2025-01-15'),   -- 客户3有两个相同的最早日期（测试多情况）
(303, 3, '2025-02-20')
java.lang.UnsupportedOperationException: unsupported CAST target: DATE
	at com.minidb.server.exec.RexInterpreter.evalCast(RexInterpreter.java:401) ~[classes/:?]
	at com.minidb.server.exec.RexInterpreter.evalCall(RexInterpreter.java:57) ~[classes/:?]
	at com.minidb.server.exec.RexInterpreter.eval(RexInterpreter.java:42) ~[classes/:?]
	at com.minidb.server.plan.physical.MiniDbProject.projectBatch(MiniDbProject.java:204) ~[classes/:?]
	at com.minidb.server.plan.physical.MiniDbProject$3.hasNext(MiniDbProject.java:174) ~[classes/:?]
	at com.minidb.server.plan.physical.MiniDbUnion.execute(MiniDbUnion.java:48) ~[classes/:?]
	at com.minidb.server.plan.physical.MiniDbModify.execute(MiniDbModify.java:55) ~[classes/:?]
	at com.minidb.server.exec.QueryExecutor.execute(QueryExecutor.java:102) ~[classes/:?]
	at com.minidb.server.netty.SessionHandler.handleExecute(SessionHandler.java:55) [classes/:?]
	at com.minidb.server.netty.SessionHandler.channelRead0(SessionHandler.java:37) [classes/:?]
	at com.minidb.server.netty.SessionHandler.channelRead0(SessionHandler.java:19) [classes/:?]
	at io.netty.channel.SimpleChannelInboundHandler.channelRead(SimpleChannelInboundHandler.java:99) [netty-transport-4.1.137.Final.jar:4.1.137.Final]
	at io.netty.channel.AbstractChannelHandlerContext.invokeChannelRead(AbstractChannelHandlerContext.java:444) [netty-transport-4.1.137.Final.jar:4.1.137.Final]
	at io.netty.channel.AbstractChannelHandlerContext.invokeChannelRead(AbstractChannelHandlerContext.java:420) [netty-transport-4.1.137.Final.jar:4.1.137.Final]
	at io.netty.channel.AbstractChannelHandlerContext.fireChannelRead(AbstractChannelHandlerContext.java:412) [netty-transport-4.1.137.Final.jar:4.1.137.Final]
	at io.netty.handler.codec.ByteToMessageDecoder.fireChannelRead(ByteToMessageDecoder.java:361) [netty-codec-4.1.137.Final.jar:4.1.137.Final]
	at io.netty.handler.codec.ByteToMessageDecoder.channelRead(ByteToMessageDecoder.java:325) [netty-codec-4.1.137.Final.jar:4.1.137.Final]
	at io.netty.channel.AbstractChannelHandlerContext.invokeChannelRead(AbstractChannelHandlerContext.java:444) [netty-transport-4.1.137.Final.jar:4.1.137.Final]
	at io.netty.channel.AbstractChannelHandlerContext.invokeChannelRead(AbstractChannelHandlerContext.java:420) [netty-transport-4.1.137.Final.jar:4.1.137.Final]
	at io.netty.channel.AbstractChannelHandlerContext.fireChannelRead(AbstractChannelHandlerContext.java:412) [netty-transport-4.1.137.Final.jar:4.1.137.Final]
	at io.netty.channel.DefaultChannelPipeline$HeadContext.channelRead(DefaultChannelPipeline.java:1357) [netty-transport-4.1.137.Final.jar:4.1.137.Final]
	at io.netty.channel.AbstractChannelHandlerContext.invokeChannelRead(AbstractChannelHandlerContext.java:440) [netty-transport-4.1.137.Final.jar:4.1.137.Final]
	at io.netty.channel.AbstractChannelHandlerContext.invokeChannelRead(AbstractChannelHandlerContext.java:420) [netty-transport-4.1.137.Final.jar:4.1.137.Final]
	at io.netty.channel.DefaultChannelPipeline.fireChannelRead(DefaultChannelPipeline.java:868) [netty-transport-4.1.137.Final.jar:4.1.137.Final]
	at io.netty.channel.nio.AbstractNioByteChannel$NioByteUnsafe.read(AbstractNioByteChannel.java:171) [netty-transport-4.1.137.Final.jar:4.1.137.Final]
	at io.netty.channel.nio.NioEventLoop.processSelectedKey(NioEventLoop.java:796) [netty-transport-4.1.137.Final.jar:4.1.137.Final]
	at io.netty.channel.nio.NioEventLoop.processSelectedKeysOptimized(NioEventLoop.java:732) [netty-transport-4.1.137.Final.jar:4.1.137.Final]
	at io.netty.channel.nio.NioEventLoop.processSelectedKeys(NioEventLoop.java:658) [netty-transport-4.1.137.Final.jar:4.1.137.Final]
	at io.netty.channel.nio.NioEventLoop.run(NioEventLoop.java:562) [netty-transport-4.1.137.Final.jar:4.1.137.Final]
	at io.netty.util.concurrent.SingleThreadEventExecutor$4.run(SingleThreadEventExecutor.java:1007) [netty-common-4.1.137.Final.jar:4.1.137.Final]
	at io.netty.util.internal.ThreadExecutorMap$2.run(ThreadExecutorMap.java:74) [netty-common-4.1.137.Final.jar:4.1.137.Final]
	at io.netty.util.concurrent.FastThreadLocalRunnable.run(FastThreadLocalRunnable.java:30) [netty-common-4.1.137.Final.jar:4.1.137.Final]
	at java.base/java.lang.Thread.run(Thread.java:840) [?:?]
2026-08-13 14:56:34.751 INFO  [nioEventLoopGroup-3-1] SessionHandler - query ok: 8 rows affected in 59 ms
2026-08-13 14:56:58.589 INFO  [nioEventLoopGroup-3-1] SessionHandler - query ok: 3 rows returned in 24 ms
2026-08-13 15:02:13.516 WARN  [nioEventLoopGroup-3-1] SessionHandler - query failed in 65 ms: SELECT
        order_id,
        customer_id,
        order_date,
        ROW_NUMBER() OVER (PARTITION BY customer_id ORDER BY order_date ASC) AS rn
org.apache.calcite.runtime.CalciteContextException: From line 2, column 9 to line 2, column 16: Column 'order_id' not found in any table
	at java.base/jdk.internal.reflect.NativeConstructorAccessorImpl.newInstance0(Native Method) ~[?:?]
	at java.base/jdk.internal.reflect.NativeConstructorAccessorImpl.newInstance(NativeConstructorAccessorImpl.java:77) ~[?:?]
	at java.base/jdk.internal.reflect.DelegatingConstructorAccessorImpl.newInstance(DelegatingConstructorAccessorImpl.java:45) ~[?:?]
	at java.base/java.lang.reflect.Constructor.newInstanceWithCaller(Constructor.java:500) ~[?:?]
	at java.base/java.lang.reflect.Constructor.newInstance(Constructor.java:481) ~[?:?]
	at org.apache.calcite.runtime.Resources$ExInstWithCause.ex(Resources.java:511) ~[calcite-core-1.42.0.jar:1.42.0]
	at org.apache.calcite.sql.SqlUtil.newContextException(SqlUtil.java:960) ~[calcite-core-1.42.0.jar:1.42.0]
	at org.apache.calcite.sql.SqlUtil.newContextException(SqlUtil.java:945) ~[calcite-core-1.42.0.jar:1.42.0]
	at org.apache.calcite.sql.validate.SqlValidatorImpl.newValidationError(SqlValidatorImpl.java:6376) ~[calcite-core-1.42.0.jar:1.42.0]
	at org.apache.calcite.sql.validate.DelegatingScope.fullyQualify(DelegatingScope.java:293) ~[calcite-core-1.42.0.jar:1.42.0]
	at org.apache.calcite.sql.validate.SqlValidatorImpl$Expander.visit(SqlValidatorImpl.java:7615) ~[calcite-core-1.42.0.jar:1.42.0]
	at org.apache.calcite.sql.validate.SqlValidatorImpl$SelectExpander.visit(SqlValidatorImpl.java:7956) ~[calcite-core-1.42.0.jar:1.42.0]
	at org.apache.calcite.sql.validate.SqlValidatorImpl$SelectExpander.visit(SqlValidatorImpl.java:7908) ~[calcite-core-1.42.0.jar:1.42.0]
	at org.apache.calcite.sql.SqlIdentifier.accept(SqlIdentifier.java:324) ~[calcite-core-1.42.0.jar:1.42.0]
	at org.apache.calcite.sql.validate.SqlValidatorImpl$Expander.go(SqlValidatorImpl.java:7580) ~[calcite-core-1.42.0.jar:1.42.0]
	at org.apache.calcite.sql.validate.SqlValidatorImpl$SelectExpander.go(SqlValidatorImpl.java:7947) ~[calcite-core-1.42.0.jar:1.42.0]
	at org.apache.calcite.sql.validate.SqlValidatorImpl.expandSelectExpr(SqlValidatorImpl.java:7143) ~[calcite-core-1.42.0.jar:1.42.0]
	at org.apache.calcite.sql.validate.SqlValidatorImpl.expandSelectItem(SqlValidatorImpl.java:492) ~[calcite-core-1.42.0.jar:1.42.0]
	at org.apache.calcite.sql.validate.SqlValidatorImpl.validateSelectList(SqlValidatorImpl.java:5488) ~[calcite-core-1.42.0.jar:1.42.0]
	at org.apache.calcite.sql.validate.SqlValidatorImpl.validateSelect(SqlValidatorImpl.java:4450) ~[calcite-core-1.42.0.jar:1.42.0]
	at org.apache.calcite.sql.validate.SelectNamespace.validateImpl(SelectNamespace.java:62) ~[calcite-core-1.42.0.jar:1.42.0]
	at org.apache.calcite.sql.validate.AbstractNamespace.validate(AbstractNamespace.java:96) ~[calcite-core-1.42.0.jar:1.42.0]
	at org.apache.calcite.sql.validate.SqlValidatorImpl.validateNamespace(SqlValidatorImpl.java:1491) ~[calcite-core-1.42.0.jar:1.42.0]
	at org.apache.calcite.sql.validate.SqlValidatorImpl.validateQuery(SqlValidatorImpl.java:1462) ~[calcite-core-1.42.0.jar:1.42.0]
	at org.apache.calcite.sql.SqlSelect.validate(SqlSelect.java:292) ~[calcite-core-1.42.0.jar:1.42.0]
	at org.apache.calcite.sql.validate.SqlValidatorImpl.validateScopedExpression(SqlValidatorImpl.java:1428) ~[calcite-core-1.42.0.jar:1.42.0]
	at org.apache.calcite.sql.validate.SqlValidatorImpl.validate(SqlValidatorImpl.java:1134) ~[calcite-core-1.42.0.jar:1.42.0]
	at com.minidb.server.calcite.CalciteContext.planInCluster(CalciteContext.java:88) ~[classes/:?]
	at com.minidb.server.plan.Planner.plan(Planner.java:50) ~[classes/:?]
	at com.minidb.server.exec.QueryExecutor.execute(QueryExecutor.java:99) ~[classes/:?]
	at com.minidb.server.netty.SessionHandler.handleExecute(SessionHandler.java:55) [classes/:?]
	at com.minidb.server.netty.SessionHandler.channelRead0(SessionHandler.java:37) [classes/:?]
	at com.minidb.server.netty.SessionHandler.channelRead0(SessionHandler.java:19) [classes/:?]
	at io.netty.channel.SimpleChannelInboundHandler.channelRead(SimpleChannelInboundHandler.java:99) [netty-transport-4.1.137.Final.jar:4.1.137.Final]
	at io.netty.channel.AbstractChannelHandlerContext.invokeChannelRead(AbstractChannelHandlerContext.java:444) [netty-transport-4.1.137.Final.jar:4.1.137.Final]
	at io.netty.channel.AbstractChannelHandlerContext.invokeChannelRead(AbstractChannelHandlerContext.java:420) [netty-transport-4.1.137.Final.jar:4.1.137.Final]
	at io.netty.channel.AbstractChannelHandlerContext.fireChannelRead(AbstractChannelHandlerContext.java:412) [netty-transport-4.1.137.Final.jar:4.1.137.Final]
	at io.netty.handler.codec.ByteToMessageDecoder.fireChannelRead(ByteToMessageDecoder.java:361) [netty-codec-4.1.137.Final.jar:4.1.137.Final]
	at io.netty.handler.codec.ByteToMessageDecoder.channelRead(ByteToMessageDecoder.java:325) [netty-codec-4.1.137.Final.jar:4.1.137.Final]
	at io.netty.channel.AbstractChannelHandlerContext.invokeChannelRead(AbstractChannelHandlerContext.java:444) [netty-transport-4.1.137.Final.jar:4.1.137.Final]
	at io.netty.channel.AbstractChannelHandlerContext.invokeChannelRead(AbstractChannelHandlerContext.java:420) [netty-transport-4.1.137.Final.jar:4.1.137.Final]
	at io.netty.channel.AbstractChannelHandlerContext.fireChannelRead(AbstractChannelHandlerContext.java:412) [netty-transport-4.1.137.Final.jar:4.1.137.Final]
	at io.netty.channel.DefaultChannelPipeline$HeadContext.channelRead(DefaultChannelPipeline.java:1357) [netty-transport-4.1.137.Final.jar:4.1.137.Final]
	at io.netty.channel.AbstractChannelHandlerContext.invokeChannelRead(AbstractChannelHandlerContext.java:440) [netty-transport-4.1.137.Final.jar:4.1.137.Final]
	at io.netty.channel.AbstractChannelHandlerContext.invokeChannelRead(AbstractChannelHandlerContext.java:420) [netty-transport-4.1.137.Final.jar:4.1.137.Final]
	at io.netty.channel.DefaultChannelPipeline.fireChannelRead(DefaultChannelPipeline.java:868) [netty-transport-4.1.137.Final.jar:4.1.137.Final]
	at io.netty.channel.nio.AbstractNioByteChannel$NioByteUnsafe.read(AbstractNioByteChannel.java:171) [netty-transport-4.1.137.Final.jar:4.1.137.Final]
	at io.netty.channel.nio.NioEventLoop.processSelectedKey(NioEventLoop.java:796) [netty-transport-4.1.137.Final.jar:4.1.137.Final]
	at io.netty.channel.nio.NioEventLoop.processSelectedKeysOptimized(NioEventLoop.java:732) [netty-transport-4.1.137.Final.jar:4.1.137.Final]
	at io.netty.channel.nio.NioEventLoop.processSelectedKeys(NioEventLoop.java:658) [netty-transport-4.1.137.Final.jar:4.1.137.Final]
	at io.netty.channel.nio.NioEventLoop.run(NioEventLoop.java:562) [netty-transport-4.1.137.Final.jar:4.1.137.Final]
	at io.netty.util.concurrent.SingleThreadEventExecutor$4.run(SingleThreadEventExecutor.java:1007) [netty-common-4.1.137.Final.jar:4.1.137.Final]
	at io.netty.util.internal.ThreadExecutorMap$2.run(ThreadExecutorMap.java:74) [netty-common-4.1.137.Final.jar:4.1.137.Final]
	at io.netty.util.concurrent.FastThreadLocalRunnable.run(FastThreadLocalRunnable.java:30) [netty-common-4.1.137.Final.jar:4.1.137.Final]
	at java.base/java.lang.Thread.run(Thread.java:840) [?:?]
Caused by: org.apache.calcite.sql.validate.SqlValidatorException: Column 'order_id' not found in any table
	at java.base/jdk.internal.reflect.NativeConstructorAccessorImpl.newInstance0(Native Method) ~[?:?]
	at java.base/jdk.internal.reflect.NativeConstructorAccessorImpl.newInstance(NativeConstructorAccessorImpl.java:77) ~[?:?]
	at java.base/jdk.internal.reflect.DelegatingConstructorAccessorImpl.newInstance(DelegatingConstructorAccessorImpl.java:45) ~[?:?]
	at java.base/java.lang.reflect.Constructor.newInstanceWithCaller(Constructor.java:500) ~[?:?]
	at java.base/java.lang.reflect.Constructor.newInstance(Constructor.java:481) ~[?:?]
	at org.apache.calcite.runtime.Resources$ExInstWithCause.ex(Resources.java:511) ~[calcite-core-1.42.0.jar:1.42.0]
	at org.apache.calcite.runtime.Resources$ExInst.ex(Resources.java:605) ~[calcite-core-1.42.0.jar:1.42.0]
	... 49 more
2026-08-13 15:02:34.389 INFO  [nioEventLoopGroup-3-1] SessionHandler - query ok: 8 rows returned in 12 ms
2026-08-13 15:04:41.037 INFO  [nioEventLoopGroup-3-1] SessionHandler - query ok: 8 rows returned in 14 ms
2026-08-13 15:04:57.140 INFO  [nioEventLoopGroup-3-1] SessionHandler - query ok: 3 rows returned in 10 ms
2026-08-13 15:05:20.787 INFO  [nioEventLoopGroup-3-1] SessionHandler - query ok: 8 rows returned in 10 ms
2026-08-13 15:18:46.641 INFO  [Thread-0] Main - MiniDB shutting down
2026-08-13 15:18:53.059 INFO  [main] Main - MiniDB starting on port 8899 with data dir data
2026-08-13 15:18:53.808 INFO  [main] StorageManager - loaded 3 table(s)
2026-08-13 15:18:54.519 INFO  [main] MiniDbServer - MiniDB server bound to port 8899
2026-08-13 15:18:54.520 INFO  [main] Main - MiniDB listening on port 8899
2026-08-13 15:19:05.012 INFO  [nioEventLoopGroup-3-1] SessionHandler - query ok: 8 rows returned in 1546 ms
2026-08-13 15:19:11.373 INFO  [nioEventLoopGroup-3-1] SessionHandler - query ok: 8 rows returned in 13 ms
2026-08-13 15:19:15.422 INFO  [nioEventLoopGroup-3-1] SessionHandler - query ok: 8 rows returned in 10 ms
2026-08-13 15:19:22.112 INFO  [nioEventLoopGroup-3-1] SessionHandler - query ok: 3 rows returned in 85 ms
2026-08-13 15:20:41.493 INFO  [nioEventLoopGroup-3-1] SessionHandler - query ok: 3 rows returned in 19 ms
2026-08-13 16:14:08.800 INFO  [Thread-0] Main - MiniDB shutting down
2026-08-13 16:14:15.935 INFO  [main] Main - MiniDB starting on port 8899 with data dir data
2026-08-13 16:14:16.799 INFO  [main] StorageManager - loaded 3 table(s)
2026-08-13 16:14:17.649 INFO  [main] MiniDbServer - MiniDB server bound to port 8899
2026-08-13 16:14:17.649 INFO  [main] Main - MiniDB listening on port 8899
2026-08-13 16:14:49.830 WARN  [nioEventLoopGroup-3-1] SessionHandler - query failed in 4746 ms: WITH RECURSIVE number_series(n) AS (
    -- 初始查询：起点为1
    SELECT 1
    UNION ALL
    -- 递归查询：每次加1，直到n达到10
    SELECT n + 1
    FROM number_series
    WHERE n < 10
)
java.lang.IllegalArgumentException: Encountered "<EOF>" at line 9, column 1.
Was expecting one of:
    "SELECT" ...
    "TABLE" ...
    "VALUE" ...
    "VALUES" ...
    "," ...
    "+" ...
    "-" ...
    "NOT" ...
    "EXISTS" ...
    "UNIQUE" ...
    "INTERVAL" ...
    <UNSIGNED_INTEGER_LITERAL> ...
    <DECIMAL_NUMERIC_LITERAL> ...
    "DECIMAL" ...
    <APPROX_NUMERIC_LITERAL> ...
    <BINARY_STRING_LITERAL> ...
    <PREFIXED_STRING_LITERAL> ...
    <QUOTED_STRING> ...
    <UNICODE_STRING_LITERAL> ...
    <C_STYLE_ESCAPED_STRING_LITERAL> ...
    <BIG_QUERY_DOUBLE_QUOTED_STRING> ...
    <BIG_QUERY_QUOTED_STRING> ...
    "TRUE" ...
    "FALSE" ...
    "UNKNOWN" ...
    "NULL" ...
    <LBRACE_D> ...
    <LBRACE_T> ...
    <LBRACE_TS> ...
    "DATE" ...
    "DATETIME" ...
    "TIME" ...
    "UUID" ...
    "TIMESTAMP" ...
    "?" ...
    "CAST" ...
    "SAFE_CAST" ...
    "TRY_CAST" ...
    "EXTRACT" ...
    "POSITION" ...
    "CONVERT" ...
    "TRANSLATE" ...
    "OVERLAY" ...
    "FLOOR" ...
    "CEIL" ...
    "CEILING" ...
    "SUBSTRING" ...
    "TRIM" ...
    "CLASSIFIER" ...
    "MATCH_NUMBER" ...
    "RUNNING" ...
    "PREV" ...
    "NEXT" ...
    "JSON_EXISTS" ...
    "JSON_VALUE" ...
    "JSON_QUERY" ...
    "JSON_OBJECT" ...
    "JSON_OBJECTAGG" ...
    "JSON_ARRAY" ...
    "JSON_ARRAYAGG" ...
    <LBRACE_FN> ...
    "MULTISET" ...
    "ARRAY" ...
    "PERIOD" ...
    "PERCENTILE_CONT" ...
    "PERCENTILE_DISC" ...
    "SPECIFIC" ...
    <IDENTIFIER> ...
    <HYPHENATED_IDENTIFIER> ...
    <QUOTED_IDENTIFIER> ...
    <BACK_QUOTED_IDENTIFIER> ...
    <BIG_QUERY_BACK_QUOTED_IDENTIFIER> ...
    <BRACKET_QUOTED_IDENTIFIER> ...
    <UNICODE_QUOTED_IDENTIFIER> ...
    "ABS" ...
    "AVG" ...
    "CARDINALITY" ...
    "CHAR" ...
    "CHAR_LENGTH" ...
    "CHARACTER_LENGTH" ...
    "COALESCE" ...
    "COLLECT" ...
    "COVAR_POP" ...
    "COVAR_SAMP" ...
    "CUME_DIST" ...
    "COUNT" ...
    "CURRENT_DATE" ...
    "CURRENT_TIME" ...
    "CURRENT_TIMESTAMP" ...
    "DENSE_RANK" ...
    "ELEMENT" ...
    "EVERY" ...
    "EXP" ...
    "FIRST_VALUE" ...
    "FUSION" ...
    "INTERSECTION" ...
    "GROUPING" ...
    "HOUR" ...
    "LAG" ...
    "LEAD" ...
    "LEFT" ...
    "LAST_VALUE" ...
    "LN" ...
    "LOCALTIME" ...
    "LOCALTIMESTAMP" ...
    "LOWER" ...
    "MAX" ...
    "MIN" ...
    "MINUTE" ...
    "MOD" ...
    "MONTH" ...
    "NTH_VALUE" ...
    "NTILE" ...
    "NULLIF" ...
    "OCTET_LENGTH" ...
    "PERCENT_RANK" ...
    "POWER" ...
    "RANK" ...
    "REGR_COUNT" ...
    "REGR_SXX" ...
    "REGR_SYY" ...
    "RIGHT" ...
    "ROW_NUMBER" ...
    "SECOND" ...
    "SOME" ...
    "SQRT" ...
    "STDDEV_POP" ...
    "STDDEV_SAMP" ...
    "SUM" ...
    "UPPER" ...
    "TRUNCATE" ...
    "USER" ...
    "VAR_POP" ...
    "VAR_SAMP" ...
    "YEAR" ...
    "CURRENT_CATALOG" ...
    "CURRENT_DEFAULT_TRANSFORM_GROUP" ...
    "CURRENT_PATH" ...
    "CURRENT_ROLE" ...
    "CURRENT_SCHEMA" ...
    "CURRENT_USER" ...
    "SESSION_USER" ...
    "SYSTEM_USER" ...
    "NEW" ...
    "CASE" ...
    "CURRENT" ...
    "CURSOR" ...
    "ROW" ...
    "(" ...
    
	at com.minidb.server.calcite.CalciteContext.parse(CalciteContext.java:60) ~[classes/:?]
	at com.minidb.server.exec.QueryExecutor.execute(QueryExecutor.java:83) ~[classes/:?]
	at com.minidb.server.netty.SessionHandler.handleExecute(SessionHandler.java:55) [classes/:?]
	at com.minidb.server.netty.SessionHandler.channelRead0(SessionHandler.java:37) [classes/:?]
	at com.minidb.server.netty.SessionHandler.channelRead0(SessionHandler.java:19) [classes/:?]
	at io.netty.channel.SimpleChannelInboundHandler.channelRead(SimpleChannelInboundHandler.java:99) [netty-transport-4.1.137.Final.jar:4.1.137.Final]
	at io.netty.channel.AbstractChannelHandlerContext.invokeChannelRead(AbstractChannelHandlerContext.java:444) [netty-transport-4.1.137.Final.jar:4.1.137.Final]
	at io.netty.channel.AbstractChannelHandlerContext.invokeChannelRead(AbstractChannelHandlerContext.java:420) [netty-transport-4.1.137.Final.jar:4.1.137.Final]
	at io.netty.channel.AbstractChannelHandlerContext.fireChannelRead(AbstractChannelHandlerContext.java:412) [netty-transport-4.1.137.Final.jar:4.1.137.Final]
	at io.netty.handler.codec.ByteToMessageDecoder.fireChannelRead(ByteToMessageDecoder.java:361) [netty-codec-4.1.137.Final.jar:4.1.137.Final]
	at io.netty.handler.codec.ByteToMessageDecoder.channelRead(ByteToMessageDecoder.java:325) [netty-codec-4.1.137.Final.jar:4.1.137.Final]
	at io.netty.channel.AbstractChannelHandlerContext.invokeChannelRead(AbstractChannelHandlerContext.java:444) [netty-transport-4.1.137.Final.jar:4.1.137.Final]
	at io.netty.channel.AbstractChannelHandlerContext.invokeChannelRead(AbstractChannelHandlerContext.java:420) [netty-transport-4.1.137.Final.jar:4.1.137.Final]
	at io.netty.channel.AbstractChannelHandlerContext.fireChannelRead(AbstractChannelHandlerContext.java:412) [netty-transport-4.1.137.Final.jar:4.1.137.Final]
	at io.netty.channel.DefaultChannelPipeline$HeadContext.channelRead(DefaultChannelPipeline.java:1357) [netty-transport-4.1.137.Final.jar:4.1.137.Final]
	at io.netty.channel.AbstractChannelHandlerContext.invokeChannelRead(AbstractChannelHandlerContext.java:440) [netty-transport-4.1.137.Final.jar:4.1.137.Final]
	at io.netty.channel.AbstractChannelHandlerContext.invokeChannelRead(AbstractChannelHandlerContext.java:420) [netty-transport-4.1.137.Final.jar:4.1.137.Final]
	at io.netty.channel.DefaultChannelPipeline.fireChannelRead(DefaultChannelPipeline.java:868) [netty-transport-4.1.137.Final.jar:4.1.137.Final]
	at io.netty.channel.nio.AbstractNioByteChannel$NioByteUnsafe.read(AbstractNioByteChannel.java:171) [netty-transport-4.1.137.Final.jar:4.1.137.Final]
	at io.netty.channel.nio.NioEventLoop.processSelectedKey(NioEventLoop.java:796) [netty-transport-4.1.137.Final.jar:4.1.137.Final]
	at io.netty.channel.nio.NioEventLoop.processSelectedKeysOptimized(NioEventLoop.java:732) [netty-transport-4.1.137.Final.jar:4.1.137.Final]
	at io.netty.channel.nio.NioEventLoop.processSelectedKeys(NioEventLoop.java:658) [netty-transport-4.1.137.Final.jar:4.1.137.Final]
	at io.netty.channel.nio.NioEventLoop.run(NioEventLoop.java:562) [netty-transport-4.1.137.Final.jar:4.1.137.Final]
	at io.netty.util.concurrent.SingleThreadEventExecutor$4.run(SingleThreadEventExecutor.java:1007) [netty-common-4.1.137.Final.jar:4.1.137.Final]
	at io.netty.util.internal.ThreadExecutorMap$2.run(ThreadExecutorMap.java:74) [netty-common-4.1.137.Final.jar:4.1.137.Final]
	at io.netty.util.concurrent.FastThreadLocalRunnable.run(FastThreadLocalRunnable.java:30) [netty-common-4.1.137.Final.jar:4.1.137.Final]
	at java.base/java.lang.Thread.run(Thread.java:840) [?:?]
Caused by: org.apache.calcite.sql.parser.SqlParseException: Encountered "<EOF>" at line 9, column 1.
Was expecting one of:
    "SELECT" ...
    "TABLE" ...
    "VALUE" ...
    "VALUES" ...
    "," ...
    "+" ...
    "-" ...
    "NOT" ...
    "EXISTS" ...
    "UNIQUE" ...
    "INTERVAL" ...
    <UNSIGNED_INTEGER_LITERAL> ...
    <DECIMAL_NUMERIC_LITERAL> ...
    "DECIMAL" ...
    <APPROX_NUMERIC_LITERAL> ...
    <BINARY_STRING_LITERAL> ...
    <PREFIXED_STRING_LITERAL> ...
    <QUOTED_STRING> ...
    <UNICODE_STRING_LITERAL> ...
    <C_STYLE_ESCAPED_STRING_LITERAL> ...
    <BIG_QUERY_DOUBLE_QUOTED_STRING> ...
    <BIG_QUERY_QUOTED_STRING> ...
    "TRUE" ...
    "FALSE" ...
    "UNKNOWN" ...
    "NULL" ...
    <LBRACE_D> ...
    <LBRACE_T> ...
    <LBRACE_TS> ...
    "DATE" ...
    "DATETIME" ...
    "TIME" ...
    "UUID" ...
    "TIMESTAMP" ...
    "?" ...
    "CAST" ...
    "SAFE_CAST" ...
    "TRY_CAST" ...
    "EXTRACT" ...
    "POSITION" ...
    "CONVERT" ...
    "TRANSLATE" ...
    "OVERLAY" ...
    "FLOOR" ...
    "CEIL" ...
    "CEILING" ...
    "SUBSTRING" ...
    "TRIM" ...
    "CLASSIFIER" ...
    "MATCH_NUMBER" ...
    "RUNNING" ...
    "PREV" ...
    "NEXT" ...
    "JSON_EXISTS" ...
    "JSON_VALUE" ...
    "JSON_QUERY" ...
    "JSON_OBJECT" ...
    "JSON_OBJECTAGG" ...
    "JSON_ARRAY" ...
    "JSON_ARRAYAGG" ...
    <LBRACE_FN> ...
    "MULTISET" ...
    "ARRAY" ...
    "PERIOD" ...
    "PERCENTILE_CONT" ...
    "PERCENTILE_DISC" ...
    "SPECIFIC" ...
    <IDENTIFIER> ...
    <HYPHENATED_IDENTIFIER> ...
    <QUOTED_IDENTIFIER> ...
    <BACK_QUOTED_IDENTIFIER> ...
    <BIG_QUERY_BACK_QUOTED_IDENTIFIER> ...
    <BRACKET_QUOTED_IDENTIFIER> ...
    <UNICODE_QUOTED_IDENTIFIER> ...
    "ABS" ...
    "AVG" ...
    "CARDINALITY" ...
    "CHAR" ...
    "CHAR_LENGTH" ...
    "CHARACTER_LENGTH" ...
    "COALESCE" ...
    "COLLECT" ...
    "COVAR_POP" ...
    "COVAR_SAMP" ...
    "CUME_DIST" ...
    "COUNT" ...
    "CURRENT_DATE" ...
    "CURRENT_TIME" ...
    "CURRENT_TIMESTAMP" ...
    "DENSE_RANK" ...
    "ELEMENT" ...
    "EVERY" ...
    "EXP" ...
    "FIRST_VALUE" ...
    "FUSION" ...
    "INTERSECTION" ...
    "GROUPING" ...
    "HOUR" ...
    "LAG" ...
    "LEAD" ...
    "LEFT" ...
    "LAST_VALUE" ...
    "LN" ...
    "LOCALTIME" ...
    "LOCALTIMESTAMP" ...
    "LOWER" ...
    "MAX" ...
    "MIN" ...
    "MINUTE" ...
    "MOD" ...
    "MONTH" ...
    "NTH_VALUE" ...
    "NTILE" ...
    "NULLIF" ...
    "OCTET_LENGTH" ...
    "PERCENT_RANK" ...
    "POWER" ...
    "RANK" ...
    "REGR_COUNT" ...
    "REGR_SXX" ...
    "REGR_SYY" ...
    "RIGHT" ...
    "ROW_NUMBER" ...
    "SECOND" ...
    "SOME" ...
    "SQRT" ...
    "STDDEV_POP" ...
    "STDDEV_SAMP" ...
    "SUM" ...
    "UPPER" ...
    "TRUNCATE" ...
    "USER" ...
    "VAR_POP" ...
    "VAR_SAMP" ...
    "YEAR" ...
    "CURRENT_CATALOG" ...
    "CURRENT_DEFAULT_TRANSFORM_GROUP" ...
    "CURRENT_PATH" ...
    "CURRENT_ROLE" ...
    "CURRENT_SCHEMA" ...
    "CURRENT_USER" ...
    "SESSION_USER" ...
    "SYSTEM_USER" ...
    "NEW" ...
    "CASE" ...
    "CURRENT" ...
    "CURSOR" ...
    "ROW" ...
    "(" ...
    
	at org.apache.calcite.sql.parser.ddl.SqlDdlParserImpl.convertException(SqlDdlParserImpl.java:438) ~[calcite-server-1.42.0.jar:1.42.0]
	at org.apache.calcite.sql.parser.ddl.SqlDdlParserImpl.normalizeException(SqlDdlParserImpl.java:184) ~[calcite-server-1.42.0.jar:1.42.0]
	at org.apache.calcite.sql.parser.SqlParser.handleException(SqlParser.java:159) ~[calcite-core-1.42.0.jar:1.42.0]
	at org.apache.calcite.sql.parser.SqlParser.parseQuery(SqlParser.java:174) ~[calcite-core-1.42.0.jar:1.42.0]
	at org.apache.calcite.sql.parser.SqlParser.parseStmt(SqlParser.java:199) ~[calcite-core-1.42.0.jar:1.42.0]
	at com.minidb.server.calcite.CalciteContext.parse(CalciteContext.java:58) ~[classes/:?]
	... 26 more
Caused by: org.apache.calcite.sql.parser.ddl.ParseException: Encountered "<EOF>" at line 9, column 1.
Was expecting one of:
    "SELECT" ...
    "TABLE" ...
    "VALUE" ...
    "VALUES" ...
    "," ...
    "+" ...
    "-" ...
    "NOT" ...
    "EXISTS" ...
    "UNIQUE" ...
    "INTERVAL" ...
    <UNSIGNED_INTEGER_LITERAL> ...
    <DECIMAL_NUMERIC_LITERAL> ...
    "DECIMAL" ...
    <APPROX_NUMERIC_LITERAL> ...
    <BINARY_STRING_LITERAL> ...
    <PREFIXED_STRING_LITERAL> ...
    <QUOTED_STRING> ...
    <UNICODE_STRING_LITERAL> ...
    <C_STYLE_ESCAPED_STRING_LITERAL> ...
    <BIG_QUERY_DOUBLE_QUOTED_STRING> ...
    <BIG_QUERY_QUOTED_STRING> ...
    "TRUE" ...
    "FALSE" ...
    "UNKNOWN" ...
    "NULL" ...
    <LBRACE_D> ...
    <LBRACE_T> ...
    <LBRACE_TS> ...
    "DATE" ...
    "DATETIME" ...
    "TIME" ...
    "UUID" ...
    "TIMESTAMP" ...
    "?" ...
    "CAST" ...
    "SAFE_CAST" ...
    "TRY_CAST" ...
    "EXTRACT" ...
    "POSITION" ...
    "CONVERT" ...
    "TRANSLATE" ...
    "OVERLAY" ...
    "FLOOR" ...
    "CEIL" ...
    "CEILING" ...
    "SUBSTRING" ...
    "TRIM" ...
    "CLASSIFIER" ...
    "MATCH_NUMBER" ...
    "RUNNING" ...
    "PREV" ...
    "NEXT" ...
    "JSON_EXISTS" ...
    "JSON_VALUE" ...
    "JSON_QUERY" ...
    "JSON_OBJECT" ...
    "JSON_OBJECTAGG" ...
    "JSON_ARRAY" ...
    "JSON_ARRAYAGG" ...
    <LBRACE_FN> ...
    "MULTISET" ...
    "ARRAY" ...
    "PERIOD" ...
    "PERCENTILE_CONT" ...
    "PERCENTILE_DISC" ...
    "SPECIFIC" ...
    <IDENTIFIER> ...
    <HYPHENATED_IDENTIFIER> ...
    <QUOTED_IDENTIFIER> ...
    <BACK_QUOTED_IDENTIFIER> ...
    <BIG_QUERY_BACK_QUOTED_IDENTIFIER> ...
    <BRACKET_QUOTED_IDENTIFIER> ...
    <UNICODE_QUOTED_IDENTIFIER> ...
    "ABS" ...
    "AVG" ...
    "CARDINALITY" ...
    "CHAR" ...
    "CHAR_LENGTH" ...
    "CHARACTER_LENGTH" ...
    "COALESCE" ...
    "COLLECT" ...
    "COVAR_POP" ...
    "COVAR_SAMP" ...
    "CUME_DIST" ...
    "COUNT" ...
    "CURRENT_DATE" ...
    "CURRENT_TIME" ...
    "CURRENT_TIMESTAMP" ...
    "DENSE_RANK" ...
    "ELEMENT" ...
    "EVERY" ...
    "EXP" ...
    "FIRST_VALUE" ...
    "FUSION" ...
    "INTERSECTION" ...
    "GROUPING" ...
    "HOUR" ...
    "LAG" ...
    "LEAD" ...
    "LEFT" ...
    "LAST_VALUE" ...
    "LN" ...
    "LOCALTIME" ...
    "LOCALTIMESTAMP" ...
    "LOWER" ...
    "MAX" ...
    "MIN" ...
    "MINUTE" ...
    "MOD" ...
    "MONTH" ...
    "NTH_VALUE" ...
    "NTILE" ...
    "NULLIF" ...
    "OCTET_LENGTH" ...
    "PERCENT_RANK" ...
    "POWER" ...
    "RANK" ...
    "REGR_COUNT" ...
    "REGR_SXX" ...
    "REGR_SYY" ...
    "RIGHT" ...
    "ROW_NUMBER" ...
    "SECOND" ...
    "SOME" ...
    "SQRT" ...
    "STDDEV_POP" ...
    "STDDEV_SAMP" ...
    "SUM" ...
    "UPPER" ...
    "TRUNCATE" ...
    "USER" ...
    "VAR_POP" ...
    "VAR_SAMP" ...
    "YEAR" ...
    "CURRENT_CATALOG" ...
    "CURRENT_DEFAULT_TRANSFORM_GROUP" ...
    "CURRENT_PATH" ...
    "CURRENT_ROLE" ...
    "CURRENT_SCHEMA" ...
    "CURRENT_USER" ...
    "SESSION_USER" ...
    "SYSTEM_USER" ...
    "NEW" ...
    "CASE" ...
    "CURRENT" ...
    "CURSOR" ...
    "ROW" ...
    "(" ...
    
	at org.apache.calcite.sql.parser.ddl.SqlDdlParserImpl.generateParseException(SqlDdlParserImpl.java:36879) ~[calcite-server-1.42.0.jar:1.42.0]
	at org.apache.calcite.sql.parser.ddl.SqlDdlParserImpl.jj_consume_token(SqlDdlParserImpl.java:36687) ~[calcite-server-1.42.0.jar:1.42.0]
	at org.apache.calcite.sql.parser.ddl.SqlDdlParserImpl.LeafQueryOrExpr(SqlDdlParserImpl.java:12056) ~[calcite-server-1.42.0.jar:1.42.0]
	at org.apache.calcite.sql.parser.ddl.SqlDdlParserImpl.QueryOrExpr(SqlDdlParserImpl.java:11873) ~[calcite-server-1.42.0.jar:1.42.0]
	at org.apache.calcite.sql.parser.ddl.SqlDdlParserImpl.OrderedQueryOrExpr(SqlDdlParserImpl.java:609) ~[calcite-server-1.42.0.jar:1.42.0]
	at org.apache.calcite.sql.parser.ddl.SqlDdlParserImpl.SqlStmt(SqlDdlParserImpl.java:1238) ~[calcite-server-1.42.0.jar:1.42.0]
	at org.apache.calcite.sql.parser.ddl.SqlDdlParserImpl.SqlStmtEof(SqlDdlParserImpl.java:1279) ~[calcite-server-1.42.0.jar:1.42.0]
	at org.apache.calcite.sql.parser.ddl.SqlDdlParserImpl.parseSqlStmtEof(SqlDdlParserImpl.java:232) ~[calcite-server-1.42.0.jar:1.42.0]
	at org.apache.calcite.sql.parser.SqlParser.parseQuery(SqlParser.java:172) ~[calcite-core-1.42.0.jar:1.42.0]
	at org.apache.calcite.sql.parser.SqlParser.parseStmt(SqlParser.java:199) ~[calcite-core-1.42.0.jar:1.42.0]
	at com.minidb.server.calcite.CalciteContext.parse(CalciteContext.java:58) ~[classes/:?]
	... 26 more
2026-08-13 16:15:12.433 WARN  [nioEventLoopGroup-3-1] SessionHandler - query failed in 3241 ms: WITH RECURSIVE number_series(n) AS (
    -- 初始查询：起点为1
    SELECT 1
    UNION ALL
    -- 递归查询：每次加1，直到n达到10
    SELECT n + 1
    FROM number_series
    WHERE n < 10
)
java.lang.IllegalArgumentException: Encountered "<EOF>" at line 9, column 1.
Was expecting one of:
    "SELECT" ...
    "TABLE" ...
    "VALUE" ...
    "VALUES" ...
    "," ...
    "+" ...
    "-" ...
    "NOT" ...
    "EXISTS" ...
    "UNIQUE" ...
    "INTERVAL" ...
    <UNSIGNED_INTEGER_LITERAL> ...
    <DECIMAL_NUMERIC_LITERAL> ...
    "DECIMAL" ...
    <APPROX_NUMERIC_LITERAL> ...
    <BINARY_STRING_LITERAL> ...
    <PREFIXED_STRING_LITERAL> ...
    <QUOTED_STRING> ...
    <UNICODE_STRING_LITERAL> ...
    <C_STYLE_ESCAPED_STRING_LITERAL> ...
    <BIG_QUERY_DOUBLE_QUOTED_STRING> ...
    <BIG_QUERY_QUOTED_STRING> ...
    "TRUE" ...
    "FALSE" ...
    "UNKNOWN" ...
    "NULL" ...
    <LBRACE_D> ...
    <LBRACE_T> ...
    <LBRACE_TS> ...
    "DATE" ...
    "DATETIME" ...
    "TIME" ...
    "UUID" ...
    "TIMESTAMP" ...
    "?" ...
    "CAST" ...
    "SAFE_CAST" ...
    "TRY_CAST" ...
    "EXTRACT" ...
    "POSITION" ...
    "CONVERT" ...
    "TRANSLATE" ...
    "OVERLAY" ...
    "FLOOR" ...
    "CEIL" ...
    "CEILING" ...
    "SUBSTRING" ...
    "TRIM" ...
    "CLASSIFIER" ...
    "MATCH_NUMBER" ...
    "RUNNING" ...
    "PREV" ...
    "NEXT" ...
    "JSON_EXISTS" ...
    "JSON_VALUE" ...
    "JSON_QUERY" ...
    "JSON_OBJECT" ...
    "JSON_OBJECTAGG" ...
    "JSON_ARRAY" ...
    "JSON_ARRAYAGG" ...
    <LBRACE_FN> ...
    "MULTISET" ...
    "ARRAY" ...
    "PERIOD" ...
    "PERCENTILE_CONT" ...
    "PERCENTILE_DISC" ...
    "SPECIFIC" ...
    <IDENTIFIER> ...
    <HYPHENATED_IDENTIFIER> ...
    <QUOTED_IDENTIFIER> ...
    <BACK_QUOTED_IDENTIFIER> ...
    <BIG_QUERY_BACK_QUOTED_IDENTIFIER> ...
    <BRACKET_QUOTED_IDENTIFIER> ...
    <UNICODE_QUOTED_IDENTIFIER> ...
    "ABS" ...
    "AVG" ...
    "CARDINALITY" ...
    "CHAR" ...
    "CHAR_LENGTH" ...
    "CHARACTER_LENGTH" ...
    "COALESCE" ...
    "COLLECT" ...
    "COVAR_POP" ...
    "COVAR_SAMP" ...
    "CUME_DIST" ...
    "COUNT" ...
    "CURRENT_DATE" ...
    "CURRENT_TIME" ...
    "CURRENT_TIMESTAMP" ...
    "DENSE_RANK" ...
    "ELEMENT" ...
    "EVERY" ...
    "EXP" ...
    "FIRST_VALUE" ...
    "FUSION" ...
    "INTERSECTION" ...
    "GROUPING" ...
    "HOUR" ...
    "LAG" ...
    "LEAD" ...
    "LEFT" ...
    "LAST_VALUE" ...
    "LN" ...
    "LOCALTIME" ...
    "LOCALTIMESTAMP" ...
    "LOWER" ...
    "MAX" ...
    "MIN" ...
    "MINUTE" ...
    "MOD" ...
    "MONTH" ...
    "NTH_VALUE" ...
    "NTILE" ...
    "NULLIF" ...
    "OCTET_LENGTH" ...
    "PERCENT_RANK" ...
    "POWER" ...
    "RANK" ...
    "REGR_COUNT" ...
    "REGR_SXX" ...
    "REGR_SYY" ...
    "RIGHT" ...
    "ROW_NUMBER" ...
    "SECOND" ...
    "SOME" ...
    "SQRT" ...
    "STDDEV_POP" ...
    "STDDEV_SAMP" ...
    "SUM" ...
    "UPPER" ...
    "TRUNCATE" ...
    "USER" ...
    "VAR_POP" ...
    "VAR_SAMP" ...
    "YEAR" ...
    "CURRENT_CATALOG" ...
    "CURRENT_DEFAULT_TRANSFORM_GROUP" ...
    "CURRENT_PATH" ...
    "CURRENT_ROLE" ...
    "CURRENT_SCHEMA" ...
    "CURRENT_USER" ...
    "SESSION_USER" ...
    "SYSTEM_USER" ...
    "NEW" ...
    "CASE" ...
    "CURRENT" ...
    "CURSOR" ...
    "ROW" ...
    "(" ...
    
	at com.minidb.server.calcite.CalciteContext.parse(CalciteContext.java:60) ~[classes/:?]
	at com.minidb.server.exec.QueryExecutor.execute(QueryExecutor.java:83) ~[classes/:?]
	at com.minidb.server.netty.SessionHandler.handleExecute(SessionHandler.java:55) [classes/:?]
	at com.minidb.server.netty.SessionHandler.channelRead0(SessionHandler.java:37) [classes/:?]
	at com.minidb.server.netty.SessionHandler.channelRead0(SessionHandler.java:19) [classes/:?]
	at io.netty.channel.SimpleChannelInboundHandler.channelRead(SimpleChannelInboundHandler.java:99) [netty-transport-4.1.137.Final.jar:4.1.137.Final]
	at io.netty.channel.AbstractChannelHandlerContext.invokeChannelRead(AbstractChannelHandlerContext.java:444) [netty-transport-4.1.137.Final.jar:4.1.137.Final]
	at io.netty.channel.AbstractChannelHandlerContext.invokeChannelRead(AbstractChannelHandlerContext.java:420) [netty-transport-4.1.137.Final.jar:4.1.137.Final]
	at io.netty.channel.AbstractChannelHandlerContext.fireChannelRead(AbstractChannelHandlerContext.java:412) [netty-transport-4.1.137.Final.jar:4.1.137.Final]
	at io.netty.handler.codec.ByteToMessageDecoder.fireChannelRead(ByteToMessageDecoder.java:361) [netty-codec-4.1.137.Final.jar:4.1.137.Final]
	at io.netty.handler.codec.ByteToMessageDecoder.channelRead(ByteToMessageDecoder.java:325) [netty-codec-4.1.137.Final.jar:4.1.137.Final]
	at io.netty.channel.AbstractChannelHandlerContext.invokeChannelRead(AbstractChannelHandlerContext.java:444) [netty-transport-4.1.137.Final.jar:4.1.137.Final]
	at io.netty.channel.AbstractChannelHandlerContext.invokeChannelRead(AbstractChannelHandlerContext.java:420) [netty-transport-4.1.137.Final.jar:4.1.137.Final]
	at io.netty.channel.AbstractChannelHandlerContext.fireChannelRead(AbstractChannelHandlerContext.java:412) [netty-transport-4.1.137.Final.jar:4.1.137.Final]
	at io.netty.channel.DefaultChannelPipeline$HeadContext.channelRead(DefaultChannelPipeline.java:1357) [netty-transport-4.1.137.Final.jar:4.1.137.Final]
	at io.netty.channel.AbstractChannelHandlerContext.invokeChannelRead(AbstractChannelHandlerContext.java:440) [netty-transport-4.1.137.Final.jar:4.1.137.Final]
	at io.netty.channel.AbstractChannelHandlerContext.invokeChannelRead(AbstractChannelHandlerContext.java:420) [netty-transport-4.1.137.Final.jar:4.1.137.Final]
	at io.netty.channel.DefaultChannelPipeline.fireChannelRead(DefaultChannelPipeline.java:868) [netty-transport-4.1.137.Final.jar:4.1.137.Final]
	at io.netty.channel.nio.AbstractNioByteChannel$NioByteUnsafe.read(AbstractNioByteChannel.java:171) [netty-transport-4.1.137.Final.jar:4.1.137.Final]
	at io.netty.channel.nio.NioEventLoop.processSelectedKey(NioEventLoop.java:796) [netty-transport-4.1.137.Final.jar:4.1.137.Final]
	at io.netty.channel.nio.NioEventLoop.processSelectedKeysOptimized(NioEventLoop.java:732) [netty-transport-4.1.137.Final.jar:4.1.137.Final]
	at io.netty.channel.nio.NioEventLoop.processSelectedKeys(NioEventLoop.java:658) [netty-transport-4.1.137.Final.jar:4.1.137.Final]
	at io.netty.channel.nio.NioEventLoop.run(NioEventLoop.java:562) [netty-transport-4.1.137.Final.jar:4.1.137.Final]
	at io.netty.util.concurrent.SingleThreadEventExecutor$4.run(SingleThreadEventExecutor.java:1007) [netty-common-4.1.137.Final.jar:4.1.137.Final]
	at io.netty.util.internal.ThreadExecutorMap$2.run(ThreadExecutorMap.java:74) [netty-common-4.1.137.Final.jar:4.1.137.Final]
	at io.netty.util.concurrent.FastThreadLocalRunnable.run(FastThreadLocalRunnable.java:30) [netty-common-4.1.137.Final.jar:4.1.137.Final]
	at java.base/java.lang.Thread.run(Thread.java:840) [?:?]
Caused by: org.apache.calcite.sql.parser.SqlParseException: Encountered "<EOF>" at line 9, column 1.
Was expecting one of:
    "SELECT" ...
    "TABLE" ...
    "VALUE" ...
    "VALUES" ...
    "," ...
    "+" ...
    "-" ...
    "NOT" ...
    "EXISTS" ...
    "UNIQUE" ...
    "INTERVAL" ...
    <UNSIGNED_INTEGER_LITERAL> ...
    <DECIMAL_NUMERIC_LITERAL> ...
    "DECIMAL" ...
    <APPROX_NUMERIC_LITERAL> ...
    <BINARY_STRING_LITERAL> ...
    <PREFIXED_STRING_LITERAL> ...
    <QUOTED_STRING> ...
    <UNICODE_STRING_LITERAL> ...
    <C_STYLE_ESCAPED_STRING_LITERAL> ...
    <BIG_QUERY_DOUBLE_QUOTED_STRING> ...
    <BIG_QUERY_QUOTED_STRING> ...
    "TRUE" ...
    "FALSE" ...
    "UNKNOWN" ...
    "NULL" ...
    <LBRACE_D> ...
    <LBRACE_T> ...
    <LBRACE_TS> ...
    "DATE" ...
    "DATETIME" ...
    "TIME" ...
    "UUID" ...
    "TIMESTAMP" ...
    "?" ...
    "CAST" ...
    "SAFE_CAST" ...
    "TRY_CAST" ...
    "EXTRACT" ...
    "POSITION" ...
    "CONVERT" ...
    "TRANSLATE" ...
    "OVERLAY" ...
    "FLOOR" ...
    "CEIL" ...
    "CEILING" ...
    "SUBSTRING" ...
    "TRIM" ...
    "CLASSIFIER" ...
    "MATCH_NUMBER" ...
    "RUNNING" ...
    "PREV" ...
    "NEXT" ...
    "JSON_EXISTS" ...
    "JSON_VALUE" ...
    "JSON_QUERY" ...
    "JSON_OBJECT" ...
    "JSON_OBJECTAGG" ...
    "JSON_ARRAY" ...
    "JSON_ARRAYAGG" ...
    <LBRACE_FN> ...
    "MULTISET" ...
    "ARRAY" ...
    "PERIOD" ...
    "PERCENTILE_CONT" ...
    "PERCENTILE_DISC" ...
    "SPECIFIC" ...
    <IDENTIFIER> ...
    <HYPHENATED_IDENTIFIER> ...
    <QUOTED_IDENTIFIER> ...
    <BACK_QUOTED_IDENTIFIER> ...
    <BIG_QUERY_BACK_QUOTED_IDENTIFIER> ...
    <BRACKET_QUOTED_IDENTIFIER> ...
    <UNICODE_QUOTED_IDENTIFIER> ...
    "ABS" ...
    "AVG" ...
    "CARDINALITY" ...
    "CHAR" ...
    "CHAR_LENGTH" ...
    "CHARACTER_LENGTH" ...
    "COALESCE" ...
    "COLLECT" ...
    "COVAR_POP" ...
    "COVAR_SAMP" ...
    "CUME_DIST" ...
    "COUNT" ...
    "CURRENT_DATE" ...
    "CURRENT_TIME" ...
    "CURRENT_TIMESTAMP" ...
    "DENSE_RANK" ...
    "ELEMENT" ...
    "EVERY" ...
    "EXP" ...
    "FIRST_VALUE" ...
    "FUSION" ...
    "INTERSECTION" ...
    "GROUPING" ...
    "HOUR" ...
    "LAG" ...
    "LEAD" ...
    "LEFT" ...
    "LAST_VALUE" ...
    "LN" ...
    "LOCALTIME" ...
    "LOCALTIMESTAMP" ...
    "LOWER" ...
    "MAX" ...
    "MIN" ...
    "MINUTE" ...
    "MOD" ...
    "MONTH" ...
    "NTH_VALUE" ...
    "NTILE" ...
    "NULLIF" ...
    "OCTET_LENGTH" ...
    "PERCENT_RANK" ...
    "POWER" ...
    "RANK" ...
    "REGR_COUNT" ...
    "REGR_SXX" ...
    "REGR_SYY" ...
    "RIGHT" ...
    "ROW_NUMBER" ...
    "SECOND" ...
    "SOME" ...
    "SQRT" ...
    "STDDEV_POP" ...
    "STDDEV_SAMP" ...
    "SUM" ...
    "UPPER" ...
    "TRUNCATE" ...
    "USER" ...
    "VAR_POP" ...
    "VAR_SAMP" ...
    "YEAR" ...
    "CURRENT_CATALOG" ...
    "CURRENT_DEFAULT_TRANSFORM_GROUP" ...
    "CURRENT_PATH" ...
    "CURRENT_ROLE" ...
    "CURRENT_SCHEMA" ...
    "CURRENT_USER" ...
    "SESSION_USER" ...
    "SYSTEM_USER" ...
    "NEW" ...
    "CASE" ...
    "CURRENT" ...
    "CURSOR" ...
    "ROW" ...
    "(" ...
    
	at org.apache.calcite.sql.parser.ddl.SqlDdlParserImpl.convertException(SqlDdlParserImpl.java:438) ~[calcite-server-1.42.0.jar:1.42.0]
	at org.apache.calcite.sql.parser.ddl.SqlDdlParserImpl.normalizeException(SqlDdlParserImpl.java:184) ~[calcite-server-1.42.0.jar:1.42.0]
	at org.apache.calcite.sql.parser.SqlParser.handleException(SqlParser.java:159) ~[calcite-core-1.42.0.jar:1.42.0]
	at org.apache.calcite.sql.parser.SqlParser.parseQuery(SqlParser.java:174) ~[calcite-core-1.42.0.jar:1.42.0]
	at org.apache.calcite.sql.parser.SqlParser.parseStmt(SqlParser.java:199) ~[calcite-core-1.42.0.jar:1.42.0]
	at com.minidb.server.calcite.CalciteContext.parse(CalciteContext.java:58) ~[classes/:?]
	... 26 more
Caused by: org.apache.calcite.sql.parser.ddl.ParseException: Encountered "<EOF>" at line 9, column 1.
Was expecting one of:
    "SELECT" ...
    "TABLE" ...
    "VALUE" ...
    "VALUES" ...
    "," ...
    "+" ...
    "-" ...
    "NOT" ...
    "EXISTS" ...
    "UNIQUE" ...
    "INTERVAL" ...
    <UNSIGNED_INTEGER_LITERAL> ...
    <DECIMAL_NUMERIC_LITERAL> ...
    "DECIMAL" ...
    <APPROX_NUMERIC_LITERAL> ...
    <BINARY_STRING_LITERAL> ...
    <PREFIXED_STRING_LITERAL> ...
    <QUOTED_STRING> ...
    <UNICODE_STRING_LITERAL> ...
    <C_STYLE_ESCAPED_STRING_LITERAL> ...
    <BIG_QUERY_DOUBLE_QUOTED_STRING> ...
    <BIG_QUERY_QUOTED_STRING> ...
    "TRUE" ...
    "FALSE" ...
    "UNKNOWN" ...
    "NULL" ...
    <LBRACE_D> ...
    <LBRACE_T> ...
    <LBRACE_TS> ...
    "DATE" ...
    "DATETIME" ...
    "TIME" ...
    "UUID" ...
    "TIMESTAMP" ...
    "?" ...
    "CAST" ...
    "SAFE_CAST" ...
    "TRY_CAST" ...
    "EXTRACT" ...
    "POSITION" ...
    "CONVERT" ...
    "TRANSLATE" ...
    "OVERLAY" ...
    "FLOOR" ...
    "CEIL" ...
    "CEILING" ...
    "SUBSTRING" ...
    "TRIM" ...
    "CLASSIFIER" ...
    "MATCH_NUMBER" ...
    "RUNNING" ...
    "PREV" ...
    "NEXT" ...
    "JSON_EXISTS" ...
    "JSON_VALUE" ...
    "JSON_QUERY" ...
    "JSON_OBJECT" ...
    "JSON_OBJECTAGG" ...
    "JSON_ARRAY" ...
    "JSON_ARRAYAGG" ...
    <LBRACE_FN> ...
    "MULTISET" ...
    "ARRAY" ...
    "PERIOD" ...
    "PERCENTILE_CONT" ...
    "PERCENTILE_DISC" ...
    "SPECIFIC" ...
    <IDENTIFIER> ...
    <HYPHENATED_IDENTIFIER> ...
    <QUOTED_IDENTIFIER> ...
    <BACK_QUOTED_IDENTIFIER> ...
    <BIG_QUERY_BACK_QUOTED_IDENTIFIER> ...
    <BRACKET_QUOTED_IDENTIFIER> ...
    <UNICODE_QUOTED_IDENTIFIER> ...
    "ABS" ...
    "AVG" ...
    "CARDINALITY" ...
    "CHAR" ...
    "CHAR_LENGTH" ...
    "CHARACTER_LENGTH" ...
    "COALESCE" ...
    "COLLECT" ...
    "COVAR_POP" ...
    "COVAR_SAMP" ...
    "CUME_DIST" ...
    "COUNT" ...
    "CURRENT_DATE" ...
    "CURRENT_TIME" ...
    "CURRENT_TIMESTAMP" ...
    "DENSE_RANK" ...
    "ELEMENT" ...
    "EVERY" ...
    "EXP" ...
    "FIRST_VALUE" ...
    "FUSION" ...
    "INTERSECTION" ...
    "GROUPING" ...
    "HOUR" ...
    "LAG" ...
    "LEAD" ...
    "LEFT" ...
    "LAST_VALUE" ...
    "LN" ...
    "LOCALTIME" ...
    "LOCALTIMESTAMP" ...
    "LOWER" ...
    "MAX" ...
    "MIN" ...
    "MINUTE" ...
    "MOD" ...
    "MONTH" ...
    "NTH_VALUE" ...
    "NTILE" ...
    "NULLIF" ...
    "OCTET_LENGTH" ...
    "PERCENT_RANK" ...
    "POWER" ...
    "RANK" ...
    "REGR_COUNT" ...
    "REGR_SXX" ...
    "REGR_SYY" ...
    "RIGHT" ...
    "ROW_NUMBER" ...
    "SECOND" ...
    "SOME" ...
    "SQRT" ...
    "STDDEV_POP" ...
    "STDDEV_SAMP" ...
    "SUM" ...
    "UPPER" ...
    "TRUNCATE" ...
    "USER" ...
    "VAR_POP" ...
    "VAR_SAMP" ...
    "YEAR" ...
    "CURRENT_CATALOG" ...
    "CURRENT_DEFAULT_TRANSFORM_GROUP" ...
    "CURRENT_PATH" ...
    "CURRENT_ROLE" ...
    "CURRENT_SCHEMA" ...
    "CURRENT_USER" ...
    "SESSION_USER" ...
    "SYSTEM_USER" ...
    "NEW" ...
    "CASE" ...
    "CURRENT" ...
    "CURSOR" ...
    "ROW" ...
    "(" ...
    
	at org.apache.calcite.sql.parser.ddl.SqlDdlParserImpl.generateParseException(SqlDdlParserImpl.java:36879) ~[calcite-server-1.42.0.jar:1.42.0]
	at org.apache.calcite.sql.parser.ddl.SqlDdlParserImpl.jj_consume_token(SqlDdlParserImpl.java:36687) ~[calcite-server-1.42.0.jar:1.42.0]
	at org.apache.calcite.sql.parser.ddl.SqlDdlParserImpl.LeafQueryOrExpr(SqlDdlParserImpl.java:12056) ~[calcite-server-1.42.0.jar:1.42.0]
	at org.apache.calcite.sql.parser.ddl.SqlDdlParserImpl.QueryOrExpr(SqlDdlParserImpl.java:11873) ~[calcite-server-1.42.0.jar:1.42.0]
	at org.apache.calcite.sql.parser.ddl.SqlDdlParserImpl.OrderedQueryOrExpr(SqlDdlParserImpl.java:609) ~[calcite-server-1.42.0.jar:1.42.0]
	at org.apache.calcite.sql.parser.ddl.SqlDdlParserImpl.SqlStmt(SqlDdlParserImpl.java:1238) ~[calcite-server-1.42.0.jar:1.42.0]
	at org.apache.calcite.sql.parser.ddl.SqlDdlParserImpl.SqlStmtEof(SqlDdlParserImpl.java:1279) ~[calcite-server-1.42.0.jar:1.42.0]
	at org.apache.calcite.sql.parser.ddl.SqlDdlParserImpl.parseSqlStmtEof(SqlDdlParserImpl.java:232) ~[calcite-server-1.42.0.jar:1.42.0]
	at org.apache.calcite.sql.parser.SqlParser.parseQuery(SqlParser.java:172) ~[calcite-core-1.42.0.jar:1.42.0]
	at org.apache.calcite.sql.parser.SqlParser.parseStmt(SqlParser.java:199) ~[calcite-core-1.42.0.jar:1.42.0]
	at com.minidb.server.calcite.CalciteContext.parse(CalciteContext.java:58) ~[classes/:?]
	... 26 more
2026-08-13 16:15:55.182 WARN  [nioEventLoopGroup-3-1] SessionHandler - query failed in 20096 ms: WITH RECURSIVE number_series(n) AS (
    SELECT 1
    UNION ALL
    SELECT n + 1
    FROM number_series
    WHERE n < 10
)
java.lang.IllegalArgumentException: Encountered "<EOF>" at line 7, column 1.
Was expecting one of:
    "SELECT" ...
    "TABLE" ...
    "VALUE" ...
    "VALUES" ...
    "," ...
    "+" ...
    "-" ...
    "NOT" ...
    "EXISTS" ...
    "UNIQUE" ...
    "INTERVAL" ...
    <UNSIGNED_INTEGER_LITERAL> ...
    <DECIMAL_NUMERIC_LITERAL> ...
    "DECIMAL" ...
    <APPROX_NUMERIC_LITERAL> ...
    <BINARY_STRING_LITERAL> ...
    <PREFIXED_STRING_LITERAL> ...
    <QUOTED_STRING> ...
    <UNICODE_STRING_LITERAL> ...
    <C_STYLE_ESCAPED_STRING_LITERAL> ...
    <BIG_QUERY_DOUBLE_QUOTED_STRING> ...
    <BIG_QUERY_QUOTED_STRING> ...
    "TRUE" ...
    "FALSE" ...
    "UNKNOWN" ...
    "NULL" ...
    <LBRACE_D> ...
    <LBRACE_T> ...
    <LBRACE_TS> ...
    "DATE" ...
    "DATETIME" ...
    "TIME" ...
    "UUID" ...
    "TIMESTAMP" ...
    "?" ...
    "CAST" ...
    "SAFE_CAST" ...
    "TRY_CAST" ...
    "EXTRACT" ...
    "POSITION" ...
    "CONVERT" ...
    "TRANSLATE" ...
    "OVERLAY" ...
    "FLOOR" ...
    "CEIL" ...
    "CEILING" ...
    "SUBSTRING" ...
    "TRIM" ...
    "CLASSIFIER" ...
    "MATCH_NUMBER" ...
    "RUNNING" ...
    "PREV" ...
    "NEXT" ...
    "JSON_EXISTS" ...
    "JSON_VALUE" ...
    "JSON_QUERY" ...
    "JSON_OBJECT" ...
    "JSON_OBJECTAGG" ...
    "JSON_ARRAY" ...
    "JSON_ARRAYAGG" ...
    <LBRACE_FN> ...
    "MULTISET" ...
    "ARRAY" ...
    "PERIOD" ...
    "PERCENTILE_CONT" ...
    "PERCENTILE_DISC" ...
    "SPECIFIC" ...
    <IDENTIFIER> ...
    <HYPHENATED_IDENTIFIER> ...
    <QUOTED_IDENTIFIER> ...
    <BACK_QUOTED_IDENTIFIER> ...
    <BIG_QUERY_BACK_QUOTED_IDENTIFIER> ...
    <BRACKET_QUOTED_IDENTIFIER> ...
    <UNICODE_QUOTED_IDENTIFIER> ...
    "ABS" ...
    "AVG" ...
    "CARDINALITY" ...
    "CHAR" ...
    "CHAR_LENGTH" ...
    "CHARACTER_LENGTH" ...
    "COALESCE" ...
    "COLLECT" ...
    "COVAR_POP" ...
    "COVAR_SAMP" ...
    "CUME_DIST" ...
    "COUNT" ...
    "CURRENT_DATE" ...
    "CURRENT_TIME" ...
    "CURRENT_TIMESTAMP" ...
    "DENSE_RANK" ...
    "ELEMENT" ...
    "EVERY" ...
    "EXP" ...
    "FIRST_VALUE" ...
    "FUSION" ...
    "INTERSECTION" ...
    "GROUPING" ...
    "HOUR" ...
    "LAG" ...
    "LEAD" ...
    "LEFT" ...
    "LAST_VALUE" ...
    "LN" ...
    "LOCALTIME" ...
    "LOCALTIMESTAMP" ...
    "LOWER" ...
    "MAX" ...
    "MIN" ...
    "MINUTE" ...
    "MOD" ...
    "MONTH" ...
    "NTH_VALUE" ...
    "NTILE" ...
    "NULLIF" ...
    "OCTET_LENGTH" ...
    "PERCENT_RANK" ...
    "POWER" ...
    "RANK" ...
    "REGR_COUNT" ...
    "REGR_SXX" ...
    "REGR_SYY" ...
    "RIGHT" ...
    "ROW_NUMBER" ...
    "SECOND" ...
    "SOME" ...
    "SQRT" ...
    "STDDEV_POP" ...
    "STDDEV_SAMP" ...
    "SUM" ...
    "UPPER" ...
    "TRUNCATE" ...
    "USER" ...
    "VAR_POP" ...
    "VAR_SAMP" ...
    "YEAR" ...
    "CURRENT_CATALOG" ...
    "CURRENT_DEFAULT_TRANSFORM_GROUP" ...
    "CURRENT_PATH" ...
    "CURRENT_ROLE" ...
    "CURRENT_SCHEMA" ...
    "CURRENT_USER" ...
    "SESSION_USER" ...
    "SYSTEM_USER" ...
    "NEW" ...
    "CASE" ...
    "CURRENT" ...
    "CURSOR" ...
    "ROW" ...
    "(" ...
    
	at com.minidb.server.calcite.CalciteContext.parse(CalciteContext.java:60) ~[classes/:?]
	at com.minidb.server.exec.QueryExecutor.execute(QueryExecutor.java:83) ~[classes/:?]
	at com.minidb.server.netty.SessionHandler.handleExecute(SessionHandler.java:55) [classes/:?]
	at com.minidb.server.netty.SessionHandler.channelRead0(SessionHandler.java:37) [classes/:?]
	at com.minidb.server.netty.SessionHandler.channelRead0(SessionHandler.java:19) [classes/:?]
	at io.netty.channel.SimpleChannelInboundHandler.channelRead(SimpleChannelInboundHandler.java:99) [netty-transport-4.1.137.Final.jar:4.1.137.Final]
	at io.netty.channel.AbstractChannelHandlerContext.invokeChannelRead(AbstractChannelHandlerContext.java:444) [netty-transport-4.1.137.Final.jar:4.1.137.Final]
	at io.netty.channel.AbstractChannelHandlerContext.invokeChannelRead(AbstractChannelHandlerContext.java:420) [netty-transport-4.1.137.Final.jar:4.1.137.Final]
	at io.netty.channel.AbstractChannelHandlerContext.fireChannelRead(AbstractChannelHandlerContext.java:412) [netty-transport-4.1.137.Final.jar:4.1.137.Final]
	at io.netty.handler.codec.ByteToMessageDecoder.fireChannelRead(ByteToMessageDecoder.java:361) [netty-codec-4.1.137.Final.jar:4.1.137.Final]
	at io.netty.handler.codec.ByteToMessageDecoder.channelRead(ByteToMessageDecoder.java:325) [netty-codec-4.1.137.Final.jar:4.1.137.Final]
	at io.netty.channel.AbstractChannelHandlerContext.invokeChannelRead(AbstractChannelHandlerContext.java:444) [netty-transport-4.1.137.Final.jar:4.1.137.Final]
	at io.netty.channel.AbstractChannelHandlerContext.invokeChannelRead(AbstractChannelHandlerContext.java:420) [netty-transport-4.1.137.Final.jar:4.1.137.Final]
	at io.netty.channel.AbstractChannelHandlerContext.fireChannelRead(AbstractChannelHandlerContext.java:412) [netty-transport-4.1.137.Final.jar:4.1.137.Final]
	at io.netty.channel.DefaultChannelPipeline$HeadContext.channelRead(DefaultChannelPipeline.java:1357) [netty-transport-4.1.137.Final.jar:4.1.137.Final]
	at io.netty.channel.AbstractChannelHandlerContext.invokeChannelRead(AbstractChannelHandlerContext.java:440) [netty-transport-4.1.137.Final.jar:4.1.137.Final]
	at io.netty.channel.AbstractChannelHandlerContext.invokeChannelRead(AbstractChannelHandlerContext.java:420) [netty-transport-4.1.137.Final.jar:4.1.137.Final]
	at io.netty.channel.DefaultChannelPipeline.fireChannelRead(DefaultChannelPipeline.java:868) [netty-transport-4.1.137.Final.jar:4.1.137.Final]
	at io.netty.channel.nio.AbstractNioByteChannel$NioByteUnsafe.read(AbstractNioByteChannel.java:171) [netty-transport-4.1.137.Final.jar:4.1.137.Final]
	at io.netty.channel.nio.NioEventLoop.processSelectedKey(NioEventLoop.java:796) [netty-transport-4.1.137.Final.jar:4.1.137.Final]
	at io.netty.channel.nio.NioEventLoop.processSelectedKeysOptimized(NioEventLoop.java:732) [netty-transport-4.1.137.Final.jar:4.1.137.Final]
	at io.netty.channel.nio.NioEventLoop.processSelectedKeys(NioEventLoop.java:658) [netty-transport-4.1.137.Final.jar:4.1.137.Final]
	at io.netty.channel.nio.NioEventLoop.run(NioEventLoop.java:562) [netty-transport-4.1.137.Final.jar:4.1.137.Final]
	at io.netty.util.concurrent.SingleThreadEventExecutor$4.run(SingleThreadEventExecutor.java:1007) [netty-common-4.1.137.Final.jar:4.1.137.Final]
	at io.netty.util.internal.ThreadExecutorMap$2.run(ThreadExecutorMap.java:74) [netty-common-4.1.137.Final.jar:4.1.137.Final]
	at io.netty.util.concurrent.FastThreadLocalRunnable.run(FastThreadLocalRunnable.java:30) [netty-common-4.1.137.Final.jar:4.1.137.Final]
	at java.base/java.lang.Thread.run(Thread.java:840) [?:?]
Caused by: org.apache.calcite.sql.parser.SqlParseException: Encountered "<EOF>" at line 7, column 1.
Was expecting one of:
    "SELECT" ...
    "TABLE" ...
    "VALUE" ...
    "VALUES" ...
    "," ...
    "+" ...
    "-" ...
    "NOT" ...
    "EXISTS" ...
    "UNIQUE" ...
    "INTERVAL" ...
    <UNSIGNED_INTEGER_LITERAL> ...
    <DECIMAL_NUMERIC_LITERAL> ...
    "DECIMAL" ...
    <APPROX_NUMERIC_LITERAL> ...
    <BINARY_STRING_LITERAL> ...
    <PREFIXED_STRING_LITERAL> ...
    <QUOTED_STRING> ...
    <UNICODE_STRING_LITERAL> ...
    <C_STYLE_ESCAPED_STRING_LITERAL> ...
    <BIG_QUERY_DOUBLE_QUOTED_STRING> ...
    <BIG_QUERY_QUOTED_STRING> ...
    "TRUE" ...
    "FALSE" ...
    "UNKNOWN" ...
    "NULL" ...
    <LBRACE_D> ...
    <LBRACE_T> ...
    <LBRACE_TS> ...
    "DATE" ...
    "DATETIME" ...
    "TIME" ...
    "UUID" ...
    "TIMESTAMP" ...
    "?" ...
    "CAST" ...
    "SAFE_CAST" ...
    "TRY_CAST" ...
    "EXTRACT" ...
    "POSITION" ...
    "CONVERT" ...
    "TRANSLATE" ...
    "OVERLAY" ...
    "FLOOR" ...
    "CEIL" ...
    "CEILING" ...
    "SUBSTRING" ...
    "TRIM" ...
    "CLASSIFIER" ...
    "MATCH_NUMBER" ...
    "RUNNING" ...
    "PREV" ...
    "NEXT" ...
    "JSON_EXISTS" ...
    "JSON_VALUE" ...
    "JSON_QUERY" ...
    "JSON_OBJECT" ...
    "JSON_OBJECTAGG" ...
    "JSON_ARRAY" ...
    "JSON_ARRAYAGG" ...
    <LBRACE_FN> ...
    "MULTISET" ...
    "ARRAY" ...
    "PERIOD" ...
    "PERCENTILE_CONT" ...
    "PERCENTILE_DISC" ...
    "SPECIFIC" ...
    <IDENTIFIER> ...
    <HYPHENATED_IDENTIFIER> ...
    <QUOTED_IDENTIFIER> ...
    <BACK_QUOTED_IDENTIFIER> ...
    <BIG_QUERY_BACK_QUOTED_IDENTIFIER> ...
    <BRACKET_QUOTED_IDENTIFIER> ...
    <UNICODE_QUOTED_IDENTIFIER> ...
    "ABS" ...
    "AVG" ...
    "CARDINALITY" ...
    "CHAR" ...
    "CHAR_LENGTH" ...
    "CHARACTER_LENGTH" ...
    "COALESCE" ...
    "COLLECT" ...
    "COVAR_POP" ...
    "COVAR_SAMP" ...
    "CUME_DIST" ...
    "COUNT" ...
    "CURRENT_DATE" ...
    "CURRENT_TIME" ...
    "CURRENT_TIMESTAMP" ...
    "DENSE_RANK" ...
    "ELEMENT" ...
    "EVERY" ...
    "EXP" ...
    "FIRST_VALUE" ...
    "FUSION" ...
    "INTERSECTION" ...
    "GROUPING" ...
    "HOUR" ...
    "LAG" ...
    "LEAD" ...
    "LEFT" ...
    "LAST_VALUE" ...
    "LN" ...
    "LOCALTIME" ...
    "LOCALTIMESTAMP" ...
    "LOWER" ...
    "MAX" ...
    "MIN" ...
    "MINUTE" ...
    "MOD" ...
    "MONTH" ...
    "NTH_VALUE" ...
    "NTILE" ...
    "NULLIF" ...
    "OCTET_LENGTH" ...
    "PERCENT_RANK" ...
    "POWER" ...
    "RANK" ...
    "REGR_COUNT" ...
    "REGR_SXX" ...
    "REGR_SYY" ...
    "RIGHT" ...
    "ROW_NUMBER" ...
    "SECOND" ...
    "SOME" ...
    "SQRT" ...
    "STDDEV_POP" ...
    "STDDEV_SAMP" ...
    "SUM" ...
    "UPPER" ...
    "TRUNCATE" ...
    "USER" ...
    "VAR_POP" ...
    "VAR_SAMP" ...
    "YEAR" ...
    "CURRENT_CATALOG" ...
    "CURRENT_DEFAULT_TRANSFORM_GROUP" ...
    "CURRENT_PATH" ...
    "CURRENT_ROLE" ...
    "CURRENT_SCHEMA" ...
    "CURRENT_USER" ...
    "SESSION_USER" ...
    "SYSTEM_USER" ...
    "NEW" ...
    "CASE" ...
    "CURRENT" ...
    "CURSOR" ...
    "ROW" ...
    "(" ...
    
	at org.apache.calcite.sql.parser.ddl.SqlDdlParserImpl.convertException(SqlDdlParserImpl.java:438) ~[calcite-server-1.42.0.jar:1.42.0]
	at org.apache.calcite.sql.parser.ddl.SqlDdlParserImpl.normalizeException(SqlDdlParserImpl.java:184) ~[calcite-server-1.42.0.jar:1.42.0]
	at org.apache.calcite.sql.parser.SqlParser.handleException(SqlParser.java:159) ~[calcite-core-1.42.0.jar:1.42.0]
	at org.apache.calcite.sql.parser.SqlParser.parseQuery(SqlParser.java:174) ~[calcite-core-1.42.0.jar:1.42.0]
	at org.apache.calcite.sql.parser.SqlParser.parseStmt(SqlParser.java:199) ~[calcite-core-1.42.0.jar:1.42.0]
	at com.minidb.server.calcite.CalciteContext.parse(CalciteContext.java:58) ~[classes/:?]
	... 26 more
Caused by: org.apache.calcite.sql.parser.ddl.ParseException: Encountered "<EOF>" at line 7, column 1.
Was expecting one of:
    "SELECT" ...
    "TABLE" ...
    "VALUE" ...
    "VALUES" ...
    "," ...
    "+" ...
    "-" ...
    "NOT" ...
    "EXISTS" ...
    "UNIQUE" ...
    "INTERVAL" ...
    <UNSIGNED_INTEGER_LITERAL> ...
    <DECIMAL_NUMERIC_LITERAL> ...
    "DECIMAL" ...
    <APPROX_NUMERIC_LITERAL> ...
    <BINARY_STRING_LITERAL> ...
    <PREFIXED_STRING_LITERAL> ...
    <QUOTED_STRING> ...
    <UNICODE_STRING_LITERAL> ...
    <C_STYLE_ESCAPED_STRING_LITERAL> ...
    <BIG_QUERY_DOUBLE_QUOTED_STRING> ...
    <BIG_QUERY_QUOTED_STRING> ...
    "TRUE" ...
    "FALSE" ...
    "UNKNOWN" ...
    "NULL" ...
    <LBRACE_D> ...
    <LBRACE_T> ...
    <LBRACE_TS> ...
    "DATE" ...
    "DATETIME" ...
    "TIME" ...
    "UUID" ...
    "TIMESTAMP" ...
    "?" ...
    "CAST" ...
    "SAFE_CAST" ...
    "TRY_CAST" ...
    "EXTRACT" ...
    "POSITION" ...
    "CONVERT" ...
    "TRANSLATE" ...
    "OVERLAY" ...
    "FLOOR" ...
    "CEIL" ...
    "CEILING" ...
    "SUBSTRING" ...
    "TRIM" ...
    "CLASSIFIER" ...
    "MATCH_NUMBER" ...
    "RUNNING" ...
    "PREV" ...
    "NEXT" ...
    "JSON_EXISTS" ...
    "JSON_VALUE" ...
    "JSON_QUERY" ...
    "JSON_OBJECT" ...
    "JSON_OBJECTAGG" ...
    "JSON_ARRAY" ...
    "JSON_ARRAYAGG" ...
    <LBRACE_FN> ...
    "MULTISET" ...
    "ARRAY" ...
    "PERIOD" ...
    "PERCENTILE_CONT" ...
    "PERCENTILE_DISC" ...
    "SPECIFIC" ...
    <IDENTIFIER> ...
    <HYPHENATED_IDENTIFIER> ...
    <QUOTED_IDENTIFIER> ...
    <BACK_QUOTED_IDENTIFIER> ...
    <BIG_QUERY_BACK_QUOTED_IDENTIFIER> ...
    <BRACKET_QUOTED_IDENTIFIER> ...
    <UNICODE_QUOTED_IDENTIFIER> ...
    "ABS" ...
    "AVG" ...
    "CARDINALITY" ...
    "CHAR" ...
    "CHAR_LENGTH" ...
    "CHARACTER_LENGTH" ...
    "COALESCE" ...
    "COLLECT" ...
    "COVAR_POP" ...
    "COVAR_SAMP" ...
    "CUME_DIST" ...
    "COUNT" ...
    "CURRENT_DATE" ...
    "CURRENT_TIME" ...
    "CURRENT_TIMESTAMP" ...
    "DENSE_RANK" ...
    "ELEMENT" ...
    "EVERY" ...
    "EXP" ...
    "FIRST_VALUE" ...
    "FUSION" ...
    "INTERSECTION" ...
    "GROUPING" ...
    "HOUR" ...
    "LAG" ...
    "LEAD" ...
    "LEFT" ...
    "LAST_VALUE" ...
    "LN" ...
    "LOCALTIME" ...
    "LOCALTIMESTAMP" ...
    "LOWER" ...
    "MAX" ...
    "MIN" ...
    "MINUTE" ...
    "MOD" ...
    "MONTH" ...
    "NTH_VALUE" ...
    "NTILE" ...
    "NULLIF" ...
    "OCTET_LENGTH" ...
    "PERCENT_RANK" ...
    "POWER" ...
    "RANK" ...
    "REGR_COUNT" ...
    "REGR_SXX" ...
    "REGR_SYY" ...
    "RIGHT" ...
    "ROW_NUMBER" ...
    "SECOND" ...
    "SOME" ...
    "SQRT" ...
    "STDDEV_POP" ...
    "STDDEV_SAMP" ...
    "SUM" ...
    "UPPER" ...
    "TRUNCATE" ...
    "USER" ...
    "VAR_POP" ...
    "VAR_SAMP" ...
    "YEAR" ...
    "CURRENT_CATALOG" ...
    "CURRENT_DEFAULT_TRANSFORM_GROUP" ...
    "CURRENT_PATH" ...
    "CURRENT_ROLE" ...
    "CURRENT_SCHEMA" ...
    "CURRENT_USER" ...
    "SESSION_USER" ...
    "SYSTEM_USER" ...
    "NEW" ...
    "CASE" ...
    "CURRENT" ...
    "CURSOR" ...
    "ROW" ...
    "(" ...
    
	at org.apache.calcite.sql.parser.ddl.SqlDdlParserImpl.generateParseException(SqlDdlParserImpl.java:36879) ~[calcite-server-1.42.0.jar:1.42.0]
	at org.apache.calcite.sql.parser.ddl.SqlDdlParserImpl.jj_consume_token(SqlDdlParserImpl.java:36687) ~[calcite-server-1.42.0.jar:1.42.0]
	at org.apache.calcite.sql.parser.ddl.SqlDdlParserImpl.LeafQueryOrExpr(SqlDdlParserImpl.java:12056) ~[calcite-server-1.42.0.jar:1.42.0]
	at org.apache.calcite.sql.parser.ddl.SqlDdlParserImpl.QueryOrExpr(SqlDdlParserImpl.java:11873) ~[calcite-server-1.42.0.jar:1.42.0]
	at org.apache.calcite.sql.parser.ddl.SqlDdlParserImpl.OrderedQueryOrExpr(SqlDdlParserImpl.java:609) ~[calcite-server-1.42.0.jar:1.42.0]
	at org.apache.calcite.sql.parser.ddl.SqlDdlParserImpl.SqlStmt(SqlDdlParserImpl.java:1238) ~[calcite-server-1.42.0.jar:1.42.0]
	at org.apache.calcite.sql.parser.ddl.SqlDdlParserImpl.SqlStmtEof(SqlDdlParserImpl.java:1279) ~[calcite-server-1.42.0.jar:1.42.0]
	at org.apache.calcite.sql.parser.ddl.SqlDdlParserImpl.parseSqlStmtEof(SqlDdlParserImpl.java:232) ~[calcite-server-1.42.0.jar:1.42.0]
	at org.apache.calcite.sql.parser.SqlParser.parseQuery(SqlParser.java:172) ~[calcite-core-1.42.0.jar:1.42.0]
	at org.apache.calcite.sql.parser.SqlParser.parseStmt(SqlParser.java:199) ~[calcite-core-1.42.0.jar:1.42.0]
	at com.minidb.server.calcite.CalciteContext.parse(CalciteContext.java:58) ~[classes/:?]
	... 26 more
2026-08-13 16:16:09.892 INFO  [nioEventLoopGroup-3-1] SessionHandler - query ok: 10 rows returned in 1791 ms
2026-08-13 16:16:20.903 INFO  [nioEventLoopGroup-3-1] SessionHandler - query ok: 10 rows returned in 27 ms
2026-08-13 16:17:03.059 WARN  [nioEventLoopGroup-3-1] SessionHandler - query failed in 6662 ms: CREATE TABLE employees (
    id         INT PRIMARY KEY,          -- 员工编号
    name       VARCHAR(50) NOT NULL,    -- 员工姓名
    manager_id INT NULL,                -- 上级经理的ID（NULL表示最高领导）
    CONSTRAINT fk_manager FOREIGN KEY (manager_id) REFERENCES employees(id)
)
java.lang.IllegalArgumentException: Encountered "PRIMARY" at line 2, column 20.
Was expecting one of:
    "ARRAY" ...
    "AS" ...
    "DEFAULT" ...
    "GENERATED" ...
    "MULTISET" ...
    "NOT" ...
    "NULL" ...
    "UNSIGNED" ...
    ")" ...
    "," ...
    
	at com.minidb.server.calcite.CalciteContext.parse(CalciteContext.java:60) ~[classes/:?]
	at com.minidb.server.exec.QueryExecutor.execute(QueryExecutor.java:83) ~[classes/:?]
	at com.minidb.server.netty.SessionHandler.handleExecute(SessionHandler.java:55) [classes/:?]
	at com.minidb.server.netty.SessionHandler.channelRead0(SessionHandler.java:37) [classes/:?]
	at com.minidb.server.netty.SessionHandler.channelRead0(SessionHandler.java:19) [classes/:?]
	at io.netty.channel.SimpleChannelInboundHandler.channelRead(SimpleChannelInboundHandler.java:99) [netty-transport-4.1.137.Final.jar:4.1.137.Final]
	at io.netty.channel.AbstractChannelHandlerContext.invokeChannelRead(AbstractChannelHandlerContext.java:444) [netty-transport-4.1.137.Final.jar:4.1.137.Final]
	at io.netty.channel.AbstractChannelHandlerContext.invokeChannelRead(AbstractChannelHandlerContext.java:420) [netty-transport-4.1.137.Final.jar:4.1.137.Final]
	at io.netty.channel.AbstractChannelHandlerContext.fireChannelRead(AbstractChannelHandlerContext.java:412) [netty-transport-4.1.137.Final.jar:4.1.137.Final]
	at io.netty.handler.codec.ByteToMessageDecoder.fireChannelRead(ByteToMessageDecoder.java:361) [netty-codec-4.1.137.Final.jar:4.1.137.Final]
	at io.netty.handler.codec.ByteToMessageDecoder.channelRead(ByteToMessageDecoder.java:325) [netty-codec-4.1.137.Final.jar:4.1.137.Final]
	at io.netty.channel.AbstractChannelHandlerContext.invokeChannelRead(AbstractChannelHandlerContext.java:444) [netty-transport-4.1.137.Final.jar:4.1.137.Final]
	at io.netty.channel.AbstractChannelHandlerContext.invokeChannelRead(AbstractChannelHandlerContext.java:420) [netty-transport-4.1.137.Final.jar:4.1.137.Final]
	at io.netty.channel.AbstractChannelHandlerContext.fireChannelRead(AbstractChannelHandlerContext.java:412) [netty-transport-4.1.137.Final.jar:4.1.137.Final]
	at io.netty.channel.DefaultChannelPipeline$HeadContext.channelRead(DefaultChannelPipeline.java:1357) [netty-transport-4.1.137.Final.jar:4.1.137.Final]
	at io.netty.channel.AbstractChannelHandlerContext.invokeChannelRead(AbstractChannelHandlerContext.java:440) [netty-transport-4.1.137.Final.jar:4.1.137.Final]
	at io.netty.channel.AbstractChannelHandlerContext.invokeChannelRead(AbstractChannelHandlerContext.java:420) [netty-transport-4.1.137.Final.jar:4.1.137.Final]
	at io.netty.channel.DefaultChannelPipeline.fireChannelRead(DefaultChannelPipeline.java:868) [netty-transport-4.1.137.Final.jar:4.1.137.Final]
	at io.netty.channel.nio.AbstractNioByteChannel$NioByteUnsafe.read(AbstractNioByteChannel.java:171) [netty-transport-4.1.137.Final.jar:4.1.137.Final]
	at io.netty.channel.nio.NioEventLoop.processSelectedKey(NioEventLoop.java:796) [netty-transport-4.1.137.Final.jar:4.1.137.Final]
	at io.netty.channel.nio.NioEventLoop.processSelectedKeysOptimized(NioEventLoop.java:732) [netty-transport-4.1.137.Final.jar:4.1.137.Final]
	at io.netty.channel.nio.NioEventLoop.processSelectedKeys(NioEventLoop.java:658) [netty-transport-4.1.137.Final.jar:4.1.137.Final]
	at io.netty.channel.nio.NioEventLoop.run(NioEventLoop.java:562) [netty-transport-4.1.137.Final.jar:4.1.137.Final]
	at io.netty.util.concurrent.SingleThreadEventExecutor$4.run(SingleThreadEventExecutor.java:1007) [netty-common-4.1.137.Final.jar:4.1.137.Final]
	at io.netty.util.internal.ThreadExecutorMap$2.run(ThreadExecutorMap.java:74) [netty-common-4.1.137.Final.jar:4.1.137.Final]
	at io.netty.util.concurrent.FastThreadLocalRunnable.run(FastThreadLocalRunnable.java:30) [netty-common-4.1.137.Final.jar:4.1.137.Final]
	at java.base/java.lang.Thread.run(Thread.java:840) [?:?]
Caused by: org.apache.calcite.sql.parser.SqlParseException: Encountered "PRIMARY" at line 2, column 20.
Was expecting one of:
    "ARRAY" ...
    "AS" ...
    "DEFAULT" ...
    "GENERATED" ...
    "MULTISET" ...
    "NOT" ...
    "NULL" ...
    "UNSIGNED" ...
    ")" ...
    "," ...
    
	at org.apache.calcite.sql.parser.ddl.SqlDdlParserImpl.convertException(SqlDdlParserImpl.java:438) ~[calcite-server-1.42.0.jar:1.42.0]
	at org.apache.calcite.sql.parser.ddl.SqlDdlParserImpl.normalizeException(SqlDdlParserImpl.java:184) ~[calcite-server-1.42.0.jar:1.42.0]
	at org.apache.calcite.sql.parser.SqlParser.handleException(SqlParser.java:159) ~[calcite-core-1.42.0.jar:1.42.0]
	at org.apache.calcite.sql.parser.SqlParser.parseQuery(SqlParser.java:174) ~[calcite-core-1.42.0.jar:1.42.0]
	at org.apache.calcite.sql.parser.SqlParser.parseStmt(SqlParser.java:199) ~[calcite-core-1.42.0.jar:1.42.0]
	at com.minidb.server.calcite.CalciteContext.parse(CalciteContext.java:58) ~[classes/:?]
	... 26 more
Caused by: org.apache.calcite.sql.parser.ddl.ParseException: Encountered "PRIMARY" at line 2, column 20.
Was expecting one of:
    "ARRAY" ...
    "AS" ...
    "DEFAULT" ...
    "GENERATED" ...
    "MULTISET" ...
    "NOT" ...
    "NULL" ...
    "UNSIGNED" ...
    ")" ...
    "," ...
    
	at org.apache.calcite.sql.parser.ddl.SqlDdlParserImpl.generateParseException(SqlDdlParserImpl.java:36879) ~[calcite-server-1.42.0.jar:1.42.0]
	at org.apache.calcite.sql.parser.ddl.SqlDdlParserImpl.jj_consume_token(SqlDdlParserImpl.java:36687) ~[calcite-server-1.42.0.jar:1.42.0]
	at org.apache.calcite.sql.parser.ddl.SqlDdlParserImpl.TableElementList(SqlDdlParserImpl.java:1769) ~[calcite-server-1.42.0.jar:1.42.0]
	at org.apache.calcite.sql.parser.ddl.SqlDdlParserImpl.SqlCreateTable(SqlDdlParserImpl.java:3077) ~[calcite-server-1.42.0.jar:1.42.0]
	at org.apache.calcite.sql.parser.ddl.SqlDdlParserImpl.SqlCreate(SqlDdlParserImpl.java:15081) ~[calcite-server-1.42.0.jar:1.42.0]
	at org.apache.calcite.sql.parser.ddl.SqlDdlParserImpl.SqlStmt(SqlDdlParserImpl.java:1228) ~[calcite-server-1.42.0.jar:1.42.0]
	at org.apache.calcite.sql.parser.ddl.SqlDdlParserImpl.SqlStmtEof(SqlDdlParserImpl.java:1279) ~[calcite-server-1.42.0.jar:1.42.0]
	at org.apache.calcite.sql.parser.ddl.SqlDdlParserImpl.parseSqlStmtEof(SqlDdlParserImpl.java:232) ~[calcite-server-1.42.0.jar:1.42.0]
	at org.apache.calcite.sql.parser.SqlParser.parseQuery(SqlParser.java:172) ~[calcite-core-1.42.0.jar:1.42.0]
	at org.apache.calcite.sql.parser.SqlParser.parseStmt(SqlParser.java:199) ~[calcite-core-1.42.0.jar:1.42.0]
	at com.minidb.server.calcite.CalciteContext.parse(CalciteContext.java:58) ~[classes/:?]
	... 26 more
2026-08-13 16:17:21.757 WARN  [nioEventLoopGroup-3-1] SessionHandler - query failed in 2 ms: CREATE TABLE employees (
    id         ,          -- 员工编号
    name       VARCHAR(50) NOT NULL,    -- 员工姓名
    manager_id INT NULL                -- 上级经理的ID（NULL表示最高领导）
)
java.lang.ClassCastException: class org.apache.calcite.sql.SqlIdentifier cannot be cast to class org.apache.calcite.sql.ddl.SqlColumnDeclaration (org.apache.calcite.sql.SqlIdentifier and org.apache.calcite.sql.ddl.SqlColumnDeclaration are in unnamed module of loader 'app')
	at com.minidb.server.exec.QueryExecutor.handleCreate(QueryExecutor.java:140) ~[classes/:?]
	at com.minidb.server.exec.QueryExecutor.execute(QueryExecutor.java:91) ~[classes/:?]
	at com.minidb.server.netty.SessionHandler.handleExecute(SessionHandler.java:55) [classes/:?]
	at com.minidb.server.netty.SessionHandler.channelRead0(SessionHandler.java:37) [classes/:?]
	at com.minidb.server.netty.SessionHandler.channelRead0(SessionHandler.java:19) [classes/:?]
	at io.netty.channel.SimpleChannelInboundHandler.channelRead(SimpleChannelInboundHandler.java:99) [netty-transport-4.1.137.Final.jar:4.1.137.Final]
	at io.netty.channel.AbstractChannelHandlerContext.invokeChannelRead(AbstractChannelHandlerContext.java:444) [netty-transport-4.1.137.Final.jar:4.1.137.Final]
	at io.netty.channel.AbstractChannelHandlerContext.invokeChannelRead(AbstractChannelHandlerContext.java:420) [netty-transport-4.1.137.Final.jar:4.1.137.Final]
	at io.netty.channel.AbstractChannelHandlerContext.fireChannelRead(AbstractChannelHandlerContext.java:412) [netty-transport-4.1.137.Final.jar:4.1.137.Final]
	at io.netty.handler.codec.ByteToMessageDecoder.fireChannelRead(ByteToMessageDecoder.java:361) [netty-codec-4.1.137.Final.jar:4.1.137.Final]
	at io.netty.handler.codec.ByteToMessageDecoder.channelRead(ByteToMessageDecoder.java:325) [netty-codec-4.1.137.Final.jar:4.1.137.Final]
	at io.netty.channel.AbstractChannelHandlerContext.invokeChannelRead(AbstractChannelHandlerContext.java:444) [netty-transport-4.1.137.Final.jar:4.1.137.Final]
	at io.netty.channel.AbstractChannelHandlerContext.invokeChannelRead(AbstractChannelHandlerContext.java:420) [netty-transport-4.1.137.Final.jar:4.1.137.Final]
	at io.netty.channel.AbstractChannelHandlerContext.fireChannelRead(AbstractChannelHandlerContext.java:412) [netty-transport-4.1.137.Final.jar:4.1.137.Final]
	at io.netty.channel.DefaultChannelPipeline$HeadContext.channelRead(DefaultChannelPipeline.java:1357) [netty-transport-4.1.137.Final.jar:4.1.137.Final]
	at io.netty.channel.AbstractChannelHandlerContext.invokeChannelRead(AbstractChannelHandlerContext.java:440) [netty-transport-4.1.137.Final.jar:4.1.137.Final]
	at io.netty.channel.AbstractChannelHandlerContext.invokeChannelRead(AbstractChannelHandlerContext.java:420) [netty-transport-4.1.137.Final.jar:4.1.137.Final]
	at io.netty.channel.DefaultChannelPipeline.fireChannelRead(DefaultChannelPipeline.java:868) [netty-transport-4.1.137.Final.jar:4.1.137.Final]
	at io.netty.channel.nio.AbstractNioByteChannel$NioByteUnsafe.read(AbstractNioByteChannel.java:171) [netty-transport-4.1.137.Final.jar:4.1.137.Final]
	at io.netty.channel.nio.NioEventLoop.processSelectedKey(NioEventLoop.java:796) [netty-transport-4.1.137.Final.jar:4.1.137.Final]
	at io.netty.channel.nio.NioEventLoop.processSelectedKeysOptimized(NioEventLoop.java:732) [netty-transport-4.1.137.Final.jar:4.1.137.Final]
	at io.netty.channel.nio.NioEventLoop.processSelectedKeys(NioEventLoop.java:658) [netty-transport-4.1.137.Final.jar:4.1.137.Final]
	at io.netty.channel.nio.NioEventLoop.run(NioEventLoop.java:562) [netty-transport-4.1.137.Final.jar:4.1.137.Final]
	at io.netty.util.concurrent.SingleThreadEventExecutor$4.run(SingleThreadEventExecutor.java:1007) [netty-common-4.1.137.Final.jar:4.1.137.Final]
	at io.netty.util.internal.ThreadExecutorMap$2.run(ThreadExecutorMap.java:74) [netty-common-4.1.137.Final.jar:4.1.137.Final]
	at io.netty.util.concurrent.FastThreadLocalRunnable.run(FastThreadLocalRunnable.java:30) [netty-common-4.1.137.Final.jar:4.1.137.Final]
	at java.base/java.lang.Thread.run(Thread.java:840) [?:?]
2026-08-13 16:17:53.263 INFO  [nioEventLoopGroup-3-1] SessionHandler - query ok: 0 rows affected in 0 ms
2026-08-13 16:17:56.761 WARN  [nioEventLoopGroup-3-1] SessionHandler - query failed in 64 ms: INSERT INTO employees (id, name, manager_id) VALUES
(1, '张总',   NULL),
(2, '李经理', 1),
(3, '王主管', 2),
(4, '赵员工', 3),
(5, '陈员工', 2)
org.apache.calcite.runtime.CalciteException: Failed to encode '张总' in character set 'ISO-8859-1'
	at java.base/jdk.internal.reflect.NativeConstructorAccessorImpl.newInstance0(Native Method) ~[?:?]
	at java.base/jdk.internal.reflect.NativeConstructorAccessorImpl.newInstance(NativeConstructorAccessorImpl.java:77) ~[?:?]
	at java.base/jdk.internal.reflect.DelegatingConstructorAccessorImpl.newInstance(DelegatingConstructorAccessorImpl.java:45) ~[?:?]
	at java.base/java.lang.reflect.Constructor.newInstanceWithCaller(Constructor.java:500) ~[?:?]
	at java.base/java.lang.reflect.Constructor.newInstance(Constructor.java:481) ~[?:?]
	at org.apache.calcite.runtime.Resources$ExInstWithCause.ex(Resources.java:511) ~[calcite-core-1.42.0.jar:1.42.0]
	at org.apache.calcite.runtime.Resources$ExInst.ex(Resources.java:605) ~[calcite-core-1.42.0.jar:1.42.0]
	at org.apache.calcite.util.NlsString.<init>(NlsString.java:155) ~[calcite-core-1.42.0.jar:1.42.0]
	at org.apache.calcite.util.NlsString.<init>(NlsString.java:123) ~[calcite-core-1.42.0.jar:1.42.0]
	at org.apache.calcite.rex.RexBuilder.makeLiteral(RexBuilder.java:1361) ~[calcite-core-1.42.0.jar:1.42.0]
	at org.apache.calcite.rex.RexBuilder.makeCharLiteral(RexBuilder.java:1649) ~[calcite-core-1.42.0.jar:1.42.0]
	at org.apache.calcite.sql2rel.SqlNodeToRexConverterImpl.convertLiteral(SqlNodeToRexConverterImpl.java:111) ~[calcite-core-1.42.0.jar:1.42.0]
	at org.apache.calcite.sql2rel.SqlToRelConverter$Blackboard.visit(SqlToRelConverter.java:6103) ~[calcite-core-1.42.0.jar:1.42.0]
	at org.apache.calcite.sql2rel.SqlToRelConverter$Blackboard.visit(SqlToRelConverter.java:5280) ~[calcite-core-1.42.0.jar:1.42.0]
	at org.apache.calcite.sql.SqlLiteral.accept(SqlLiteral.java:596) ~[calcite-core-1.42.0.jar:1.42.0]
	at org.apache.calcite.sql2rel.SqlToRelConverter$Blackboard.convertExpression(SqlToRelConverter.java:5932) ~[calcite-core-1.42.0.jar:1.42.0]
	at org.apache.calcite.sql2rel.StandardConvertletTable.convertCast(StandardConvertletTable.java:757) ~[calcite-core-1.42.0.jar:1.42.0]
	at org.apache.calcite.sql2rel.SqlNodeToRexConverterImpl.convertCall(SqlNodeToRexConverterImpl.java:63) ~[calcite-core-1.42.0.jar:1.42.0]
	at org.apache.calcite.sql2rel.SqlToRelConverter$Blackboard.visit(SqlToRelConverter.java:6118) ~[calcite-core-1.42.0.jar:1.42.0]
	at org.apache.calcite.sql2rel.SqlToRelConverter$Blackboard.visit(SqlToRelConverter.java:5280) ~[calcite-core-1.42.0.jar:1.42.0]
	at org.apache.calcite.sql.SqlCall.accept(SqlCall.java:175) ~[calcite-core-1.42.0.jar:1.42.0]
	at org.apache.calcite.sql2rel.SqlToRelConverter$Blackboard.convertExpression(SqlToRelConverter.java:5932) ~[calcite-core-1.42.0.jar:1.42.0]
	at org.apache.calcite.sql2rel.SqlToRelConverter.lambda$convertValuesImpl$48(SqlToRelConverter.java:5198) ~[calcite-core-1.42.0.jar:1.42.0]
	at org.apache.calcite.linq4j.Ord.forEach(Ord.java:168) ~[calcite-linq4j-1.42.0.jar:1.42.0]
	at org.apache.calcite.sql2rel.SqlToRelConverter.convertValuesImpl(SqlToRelConverter.java:5185) ~[calcite-core-1.42.0.jar:1.42.0]
	at org.apache.calcite.sql2rel.SqlToRelConverter.convertValues(SqlToRelConverter.java:5115) ~[calcite-core-1.42.0.jar:1.42.0]
	at org.apache.calcite.sql2rel.SqlToRelConverter.convertQueryRecursive(SqlToRelConverter.java:4139) ~[calcite-core-1.42.0.jar:1.42.0]
	at org.apache.calcite.sql2rel.SqlToRelConverter.convertInsert(SqlToRelConverter.java:4212) ~[calcite-core-1.42.0.jar:1.42.0]
	at org.apache.calcite.sql2rel.SqlToRelConverter.convertQueryRecursive(SqlToRelConverter.java:4125) ~[calcite-core-1.42.0.jar:1.42.0]
	at org.apache.calcite.sql2rel.SqlToRelConverter.convertQuery(SqlToRelConverter.java:631) ~[calcite-core-1.42.0.jar:1.42.0]
	at com.minidb.server.calcite.CalciteContext.planInCluster(CalciteContext.java:93) ~[classes/:?]
	at com.minidb.server.plan.Planner.plan(Planner.java:50) ~[classes/:?]
	at com.minidb.server.exec.QueryExecutor.execute(QueryExecutor.java:99) ~[classes/:?]
	at com.minidb.server.netty.SessionHandler.handleExecute(SessionHandler.java:55) [classes/:?]
	at com.minidb.server.netty.SessionHandler.channelRead0(SessionHandler.java:37) [classes/:?]
	at com.minidb.server.netty.SessionHandler.channelRead0(SessionHandler.java:19) [classes/:?]
	at io.netty.channel.SimpleChannelInboundHandler.channelRead(SimpleChannelInboundHandler.java:99) [netty-transport-4.1.137.Final.jar:4.1.137.Final]
	at io.netty.channel.AbstractChannelHandlerContext.invokeChannelRead(AbstractChannelHandlerContext.java:444) [netty-transport-4.1.137.Final.jar:4.1.137.Final]
	at io.netty.channel.AbstractChannelHandlerContext.invokeChannelRead(AbstractChannelHandlerContext.java:420) [netty-transport-4.1.137.Final.jar:4.1.137.Final]
	at io.netty.channel.AbstractChannelHandlerContext.fireChannelRead(AbstractChannelHandlerContext.java:412) [netty-transport-4.1.137.Final.jar:4.1.137.Final]
	at io.netty.handler.codec.ByteToMessageDecoder.fireChannelRead(ByteToMessageDecoder.java:361) [netty-codec-4.1.137.Final.jar:4.1.137.Final]
	at io.netty.handler.codec.ByteToMessageDecoder.channelRead(ByteToMessageDecoder.java:325) [netty-codec-4.1.137.Final.jar:4.1.137.Final]
	at io.netty.channel.AbstractChannelHandlerContext.invokeChannelRead(AbstractChannelHandlerContext.java:444) [netty-transport-4.1.137.Final.jar:4.1.137.Final]
	at io.netty.channel.AbstractChannelHandlerContext.invokeChannelRead(AbstractChannelHandlerContext.java:420) [netty-transport-4.1.137.Final.jar:4.1.137.Final]
	at io.netty.channel.AbstractChannelHandlerContext.fireChannelRead(AbstractChannelHandlerContext.java:412) [netty-transport-4.1.137.Final.jar:4.1.137.Final]
	at io.netty.channel.DefaultChannelPipeline$HeadContext.channelRead(DefaultChannelPipeline.java:1357) [netty-transport-4.1.137.Final.jar:4.1.137.Final]
	at io.netty.channel.AbstractChannelHandlerContext.invokeChannelRead(AbstractChannelHandlerContext.java:440) [netty-transport-4.1.137.Final.jar:4.1.137.Final]
	at io.netty.channel.AbstractChannelHandlerContext.invokeChannelRead(AbstractChannelHandlerContext.java:420) [netty-transport-4.1.137.Final.jar:4.1.137.Final]
	at io.netty.channel.DefaultChannelPipeline.fireChannelRead(DefaultChannelPipeline.java:868) [netty-transport-4.1.137.Final.jar:4.1.137.Final]
	at io.netty.channel.nio.AbstractNioByteChannel$NioByteUnsafe.read(AbstractNioByteChannel.java:171) [netty-transport-4.1.137.Final.jar:4.1.137.Final]
	at io.netty.channel.nio.NioEventLoop.processSelectedKey(NioEventLoop.java:796) [netty-transport-4.1.137.Final.jar:4.1.137.Final]
	at io.netty.channel.nio.NioEventLoop.processSelectedKeysOptimized(NioEventLoop.java:732) [netty-transport-4.1.137.Final.jar:4.1.137.Final]
	at io.netty.channel.nio.NioEventLoop.processSelectedKeys(NioEventLoop.java:658) [netty-transport-4.1.137.Final.jar:4.1.137.Final]
	at io.netty.channel.nio.NioEventLoop.run(NioEventLoop.java:562) [netty-transport-4.1.137.Final.jar:4.1.137.Final]
	at io.netty.util.concurrent.SingleThreadEventExecutor$4.run(SingleThreadEventExecutor.java:1007) [netty-common-4.1.137.Final.jar:4.1.137.Final]
	at io.netty.util.internal.ThreadExecutorMap$2.run(ThreadExecutorMap.java:74) [netty-common-4.1.137.Final.jar:4.1.137.Final]
	at io.netty.util.concurrent.FastThreadLocalRunnable.run(FastThreadLocalRunnable.java:30) [netty-common-4.1.137.Final.jar:4.1.137.Final]
	at java.base/java.lang.Thread.run(Thread.java:840) [?:?]
2026-08-13 16:39:10.808 INFO  [Thread-0] Main - MiniDB shutting down
2026-08-13 16:39:17.094 INFO  [main] Main - MiniDB starting on port 8899 with data dir data
2026-08-13 16:39:18.136 INFO  [main] StorageManager - loaded 3 table(s)
2026-08-13 16:39:19.006 INFO  [main] MiniDbServer - MiniDB server bound to port 8899
2026-08-13 16:39:19.006 INFO  [main] Main - MiniDB listening on port 8899
2026-08-13 16:39:48.511 WARN  [nioEventLoopGroup-3-1] SessionHandler - query failed in 1245 ms: INSERT INTO employees (id, name, manager_id) VALUES
(1, '张总',   NULL),
(2, '李经理', 1),
(3, '王主管', 2),
(4, '赵员工', 3),
(5, '陈员工', 2)
org.apache.calcite.runtime.CalciteContextException: From line 1, column 13 to line 1, column 21: Object 'employees' not found
	at java.base/jdk.internal.reflect.NativeConstructorAccessorImpl.newInstance0(Native Method) ~[?:?]
	at java.base/jdk.internal.reflect.NativeConstructorAccessorImpl.newInstance(NativeConstructorAccessorImpl.java:77) ~[?:?]
	at java.base/jdk.internal.reflect.DelegatingConstructorAccessorImpl.newInstance(DelegatingConstructorAccessorImpl.java:45) ~[?:?]
	at java.base/java.lang.reflect.Constructor.newInstanceWithCaller(Constructor.java:500) ~[?:?]
	at java.base/java.lang.reflect.Constructor.newInstance(Constructor.java:481) ~[?:?]
	at org.apache.calcite.runtime.Resources$ExInstWithCause.ex(Resources.java:511) ~[calcite-core-1.42.0.jar:1.42.0]
	at org.apache.calcite.sql.SqlUtil.newContextException(SqlUtil.java:960) ~[calcite-core-1.42.0.jar:1.42.0]
	at org.apache.calcite.sql.SqlUtil.newContextException(SqlUtil.java:945) ~[calcite-core-1.42.0.jar:1.42.0]
	at org.apache.calcite.sql.validate.SqlValidatorImpl.newValidationError(SqlValidatorImpl.java:6376) ~[calcite-core-1.42.0.jar:1.42.0]
	at org.apache.calcite.sql.validate.IdentifierNamespace.resolveImpl(IdentifierNamespace.java:184) ~[calcite-core-1.42.0.jar:1.42.0]
	at org.apache.calcite.sql.validate.IdentifierNamespace.validateImpl(IdentifierNamespace.java:189) ~[calcite-core-1.42.0.jar:1.42.0]
	at org.apache.calcite.sql.validate.AbstractNamespace.validate(AbstractNamespace.java:96) ~[calcite-core-1.42.0.jar:1.42.0]
	at org.apache.calcite.sql.validate.SqlValidatorImpl.validateNamespace(SqlValidatorImpl.java:1491) ~[calcite-core-1.42.0.jar:1.42.0]
	at org.apache.calcite.sql.validate.SqlValidatorImpl.validateInsert(SqlValidatorImpl.java:5662) ~[calcite-core-1.42.0.jar:1.42.0]
	at org.apache.calcite.sql.SqlInsert.validate(SqlInsert.java:168) ~[calcite-core-1.42.0.jar:1.42.0]
	at org.apache.calcite.sql.validate.SqlValidatorImpl.validateScopedExpression(SqlValidatorImpl.java:1428) ~[calcite-core-1.42.0.jar:1.42.0]
	at org.apache.calcite.sql.validate.SqlValidatorImpl.validate(SqlValidatorImpl.java:1134) ~[calcite-core-1.42.0.jar:1.42.0]
	at com.minidb.server.calcite.CalciteContext.planInCluster(CalciteContext.java:88) ~[classes/:?]
	at com.minidb.server.plan.Planner.plan(Planner.java:51) ~[classes/:?]
	at com.minidb.server.exec.QueryExecutor.execute(QueryExecutor.java:99) ~[classes/:?]
	at com.minidb.server.netty.SessionHandler.handleExecute(SessionHandler.java:55) [classes/:?]
	at com.minidb.server.netty.SessionHandler.channelRead0(SessionHandler.java:37) [classes/:?]
	at com.minidb.server.netty.SessionHandler.channelRead0(SessionHandler.java:19) [classes/:?]
	at io.netty.channel.SimpleChannelInboundHandler.channelRead(SimpleChannelInboundHandler.java:99) [netty-transport-4.1.137.Final.jar:4.1.137.Final]
	at io.netty.channel.AbstractChannelHandlerContext.invokeChannelRead(AbstractChannelHandlerContext.java:444) [netty-transport-4.1.137.Final.jar:4.1.137.Final]
	at io.netty.channel.AbstractChannelHandlerContext.invokeChannelRead(AbstractChannelHandlerContext.java:420) [netty-transport-4.1.137.Final.jar:4.1.137.Final]
	at io.netty.channel.AbstractChannelHandlerContext.fireChannelRead(AbstractChannelHandlerContext.java:412) [netty-transport-4.1.137.Final.jar:4.1.137.Final]
	at io.netty.handler.codec.ByteToMessageDecoder.fireChannelRead(ByteToMessageDecoder.java:361) [netty-codec-4.1.137.Final.jar:4.1.137.Final]
	at io.netty.handler.codec.ByteToMessageDecoder.channelRead(ByteToMessageDecoder.java:325) [netty-codec-4.1.137.Final.jar:4.1.137.Final]
	at io.netty.channel.AbstractChannelHandlerContext.invokeChannelRead(AbstractChannelHandlerContext.java:444) [netty-transport-4.1.137.Final.jar:4.1.137.Final]
	at io.netty.channel.AbstractChannelHandlerContext.invokeChannelRead(AbstractChannelHandlerContext.java:420) [netty-transport-4.1.137.Final.jar:4.1.137.Final]
	at io.netty.channel.AbstractChannelHandlerContext.fireChannelRead(AbstractChannelHandlerContext.java:412) [netty-transport-4.1.137.Final.jar:4.1.137.Final]
	at io.netty.channel.DefaultChannelPipeline$HeadContext.channelRead(DefaultChannelPipeline.java:1357) [netty-transport-4.1.137.Final.jar:4.1.137.Final]
	at io.netty.channel.AbstractChannelHandlerContext.invokeChannelRead(AbstractChannelHandlerContext.java:440) [netty-transport-4.1.137.Final.jar:4.1.137.Final]
	at io.netty.channel.AbstractChannelHandlerContext.invokeChannelRead(AbstractChannelHandlerContext.java:420) [netty-transport-4.1.137.Final.jar:4.1.137.Final]
	at io.netty.channel.DefaultChannelPipeline.fireChannelRead(DefaultChannelPipeline.java:868) [netty-transport-4.1.137.Final.jar:4.1.137.Final]
	at io.netty.channel.nio.AbstractNioByteChannel$NioByteUnsafe.read(AbstractNioByteChannel.java:171) [netty-transport-4.1.137.Final.jar:4.1.137.Final]
	at io.netty.channel.nio.NioEventLoop.processSelectedKey(NioEventLoop.java:796) [netty-transport-4.1.137.Final.jar:4.1.137.Final]
	at io.netty.channel.nio.NioEventLoop.processSelectedKeysOptimized(NioEventLoop.java:732) [netty-transport-4.1.137.Final.jar:4.1.137.Final]
	at io.netty.channel.nio.NioEventLoop.processSelectedKeys(NioEventLoop.java:658) [netty-transport-4.1.137.Final.jar:4.1.137.Final]
	at io.netty.channel.nio.NioEventLoop.run(NioEventLoop.java:562) [netty-transport-4.1.137.Final.jar:4.1.137.Final]
	at io.netty.util.concurrent.SingleThreadEventExecutor$4.run(SingleThreadEventExecutor.java:1007) [netty-common-4.1.137.Final.jar:4.1.137.Final]
	at io.netty.util.internal.ThreadExecutorMap$2.run(ThreadExecutorMap.java:74) [netty-common-4.1.137.Final.jar:4.1.137.Final]
	at io.netty.util.concurrent.FastThreadLocalRunnable.run(FastThreadLocalRunnable.java:30) [netty-common-4.1.137.Final.jar:4.1.137.Final]
	at java.base/java.lang.Thread.run(Thread.java:840) [?:?]
Caused by: org.apache.calcite.sql.validate.SqlValidatorException: Object 'employees' not found
	at java.base/jdk.internal.reflect.NativeConstructorAccessorImpl.newInstance0(Native Method) ~[?:?]
	at java.base/jdk.internal.reflect.NativeConstructorAccessorImpl.newInstance(NativeConstructorAccessorImpl.java:77) ~[?:?]
	at java.base/jdk.internal.reflect.DelegatingConstructorAccessorImpl.newInstance(DelegatingConstructorAccessorImpl.java:45) ~[?:?]
	at java.base/java.lang.reflect.Constructor.newInstanceWithCaller(Constructor.java:500) ~[?:?]
	at java.base/java.lang.reflect.Constructor.newInstance(Constructor.java:481) ~[?:?]
	at org.apache.calcite.runtime.Resources$ExInstWithCause.ex(Resources.java:511) ~[calcite-core-1.42.0.jar:1.42.0]
	at org.apache.calcite.runtime.Resources$ExInst.ex(Resources.java:605) ~[calcite-core-1.42.0.jar:1.42.0]
	... 39 more
2026-08-13 16:39:57.150 INFO  [nioEventLoopGroup-3-1] SessionHandler - query ok: 0 rows affected in 17 ms
2026-08-13 16:40:02.402 INFO  [nioEventLoopGroup-3-1] SessionHandler - query ok: 5 rows affected in 1231 ms
2026-08-13 16:40:24.994 INFO  [nioEventLoopGroup-3-1] SessionHandler - query ok: 5 rows returned in 1596 ms
2026-08-13 16:44:56.277 INFO  [nioEventLoopGroup-3-1] SessionHandler - query ok: 5 rows returned in 31 ms
2026-08-13 16:57:45.197 INFO  [nioEventLoopGroup-3-1] SessionHandler - query ok: 0 rows affected in 4 ms
2026-08-13 16:57:59.177 WARN  [nioEventLoopGroup-3-1] SessionHandler - query failed in 4760 ms: CREATE TABLE employees (
    id         INT PRIMARY KEY,
    name       VARCHAR(50) NOT NULL,
    department VARCHAR(50) NOT NULL,
    salary     INT NOT NULL
)
java.lang.IllegalArgumentException: Encountered "PRIMARY" at line 2, column 20.
Was expecting one of:
    "ARRAY" ...
    "AS" ...
    "DEFAULT" ...
    "GENERATED" ...
    "MULTISET" ...
    "NOT" ...
    "NULL" ...
    "UNSIGNED" ...
    ")" ...
    "," ...
    
	at com.minidb.server.calcite.CalciteContext.parse(CalciteContext.java:60) ~[classes/:?]
	at com.minidb.server.exec.QueryExecutor.execute(QueryExecutor.java:83) ~[classes/:?]
	at com.minidb.server.netty.SessionHandler.handleExecute(SessionHandler.java:55) [classes/:?]
	at com.minidb.server.netty.SessionHandler.channelRead0(SessionHandler.java:37) [classes/:?]
	at com.minidb.server.netty.SessionHandler.channelRead0(SessionHandler.java:19) [classes/:?]
	at io.netty.channel.SimpleChannelInboundHandler.channelRead(SimpleChannelInboundHandler.java:99) [netty-transport-4.1.137.Final.jar:4.1.137.Final]
	at io.netty.channel.AbstractChannelHandlerContext.invokeChannelRead(AbstractChannelHandlerContext.java:444) [netty-transport-4.1.137.Final.jar:4.1.137.Final]
	at io.netty.channel.AbstractChannelHandlerContext.invokeChannelRead(AbstractChannelHandlerContext.java:420) [netty-transport-4.1.137.Final.jar:4.1.137.Final]
	at io.netty.channel.AbstractChannelHandlerContext.fireChannelRead(AbstractChannelHandlerContext.java:412) [netty-transport-4.1.137.Final.jar:4.1.137.Final]
	at io.netty.handler.codec.ByteToMessageDecoder.fireChannelRead(ByteToMessageDecoder.java:361) [netty-codec-4.1.137.Final.jar:4.1.137.Final]
	at io.netty.handler.codec.ByteToMessageDecoder.channelRead(ByteToMessageDecoder.java:325) [netty-codec-4.1.137.Final.jar:4.1.137.Final]
	at io.netty.channel.AbstractChannelHandlerContext.invokeChannelRead(AbstractChannelHandlerContext.java:444) [netty-transport-4.1.137.Final.jar:4.1.137.Final]
	at io.netty.channel.AbstractChannelHandlerContext.invokeChannelRead(AbstractChannelHandlerContext.java:420) [netty-transport-4.1.137.Final.jar:4.1.137.Final]
	at io.netty.channel.AbstractChannelHandlerContext.fireChannelRead(AbstractChannelHandlerContext.java:412) [netty-transport-4.1.137.Final.jar:4.1.137.Final]
	at io.netty.channel.DefaultChannelPipeline$HeadContext.channelRead(DefaultChannelPipeline.java:1357) [netty-transport-4.1.137.Final.jar:4.1.137.Final]
	at io.netty.channel.AbstractChannelHandlerContext.invokeChannelRead(AbstractChannelHandlerContext.java:440) [netty-transport-4.1.137.Final.jar:4.1.137.Final]
	at io.netty.channel.AbstractChannelHandlerContext.invokeChannelRead(AbstractChannelHandlerContext.java:420) [netty-transport-4.1.137.Final.jar:4.1.137.Final]
	at io.netty.channel.DefaultChannelPipeline.fireChannelRead(DefaultChannelPipeline.java:868) [netty-transport-4.1.137.Final.jar:4.1.137.Final]
	at io.netty.channel.nio.AbstractNioByteChannel$NioByteUnsafe.read(AbstractNioByteChannel.java:171) [netty-transport-4.1.137.Final.jar:4.1.137.Final]
	at io.netty.channel.nio.NioEventLoop.processSelectedKey(NioEventLoop.java:796) [netty-transport-4.1.137.Final.jar:4.1.137.Final]
	at io.netty.channel.nio.NioEventLoop.processSelectedKeysOptimized(NioEventLoop.java:732) [netty-transport-4.1.137.Final.jar:4.1.137.Final]
	at io.netty.channel.nio.NioEventLoop.processSelectedKeys(NioEventLoop.java:658) [netty-transport-4.1.137.Final.jar:4.1.137.Final]
	at io.netty.channel.nio.NioEventLoop.run(NioEventLoop.java:562) [netty-transport-4.1.137.Final.jar:4.1.137.Final]
	at io.netty.util.concurrent.SingleThreadEventExecutor$4.run(SingleThreadEventExecutor.java:1007) [netty-common-4.1.137.Final.jar:4.1.137.Final]
	at io.netty.util.internal.ThreadExecutorMap$2.run(ThreadExecutorMap.java:74) [netty-common-4.1.137.Final.jar:4.1.137.Final]
	at io.netty.util.concurrent.FastThreadLocalRunnable.run(FastThreadLocalRunnable.java:30) [netty-common-4.1.137.Final.jar:4.1.137.Final]
	at java.base/java.lang.Thread.run(Thread.java:840) [?:?]
Caused by: org.apache.calcite.sql.parser.SqlParseException: Encountered "PRIMARY" at line 2, column 20.
Was expecting one of:
    "ARRAY" ...
    "AS" ...
    "DEFAULT" ...
    "GENERATED" ...
    "MULTISET" ...
    "NOT" ...
    "NULL" ...
    "UNSIGNED" ...
    ")" ...
    "," ...
    
	at org.apache.calcite.sql.parser.ddl.SqlDdlParserImpl.convertException(SqlDdlParserImpl.java:438) ~[calcite-server-1.42.0.jar:1.42.0]
	at org.apache.calcite.sql.parser.ddl.SqlDdlParserImpl.normalizeException(SqlDdlParserImpl.java:184) ~[calcite-server-1.42.0.jar:1.42.0]
	at org.apache.calcite.sql.parser.SqlParser.handleException(SqlParser.java:159) ~[calcite-core-1.42.0.jar:1.42.0]
	at org.apache.calcite.sql.parser.SqlParser.parseQuery(SqlParser.java:174) ~[calcite-core-1.42.0.jar:1.42.0]
	at org.apache.calcite.sql.parser.SqlParser.parseStmt(SqlParser.java:199) ~[calcite-core-1.42.0.jar:1.42.0]
	at com.minidb.server.calcite.CalciteContext.parse(CalciteContext.java:58) ~[classes/:?]
	... 26 more
Caused by: org.apache.calcite.sql.parser.ddl.ParseException: Encountered "PRIMARY" at line 2, column 20.
Was expecting one of:
    "ARRAY" ...
    "AS" ...
    "DEFAULT" ...
    "GENERATED" ...
    "MULTISET" ...
    "NOT" ...
    "NULL" ...
    "UNSIGNED" ...
    ")" ...
    "," ...
    
	at org.apache.calcite.sql.parser.ddl.SqlDdlParserImpl.generateParseException(SqlDdlParserImpl.java:36879) ~[calcite-server-1.42.0.jar:1.42.0]
	at org.apache.calcite.sql.parser.ddl.SqlDdlParserImpl.jj_consume_token(SqlDdlParserImpl.java:36687) ~[calcite-server-1.42.0.jar:1.42.0]
	at org.apache.calcite.sql.parser.ddl.SqlDdlParserImpl.TableElementList(SqlDdlParserImpl.java:1769) ~[calcite-server-1.42.0.jar:1.42.0]
	at org.apache.calcite.sql.parser.ddl.SqlDdlParserImpl.SqlCreateTable(SqlDdlParserImpl.java:3077) ~[calcite-server-1.42.0.jar:1.42.0]
	at org.apache.calcite.sql.parser.ddl.SqlDdlParserImpl.SqlCreate(SqlDdlParserImpl.java:15081) ~[calcite-server-1.42.0.jar:1.42.0]
	at org.apache.calcite.sql.parser.ddl.SqlDdlParserImpl.SqlStmt(SqlDdlParserImpl.java:1228) ~[calcite-server-1.42.0.jar:1.42.0]
	at org.apache.calcite.sql.parser.ddl.SqlDdlParserImpl.SqlStmtEof(SqlDdlParserImpl.java:1279) ~[calcite-server-1.42.0.jar:1.42.0]
	at org.apache.calcite.sql.parser.ddl.SqlDdlParserImpl.parseSqlStmtEof(SqlDdlParserImpl.java:232) ~[calcite-server-1.42.0.jar:1.42.0]
	at org.apache.calcite.sql.parser.SqlParser.parseQuery(SqlParser.java:172) ~[calcite-core-1.42.0.jar:1.42.0]
	at org.apache.calcite.sql.parser.SqlParser.parseStmt(SqlParser.java:199) ~[calcite-core-1.42.0.jar:1.42.0]
	at com.minidb.server.calcite.CalciteContext.parse(CalciteContext.java:58) ~[classes/:?]
	... 26 more
2026-08-13 16:58:10.685 INFO  [nioEventLoopGroup-3-1] SessionHandler - query ok: 0 rows affected in 0 ms
2026-08-13 16:58:40.952 INFO  [nioEventLoopGroup-3-1] SessionHandler - query ok: 8 rows affected in 24 ms
2026-08-13 16:58:47.470 INFO  [nioEventLoopGroup-3-1] SessionHandler - query ok: 6 rows returned in 197 ms
2026-08-13 17:00:53.374 INFO  [nioEventLoopGroup-3-1] SessionHandler - query ok: 7 rows returned in 28 ms
2026-08-13 17:01:16.509 INFO  [nioEventLoopGroup-3-1] SessionHandler - query ok: 3 rows returned in 18 ms
